StockCode,Description,UnitPrice,Nouns,Category,PriceSegment
10002,INFLATABLE POLITICAL GLOBE,0.85,"['political', 'globe']",Educational Supplies,Budget
10080,GROOVY CACTUS INFLATABLE,0.39,"['groovy', 'cactus', 'inflatable']",Other,Budget
10120,DOGGY RUBBER,0.21,"['doggy', 'rubber']",Toys,Budget
10123C,HEARTS WRAPPING TAPE,0.65,"['hearts', 'wrapping', 'tape']",Stationery,Budget
10124A,SPOTS ON RED BOOKCOVER TAPE,0.42,"['spots', 'red', 'bookcover', 'tape']",Stationery,Budget
10124G,ARMY CAMO BOOKCOVER TAPE,0.42,"['army', 'camo', 'bookcover', 'tape']",Stationery,Budget
10125,MINI FUNKY DESIGN TAPES,0.85,"['mini', 'funky', 'design', 'tape']",Stationery,Budget
10133,COLOURING PENCILS BROWN TUBE,0.42,"['pencils', 'brown', 'tube']",Stationery,Budget
10135,COLOURING PENCILS BROWN TUBE,1.25,"['pencils', 'brown', 'tube']",Stationery,Standard
11001,ASSTD DESIGN RACING CAR PEN,1.69,"['asstd', 'design', 'racing', 'car', 'pen']",Stationery,Standard
15030,FAN BLACK FRAME,0.29,"['fan', 'black', 'frame']",Home Decor,Budget
15034,PAPER POCKET TRAVELING FAN,0.14,"['paper', 'pocket', 'fan']",Stationery,Budget
15036,ASSORTED COLOURS SILK FAN,0.83,"['assorted', 'colours', 'fan']",Other,Budget
15039,SANDALWOOD FAN,0.85,"['sandalwood', 'fan']",Other,Budget
15044A,PINK PAPER PARASOL,2.95,"['pink', 'paper', 'parasol']",Stationery,Premium
15044B,BLUE PAPER PARASOL,2.95,"['blue', 'paper', 'parasol']",Stationery,Premium
15044C,PURPLE PAPER PARASOL,2.95,"['paper', 'parasol']",Stationery,Premium
15044D,RED PAPER PARASOL,2.95,"['paper', 'parasol']",Stationery,Premium
15056BL,EDWARDIAN PARASOL BLACK,5.95,"['edwardian', 'parasol', 'black']",Other,Luxury
15056N,EDWARDIAN PARASOL NATURAL,5.95,"['edwardian', 'parasol', 'natural']",Other,Luxury
15056P,EDWARDIAN PARASOL PINK,5.95,"['edwardian', 'parasol', 'pink']",Other,Luxury
15058A,BLUE POLKADOT GARDEN PARASOL,7.95,"['garden', 'parasol']",Garden,Luxury
15058B,PINK POLKADOT GARDEN PARASOL,7.95,"['garden', 'parasol']",Garden,Luxury
15058C,ICE CREAM DESIGN GARDEN PARASOL,7.95,"['ice', 'cream', 'design', 'garden', 'parasol']",Home Decor,Luxury
15060B,FAIRY CAKE DESIGN UMBRELLA,3.75,"['fairy', 'cake', 'design', 'umbrella']",Home Decor,Premium
16008,SMALL FOLDING SCISSOR(POINTED EDGE),0.12,"['small', 'folding', 'edge']",Other,Budget
16010,FOLDING CAMPING SCISSOR W/KNIF & S,0.12,"['camping', 'scissor', 'w', 'knif', 's']",Other,Budget
16011,ANIMAL STICKERS,0.21,"['animal', 'sticker']",Stationery,Budget
16012,FOOD/DRINK SPONGE STICKERS,0.21,"['food', 'drink', 'sponge', 'sticker']",Stationery,Budget
16014,SMALL CHINESE STYLE SCISSOR,0.42,"['small', 'chinese', 'style']",Other,Budget
16015,MEDIUM CHINESE STYLE SCISSOR,0.5,"['medium', 'chinese', 'style']",Other,Budget
16016,LARGE CHINESE STYLE SCISSOR,0.85,['style'],Other,Budget
16020C,CLEAR STATIONERY BOX SET,0.85,"['clear', 'stationery', 'box', 'set']",Other,Budget
16033,MINI HIGHLIGHTER PENS,0.12,"['mini', 'pen']",Stationery,Budget
16043,POP ART PUSH DOWN RUBBER,0.12,"['pop', 'art', 'rubber']",Toys,Budget
16045,POPART WOODEN PENCILS ASST,0.04,"['popart', 'pencils', 'asst']",Stationery,Budget
16046,TEATIME PEN CASE & PENS,0.85,"['teatime', 'pen', 'case']",Stationery,Budget
16048,TEATIME ROUND PENCIL SHARPENER,0.12,"['teatime', 'round', 'pencil', 'sharpener']",Stationery,Budget
16049,TEATIME GEL PENS ASST,0.12,"['teatime', 'gel', 'pens', 'asst']",Stationery,Budget
16052,TEATIME PUSH DOWN RUBBER,0.305,"['teatime', 'rubber']",Toys,Budget
16054,POPART RECT PENCIL SHARPENER ASST,0.12,"['popart', 'rect', 'pencil', 'sharpener', 'asst']",Stationery,Budget
16151A,FLOWERS HANDBAG blue and orange,1.25,"['flower', 'handbag']",Garden,Standard
16156L,"WRAP, CAROUSEL",0.42,"['wrap', 'carousel']",Toys,Budget
16156S,WRAP PINK FAIRY CAKES,0.42,"['wrap', 'pink', 'fairy', 'cakes']",Food,Budget
16161G,WRAP BAD HAIR DAY,0.1,"['wrap', 'bad', 'hair', 'day']",Other,Budget
16161M,WRAP  PINK FLOCK,0.42,"['wrap', 'pink', 'flock']",Other,Budget
16161P,WRAP ENGLISH ROSE,0.42,"['wrap', 'english', 'rose']",Other,Budget
16161U,WRAP SUKI AND FRIENDS,0.42,"['wrap', 'suki', 'friend']",Other,Budget
16162L,THE KING GIFT BAG,0.65,"['king', 'gift', 'bag']",Bags,Budget
16162M,THE KING GIFT BAG 25x24x12cm,0.42,"['king', 'gift', 'bag', 'cm']",Bags,Budget
16168M,FUNKY MONKEY GIFT BAG MEDIUM,0.42,"['funky', 'monkey', 'gift', 'bag', 'medium']",Bags,Budget
16169E,WRAP 50'S  CHRISTMAS,0.42,"['wrap', 'christmas']",Christmas,Budget
16169K,WRAP FOLK ART,0.42,"['wrap', 'art']",Other,Budget
16169M,WRAP DAISY CARPET,0.42,"['wrap', 'daisy']",Toys,Budget
16169N,WRAP BLUE RUSSIAN FOLKART,0.42,"['wrap', 'blue', 'folkart']",Other,Budget
16169P,WRAP GREEN RUSSIAN FOLKART,0.42,"['wrap', 'folkart']",Other,Budget
16202A,PASTEL PINK PHOTO ALBUM,0.5,"['pastel', 'pink', 'photo', 'album']",Other,Budget
16202B,PASTEL BLUE PHOTO ALBUM,0.5,"['pastel', 'blue', 'photo', 'album']",Other,Budget
16202E,BLACK PHOTO ALBUM,0.5,"['black', 'photo', 'album']",Other,Budget
16206B,RED PURSE WITH PINK HEART,1.25,"['purse', 'heart']",Home Decor,Standard
16207A,PINK STRAWBERRY HANDBAG,2.95,"['pink', 'handbag']",Bags,Premium
16207B,PINK HEART RED HANDBAG,2.95,"['pink', 'heart', 'handbag']",Home Decor,Premium
16216,LETTER SHAPE PENCIL SHARPENER,0.06,"['letter', 'pencil', 'sharpener']",Stationery,Budget
16218,CARTOON  PENCIL SHARPENERS,0.06,"['cartoon', 'pencil', 'sharpener']",Stationery,Budget
16219,HOUSE SHAPE PENCIL SHARPENER,0.06,"['house', 'pencil', 'sharpener']",Stationery,Budget
16225,RATTLE SNAKE EGGS,1.25,"['rattle', 'snake', 'eggs']",Other,Standard
16235,RECYCLED PENCIL WITH RABBIT ERASER,0.21,"['pencil', 'rabbit', 'eraser']",Stationery,Budget
16236,KITTY PENCIL ERASERS,0.21,"['kitty', 'pencil', 'eraser']",Stationery,Budget
16237,SLEEPING CAT ERASERS,0.21,"['cat', 'eraser']",Stationery,Budget
16238,PARTY TIME PENCIL ERASERS,0.21,"['party', 'time', 'pencil', 'eraser']",Stationery,Budget
16244B,MAXWELL 2 TONE BLUE 60 PAGE PHOTO A,1.225,"['maxwell', 'tone', 'blue', 'page', 'photo']",Other,Standard
16248B,BLUE HOLE PUNCH,1.25,"['blue', 'hole', 'punch']",Other,Standard
16254,TRANSPARENT ACRYLIC TAPE DISPENSER,0.85,"['acrylic', 'tape', 'dispenser']",Stationery,Budget
16258A,SWIRLY CIRCULAR RUBBERS IN BAG,0.42,"['swirly', 'circular', 'rubber', 'bag']",Toys,Budget
16259,PIECE OF CAMO STATIONERY SET,0.08,"['piece', 'camo', 'stationery', 'set']",Other,Budget
17001,HEAVENS SCENT FRAGRANCE OILS ASSTD,0.29,"['heavens', 'scent', 'fragrance', 'oils', 'asstd']",Other,Budget
17003,BROCADE RING PURSE,0.29,"['brocade', 'ring', 'purse']",Jewellery,Budget
17007B,S/3 POT POURI CUSHIONS BLUE COLOURS,2.1,"['pot', 'pouri', 'cushion', 'blue', 'colours']",Garden,Premium
17011F,ORIGAMI SANDLEWOOD INCENSE+FLOWER,0.65,"['origami', 'sandlewood']",Garden,Budget
17012A,ORIGAMI VANILLA INCENSE/CANDLE SET,0.85,"['origami', 'vanilla', 'incense', 'candle', 'set']",Home Decor,Budget
17012B,ORIGAMI JASMINE INCENSE/CANDLE SET,0.85,"['origami', 'jasmine', 'incense', 'candle', 'set']",Home Decor,Budget
17012C,ORIGAMI LAVENDER INCENSE/CANDL SET,0.85,"['origami', 'lavender', 'incense', 'candl', 'set']",Other,Budget
17012D,ORIGAMI ROSE INCENSE/CANDLE SET,0.85,"['origami', 'rose', 'incense', 'candle', 'set']",Home Decor,Budget
17012E,ORIGAMI OPIUM INCENSE/CANDLE SET,2.55,"['origami', 'opium', 'incense', 'candle', 'set']",Home Decor,Premium
17012F,ORIGAMI SANDLEWOOD INCENSE/CAND SET,0.85,"['origami', 'sandlewood', 'incense', 'cand', 'set']",Other,Budget
17013D,ORIGAMI ROSE INCENSE IN TUBE,0.42,"['origami', 'rose', 'incense', 'tube']",Other,Budget
17014A,ORIGAMI VANILLA INCENSE CONES,0.42,"['origami', 'vanilla', 'incense', 'cones']",Other,Budget
17021,NAMASTE SWAGAT INCENSE,0.3,"['namaste', 'swagat', 'incense']",Other,Budget
17028J,INCENSE BAZAAR PEACH,0.42,"['incense', 'bazaar', 'peach']",Other,Budget
17038,PORCELAIN BUDAH INCENSE HOLDER,0.1,"['porcelain', 'budah', 'incense', 'holder']",Home Decor,Budget
17084A,TRANQUILITY MASALA INCENSE,0.21,"['tranquility', 'masala', 'incense']",Other,Budget
17084J,LOVE POTION MASALA INCENSE,0.21,"['love', 'potion', 'masala', 'incense']",Garden,Budget
17084N,FAIRY DREAMS INCENSE,0.21,"['fairy', 'dreams', 'incense']",Other,Budget
17084P,DRAGONS BLOOD INCENSE,0.21,"['dragons', 'blood', 'incense']",Other,Budget
17084R,ASSORTED INCENSE PACK,0.21,"['assorted', 'incense', 'pack']",Other,Budget
17090A,LAVENDER INCENSE 40 CONES IN TIN,1.25,"['incense', 'cones', 'tin']",Kitchen,Standard
17090D,VANILLA INCENSE 40 CONES IN TIN,1.25,"['vanilla', 'incense', 'cones', 'tin']",Kitchen,Standard
17091A,LAVENDER INCENSE IN TIN,0.38,"['incense', 'tin']",Kitchen,Budget
17091J,VANILLA INCENSE IN TIN,0.38,"['vanilla', 'incense', 'tin']",Kitchen,Budget
17096,ASSORTED LAQUERED INCENSE HOLDERS,0.21,"['assorted', 'laquered', 'incense', 'holder']",Home Decor,Budget
17107D,"FLOWER FAIRY,5 SUMMER B'DRAW LINERS",2.55,"['flower', 'summer', 'liner']",Garden,Premium
17109D,FLOWER FAIRY INCENSE BOUQUET,0.38,"['flower', 'fairy', 'incense', 'bouquet']",Garden,Budget
17129F,BLUE GLASS GEMS IN BAG,0.85,"['glass', 'gems', 'bag']",Kitchen,Budget
17136A,BLUE STONES ON WIRE FOR CANDLE,0.08,"['blue', 'stones', 'wire', 'candle']",Home Decor,Budget
17164B,ASS COL SMALL SAND GECKO P'WEIGHT,0.42,"['ass', 'col', 'sand', 'gecko']",Other,Budget
17165D,ASS COL LARGE SAND FROG P'WEIGHT,1.05,"['ass', 'col', 'sand', 'frog']",Other,Standard
17174,ASSTD RASTA KEY-CHAINS,0.42,"['asstd', 'rasta', 'key', 'chain']",Other,Budget
17191A,ROSE FLOWER CANDLE+INCENSE 16X16CM,3.75,"['rose', 'flower']",Home Decor,Premium
18007,ESSENTIAL BALM 3.5g TIN IN ENVELOPE,0.18,"['essential', 'balm', 'g', 'tin', 'envelope']",Kitchen,Budget
18094C,WHITE AND BLUE CERAMIC OIL BURNER,1.25,"['blue', 'ceramic', 'oil', 'burner']",Other,Standard
18097A,PINK TALL PORCELAIN T-LIGHT HOLDER,2.55,"['porcelain', 't', 'light', 'holder']",Home Decor,Premium
18097C,WHITE TALL PORCELAIN T-LIGHT HOLDER,2.55,"['white', 'tall', 'porcelain', 't', 'light', 'holder']",Home Decor,Premium
18098C,PORCELAIN BUTTERFLY OIL BURNER,2.95,"['porcelain', 'butterfly', 'oil', 'burner']",Other,Premium
20615,BLUE POLKADOT PASSPORT COVER,0.75,"['passport', 'cover']",Other,Budget
20616,CHERRY BLOSSOM PASSPORT COVER,0.75,"['cherry', 'passport', 'cover']",Other,Budget
20617,FIRST CLASS PASSPORT COVER,2.1,"['class', 'passport', 'cover']",Other,Premium
20618,QUEEN OF THE SKIES PASSPORT COVER,2.1,"['sky', 'passport', 'cover']",Other,Premium
20619,TROPICAL PASSPORT COVER,2.1,"['tropical', 'passport', 'cover']",Other,Premium
20622,VIPPASSPORT COVER,2.1,"['vippassport', 'cover']",Other,Premium
20652,BLUE POLKADOT LUGGAGE TAG,1.25,['tag'],Other,Standard
20653,CHERRY BLOSSOM LUGGAGE TAG,1.25,"['cherry', 'luggage', 'tag']",Other,Standard
20654,FIRST CLASS LUGGAGE TAG,1.25,"['class', 'luggage', 'tag']",Other,Standard
20655,QUEEN OF SKIES LUGGAGE TAG,1.25,"['skies', 'luggage', 'tag']",Other,Standard
20657,TROPICAL LUGGAGE TAG,1.25,"['tropical', 'luggage', 'tag']",Other,Standard
20658,RED RETROSPOT LUGGAGE TAG,1.25,"['red', 'retrospot', 'luggage', 'tag']",Garden,Standard
20659,ECONOMY LUGGAGE TAG,1.25,"['economy', 'luggage', 'tag']",Other,Standard
20661,BLUE POLKADOT PURSE,5.79,[],Bags,Luxury
20662,FIRST CLASS HOLIDAY PURSE,2.95,"['class', 'holiday', 'purse']",Bags,Premium
20663,QUEEN OF THE SKIES HOLIDAY PURSE,2.95,"['skies', 'holiday', 'purse']",Bags,Premium
20664,TROPICAL HOLIDAY PURSE,2.95,"['tropical', 'holiday', 'purse']",Bags,Premium
20665,RED RETROSPOT PURSE,2.95,"['red', 'retrospot', 'purse']",Garden,Premium
20666,ECONOMY HOLIDAY PURSE,2.95,"['economy', 'holiday']",Bags,Premium
20667,CHERRY BLOSSOM PURSE,2.95,['cherry'],Bags,Premium
20668,DISCO BALL CHRISTMAS DECORATION,0.12,"['disco', 'ball', 'christmas', 'decoration']",Home Decor,Budget
20669,RED HEART LUGGAGE TAG,1.25,"['heart', 'luggage', 'tag']",Home Decor,Standard
20670,VIP HOLIDAY PURSE,2.95,"['vip', 'holiday', 'purse']",Bags,Premium
20671,BLUE TEATIME PRINT BOWL,1.25,"['blue', 'teatime', 'print', 'bowl']",Kitchen,Standard
20674,GREEN POLKADOT BOWL,1.25,['bowl'],Kitchen,Standard
20675,BLUE POLKADOT BOWL,1.25,['bowl'],Kitchen,Standard
20676,RED RETROSPOT BOWL,1.25,"['red', 'retrospot', 'bowl']",Kitchen,Standard
20677,PINK POLKADOT BOWL,1.25,"['pink', 'bowl']",Kitchen,Standard
20678,LARGE BLACK DIAMANTE HAIRSLIDE,1.65,"['black', 'diamante', 'hairslide']",Other,Standard
20679,EDWARDIAN PARASOL RED,5.95,"['edwardian', 'parasol', 'red']",Other,Luxury
20681,PINK POLKADOT CHILDRENS UMBRELLA,3.25,"['pink', 'umbrella']",Other,Premium
20682,RED RETROSPOT CHILDRENS UMBRELLA,3.25,"['red', 'retrospot', 'childrens', 'umbrella']",Garden,Premium
20684,STRAWBERRY DREAM CHILDS UMBRELLA,3.25,"['dream', 'childs', 'umbrella']",Other,Premium
20685,DOORMAT RED RETROSPOT,7.95,"['doormat', 'red', 'retrospot']",Garden,Luxury
20686,DOLLY MIXTURE CHILDREN'S UMBRELLA,3.25,"['mixture', 'child', 'umbrella']",Toys,Premium
20694,FLORAL PINK MONSTER,3.75,"['floral', 'pink', 'monster']",Other,Premium
20695,FLORAL BLUE MONSTER,4.25,"['floral', 'blue', 'monster']",Other,Luxury
20696,FLORAL SOFT CAR TOY,3.75,"['floral', 'car', 'toy']",Toys,Premium
20697,LITTLE GREEN MONSTER SOFT TOY,2.55,"['little', 'monster', 'toy']",Toys,Premium
20698,LITTLE PINK MONSTER SOFT TOY,2.55,"['little', 'pink', 'monster', 'toy']",Toys,Premium
20699,MOUSEY LONG LEGS SOFT TOY,2.55,"['mousey', 'leg', 'toy']",Toys,Premium
20700,GREEN CAT FLORAL CUSHION COVER,3.75,"['cat', 'floral', 'cushion', 'cover']",Other,Premium
20701,PINK CAT FLORAL CUSHION COVER,3.75,"['pink', 'cat', 'floral', 'cushion', 'cover']",Other,Premium
20702,PINK PADDED MOBILE,4.25,"['pink', 'padded', 'mobile']",Other,Luxury
20703,BLUE PADDED SOFT MOBILE,4.25,"['blue', 'mobile']",Other,Luxury
20704,MR ROBOT SOFT TOY,6.95,"['mr', 'robot', 'toy']",Toys,Luxury
20705,MRS ROBOT SOFT TOY,6.95,"['mrs', 'robot', 'toy']",Toys,Luxury
20707,CRAZY DAISY HEART DECORATION,1.25,"['crazy', 'daisy', 'heart', 'decoration']",Home Decor,Standard
20711,JUMBO BAG TOYS,2.08,"['jumbo', 'bag', 'toys']",Toys,Premium
20712,JUMBO BAG WOODLAND ANIMALS,2.08,"['jumbo', 'bag', 'animal']",Toys,Premium
20713,JUMBO BAG OWLS,2.08,"['jumbo', 'bag', 'owls']",Bags,Premium
20716,PARTY FOOD SHOPPER BAG,1.25,"['party', 'food', 'shopper', 'bag']",Bags,Standard
20717,STRAWBERRY SHOPPER BAG,1.25,"['shopper', 'bag']",Bags,Standard
20718,RED RETROSPOT SHOPPER BAG,1.25,"['red', 'retrospot', 'shopper', 'bag']",Garden,Standard
20719,WOODLAND CHARLOTTE BAG,0.85,"['woodland', 'charlotte', 'bag']",Bags,Budget
20723,STRAWBERRY CHARLOTTE BAG,0.85,"['charlotte', 'bag']",Bags,Budget
20724,RED RETROSPOT CHARLOTTE BAG,0.85,"['red', 'retrospot', 'charlotte', 'bag']",Garden,Budget
20725,LUNCH BAG RED RETROSPOT,1.65,"['lunch', 'bag', 'red', 'retrospot']",Garden,Standard
20726,LUNCH BAG WOODLAND,1.65,"['lunch', 'bag', 'woodland']",Bags,Standard
20727,LUNCH BAG  BLACK SKULL.,1.65,"['lunch', 'bag', 'black', 'skull']",Bags,Standard
20728,LUNCH BAG CARS BLUE,1.65,"['lunch', 'bag', 'car']",Toys,Standard
20731,POSY CANDY BAG,1.25,"['posy', 'candy', 'bag']",Bags,Standard
20733,GOLD MINI TAPE MEASURE,0.85,"['gold', 'mini', 'tape', 'measure']",Stationery,Budget
20735,BLACK MINI TAPE MEASURE,0.85,"['black', 'mini', 'tape', 'measure']",Stationery,Budget
20748,KENSINGTON COFFEE SET,12.75,"['kensington', 'coffee', 'set']",Food,Luxury
20749,ASSORTED COLOUR MINI CASES,7.95,"['assorted', 'colour', 'mini', 'case']",Bags,Luxury
20750,RED RETROSPOT MINI CASES,7.95,"['red', 'retrospot', 'mini', 'case']",Garden,Luxury
20751,FUNKY WASHING UP GLOVES ASSORTED,2.1,"['funky', 'gloves']",Clothing,Premium
20752,BLUE POLKADOT WASHING UP GLOVES,2.1,['gloves'],Clothing,Premium
20754,RETROSPOT RED WASHING UP GLOVES,2.1,"['retrospot', 'red', 'washing', 'gloves']",Garden,Premium
20755,BLUE PAISLEY POCKET BOOK,0.85,"['blue', 'paisley', 'pocket', 'book']",Stationery,Budget
20756,GREEN FERN POCKET BOOK,0.85,"['fern', 'pocket', 'book']",Stationery,Budget
20757,RED DAISY POCKET BOOK,0.85,"['daisy', 'pocket', 'book']",Stationery,Budget
20758,ABSTRACT CIRCLES POCKET BOOK,0.85,"['circles', 'pocket', 'book']",Stationery,Budget
20759,CHRYSANTHEMUM POCKET BOOK,0.85,"['pocket', 'book']",Stationery,Budget
20760,GARDEN PATH POCKET BOOK,0.85,"['path', 'pocket', 'book']",Stationery,Budget
20761,BLUE PAISLEY SKETCHBOOK,3.75,"['blue', 'paisley', 'sketchbook']",Stationery,Premium
20762,GREEN FERN SKETCHBOOK,3.75,"['fern', 'sketchbook']",Stationery,Premium
20763,DAISY SKETCHBOOK,3.75,['daisy'],Stationery,Premium
20764,ABSTRACT CIRCLES SKETCHBOOK,3.75,"['abstract', 'circles', 'sketchbook']",Stationery,Premium
20765,CHRYSANTHEMUM SKETCHBOOK,3.75,['sketchbook'],Stationery,Premium
20766,GARDEN PATH SKETCHBOOK,3.75,"['garden', 'path', 'sketchbook']",Stationery,Premium
20767,BLUE PAISLEY JOURNAL,2.55,"['blue', 'paisley', 'journal']",Other,Premium
20768,GREEN FERN JOURNAL,2.55,"['fern', 'journal']",Other,Premium
20769,DAISY JOURNAL,2.55,"['daisy', 'journal']",Other,Premium
20770,ABSTRACT CIRCLE JOURNAL,2.55,"['abstract', 'circle', 'journal']",Other,Premium
20771,CHRYSANTHEMUM  JOURNAL,2.55,['journal'],Other,Premium
20772,GARDEN PATH JOURNAL,2.55,"['garden', 'path', 'journal']",Garden,Premium
20773,BLUE PAISLEY NOTEBOOK,1.65,"['blue', 'paisley', 'notebook']",Stationery,Standard
20774,GREEN FERN NOTEBOOK,1.65,"['fern', 'notebook']",Stationery,Standard
20775,DAISY NOTEBOOK,1.65,"['daisy', 'notebook']",Stationery,Standard
20777,CHRYSANTHEMUM NOTEBOOK,1.65,['notebook'],Stationery,Standard
20778,GARDEN PATH NOTEBOOK,1.65,"['path', 'notebook']",Stationery,Standard
20780,BLACK EAR MUFF HEADPHONES,5.49,"['black', 'ear', 'muff', 'headphones']",Electronics,Luxury
20781,GOLD EAR MUFF HEADPHONES,5.49,"['gold', 'ear', 'muff', 'headphones']",Electronics,Luxury
20782,CAMOUFLAGE EAR MUFF HEADPHONES,5.49,"['camouflage', 'ear', 'muff', 'headphones']",Electronics,Luxury
20785,FUSCHIA RETRO BAR STOOL,39.95,"['fuschia', 'bar', 'stool']",Other,Luxury
20793,BLUE TILED TRAY,6.75,"['blue', 'tray']",Kitchen,Luxury
20794,BLUE  TILE HOOK,2.55,"['blue', 'tile', 'hook']",Other,Premium
20795,LARGE BLUE PROVENCAL CERAMIC BALL,2.1,"['blue', 'provencal', 'ceramic', 'ball']",Toys,Premium
20796,SMALL BLUE PROVENCAL CERAMIC BALL,1.65,"['small', 'blue', 'provencal', 'ceramic', 'ball']",Toys,Standard
20798,CLEAR MILKSHAKE GLASS,2.1,"['clear', 'glass']",Kitchen,Premium
20801,LARGE PINK GLASS SUNDAE DISH,0.79,"['pink', 'glass', 'sundae', 'dish']",Kitchen,Budget
20802,SMALL GLASS SUNDAE DISH CLEAR,1.65,"['glass', 'sundae', 'dish', 'clear']",Kitchen,Standard
20803,SMALL PINK GLASS SUNDAE DISH,0.39,"['small', 'pink', 'glass', 'sundae', 'dish']",Kitchen,Budget
20816,GOLD FLOWER CUSHION COVER,1.95,"['gold', 'flower', 'cushion', 'cover']",Garden,Standard
20818,GOLD TEDDY BEAR,2.5,"['gold', 'teddy', 'bear']",Toys,Premium
20819,SILVER TEDDY BEAR,3.75,"['silver', 'teddy', 'bear']",Toys,Premium
20820,SILVER LOOKING MIRROR,4.95,['mirror'],Home Decor,Luxury
20821,GOLDIE LOOKING MIRROR,4.95,['mirror'],Home Decor,Luxury
20823,GOLD WINE GOBLET,0.79,"['gold', 'wine', 'goblet']",Other,Budget
20826,SILVER APERITIF GLASS,0.39,"['silver', 'aperitif', 'glass']",Kitchen,Budget
20827,GOLD APERITIF GLASS,0.39,"['gold', 'aperitif', 'glass']",Kitchen,Budget
20828,GLITTER BUTTERFLY CLIPS,2.55,"['glitter', 'butterfly', 'clip']",Stationery,Premium
20829,GLITTER HANGING BUTTERFLY STRING,2.1,"['butterfly', 'string']",Jewellery,Premium
20830,SILVER PHOTO FRAME,2.1,"['silver', 'photo', 'frame']",Home Decor,Premium
20831,GOLD PHOTO FRAME,2.1,"['gold', 'photo', 'frame']",Home Decor,Premium
20832,RED FLOCK LOVE HEART PHOTO FRAME,0.39,"['love', 'heart', 'photo', 'frame']",Home Decor,Budget
20835,FRENCH LATTICE CUSHION COVER,0.83,"['french', 'lattice', 'cushion', 'cover']",Other,Budget
20836,FRENCH PAISLEY CUSHION COVER,0.83,"['french', 'paisley', 'cushion', 'cover']",Other,Budget
20837,FRENCH FLORAL CUSHION COVER,0.83,"['french', 'floral', 'cushion', 'cover']",Other,Budget
20838,FRENCH LATTICE CUSHION COVER,0.85,"['french', 'lattice', 'cushion', 'cover']",Other,Budget
20839,FRENCH PAISLEY CUSHION COVER,0.85,"['french', 'paisley', 'cushion', 'cover']",Other,Budget
20840,FRENCH FLORAL CUSHION COVER,0.85,"['french', 'floral', 'cushion', 'cover']",Other,Budget
20845,ZINC HEART LATTICE 2 WALL PLANTER,6.35,"['zinc', 'heart', 'lattice', 'wall', 'planter']",Home Decor,Luxury
20846,ZINC HEART LATTICE T-LIGHT HOLDER,1.25,"['zinc', 'heart', 'lattice', 't', 'light', 'holder']",Home Decor,Standard
20847,ZINC HEART LATTICE CHARGER LARGE,3.75,"['zinc', 'heart', 'charger', 'large']",Home Decor,Premium
20848,ZINC HEART LATTICE CHARGER SMALL,2.95,"['zinc', 'heart', 'charger']",Home Decor,Premium
20851,ZINC HEART LATTICE TRAY OVAL,5.95,"['zinc', 'heart', 'tray', 'oval']",Home Decor,Luxury
20854,BLUE PATCH PURSE PINK HEART,1.65,"['blue', 'pink', 'heart']",Home Decor,Standard
20856,DENIM PATCH PURSE PINK BUTTERFLY,1.65,"['denim', 'patch', 'purse', 'pink', 'butterfly']",Bags,Standard
20857,BLUE ROSE PATCH PURSE PINK BUTTERFL,1.65,"['blue', 'rose', 'patch', 'purse', 'pink', 'butterfl']",Bags,Standard
20861,GOLD COSMETIC BAG PINK STAR,2.1,"['gold', 'cosmetic', 'bag', 'pink', 'star']",Bags,Premium
20866,BLUE ROSE FABRIC MIRROR,1.25,"['blue', 'rose', 'fabric', 'mirror']",Home Decor,Standard
20867,PINK ROSE FABRIC MIRROR,1.25,"['pink', 'rose', 'fabric', 'mirror']",Home Decor,Standard
20868,SILVER FABRIC MIRROR,0.39,"['silver', 'fabric', 'mirror']",Home Decor,Budget
20869,GOLD FABRIC MIRROR,0.39,"['gold', 'fabric', 'mirror']",Home Decor,Budget
20878,SET/9 CHRISTMAS T-LIGHTS SCENTED,1.25,"['christmas', 't', 'lights']",Home Decor,Standard
20886,BOX OF 9 PEBBLE CANDLES,1.95,"['box', 'pebble', 'candles']",Home Decor,Standard
20892,SET/3 TALL GLASS CANDLE HOLDER PINK,12.75,"['tall', 'glass', 'candle', 'holder', 'pink']",Home Decor,Luxury
20893,HANGING BAUBLE T-LIGHT HOLDER SMALL,2.55,"['hanging', 'bauble', 't', 'light', 'holder']",Home Decor,Premium
20894,HANGING BAUBLE T-LIGHT HOLDER LARGE,2.95,"['hanging', 'bauble', 't', 'light', 'holder']",Home Decor,Premium
20897,VINTAGE NOTEBOOK PARIS DAYS,2.95,"['vintage', 'notebook', 'paris', 'day']",Stationery,Premium
20898,VINTAGE NOTEBOOK TRAVELOGUE,2.95,"['vintage', 'notebook', 'travelogue']",Stationery,Premium
20901,VINTAGE KEEPSAKE BOX PINK FLOWER,6.35,"['vintage', 'keepsake', 'box', 'pink', 'flower']",Garden,Luxury
20902,VINTAGE KEEPSAKE BOX PARIS DAYS,6.35,"['vintage', 'keepsake', 'box', 'paris', 'day']",Other,Luxury
20903,VINTAGE KEEPSAKE BOX TRAVELOGUE,6.35,"['vintage', 'keepsake', 'box', 'travelogue']",Other,Luxury
20906,VINTAGE NOTEBOOK BEAUTY GIRL,2.95,"['vintage', 'notebook', 'girl']",Stationery,Premium
20910,VINTAGE PHOTO ALBUM PARIS DAYS,6.35,"['vintage', 'photo', 'album', 'paris', 'day']",Other,Luxury
20914,SET/5 RED RETROSPOT LID GLASS BOWLS,2.95,"['red', 'retrospot', 'lid', 'glass', 'bowls']",Kitchen,Premium
20931,BLUE POT PLANT CANDLE,2.95,"['blue', 'pot', 'plant', 'candle']",Home Decor,Premium
20932,PINK POT PLANT CANDLE,2.95,"['pink', 'pot', 'plant', 'candle']",Home Decor,Premium
20933,YELLOW POT PLANT CANDLE,2.95,"['yellow', 'pot', 'plant', 'candle']",Home Decor,Premium
20934,SET/3 POT PLANT CANDLES,5.45,"['pot', 'plant', 'candles']",Home Decor,Luxury
20935,ROUND CACTUS CANDLE,2.95,"['round', 'cactus', 'candle']",Home Decor,Premium
20936,FORKED CACTUS CANDLE,2.95,"['cactus', 'candle']",Home Decor,Premium
20941,FROG CANDLE,1.25,"['frog', 'candle']",Home Decor,Standard
20956,PORCELAIN T-LIGHT HOLDERS ASSORTED,1.25,"['porcelain', 't', 'light', 'holder']",Home Decor,Standard
20961,STRAWBERRY BATH SPONGE,1.25,"['bath', 'sponge']",Other,Standard
20963,APPLE BATH SPONGE,1.25,"['apple', 'bath', 'sponge']",Other,Standard
20964,POLYESTER FILLER PAD 60x40cm,2.55,"['polyester', 'pad', 'cm']",Other,Premium
20966,SANDWICH BATH SPONGE,1.25,"['sandwich', 'bath', 'sponge']",Other,Standard
20967,GREY FLORAL FELTCRAFT SHOULDER BAG,3.75,"['grey', 'floral', 'feltcraft', 'shoulder', 'bag']",Bags,Premium
20969,RED FLORAL FELTCRAFT SHOULDER BAG,3.75,"['red', 'floral', 'feltcraft', 'shoulder', 'bag']",Bags,Premium
20970,PINK FLORAL FELTCRAFT SHOULDER BAG,3.75,"['pink', 'floral', 'feltcraft', 'shoulder', 'bag']",Bags,Premium
20971,PINK BLUE FELT CRAFT TRINKET BOX,1.25,"['pink', 'blue', 'felt', 'craft', 'trinket', 'box']",Other,Standard
20972,PINK CREAM FELT CRAFT TRINKET BOX,1.25,"['pink', 'cream', 'felt', 'craft', 'trinket', 'box']",Beauty,Standard
20973,12 PENCIL SMALL TUBE WOODLAND,0.65,"['pencil', 'small', 'tube', 'woodland']",Stationery,Budget
20974,12 PENCILS SMALL TUBE SKULL,0.65,"['pencils', 'small', 'tube', 'skull']",Stationery,Budget
20975,12 PENCILS SMALL TUBE RED RETROSPOT,0.65,"['pencils', 'small', 'tube', 'red', 'retrospot']",Stationery,Budget
20977,36 PENCILS TUBE WOODLAND,1.25,"['pencil', 'tube', 'woodland']",Stationery,Standard
20978,36 PENCILS TUBE SKULLS,1.25,"['pencil', 'tube', 'skulls']",Stationery,Standard
20979,36 PENCILS TUBE RED RETROSPOT,1.25,"['pencil', 'tube', 'red', 'retrospot']",Stationery,Standard
20980,36 PENCILS TUBE POSY,1.25,"['pencil', 'tube', 'posy']",Stationery,Standard
20981,12 PENCILS TALL TUBE WOODLAND,0.85,"['pencil', 'tall', 'tube', 'woodland']",Stationery,Budget
20982,12 PENCILS TALL TUBE SKULLS,0.85,"['pencil', 'tall', 'tube', 'skulls']",Stationery,Budget
20983,12 PENCILS TALL TUBE RED RETROSPOT,0.85,"['pencil', 'tall', 'tube', 'red', 'retrospot']",Stationery,Budget
20984,12 PENCILS TALL TUBE POSY,0.29,"['pencil', 'tall', 'tube', 'posy']",Stationery,Budget
20985,HEART CALCULATOR,1.25,"['heart', 'calculator']",Home Decor,Standard
20986,BLUE CALCULATOR RULER,1.25,"['blue', 'calculator', 'ruler']",Stationery,Standard
20992,JAZZ HEARTS PURSE NOTEBOOK,0.39,"['jazz', 'hearts', 'notebook']",Stationery,Budget
20996,JAZZ HEARTS ADDRESS BOOK,0.19,"['jazz', 'hearts', 'address', 'book']",Stationery,Budget
20997,ROSE DU SUD CUSHION COVER,4.95,"['rose', 'du', 'sud', 'cushion', 'cover']",Other,Luxury
20998,ROSE DU SUD OVEN GLOVE,2.95,"['rose', 'du', 'sud', 'oven', 'glove']",Clothing,Premium
21000,ROSE DU SUD COSMETICS BAG,4.25,"['rose', 'du', 'sud', 'cosmetics', 'bag']",Bags,Luxury
21001,ROSE DU SUD WASHBAG,5.95,"['rose', 'du', 'sud', 'washbag']",Bags,Luxury
21002,ROSE DU SUD DRAWSTRING BAG,4.25,"['rose', 'du', 'sud', 'bag']",Jewellery,Luxury
21003,ROSE DU SUD CUSHION COVER,6.35,"['rose', 'du', 'sud', 'cushion', 'cover']",Other,Luxury
21011,GLITTER SNOW PEAR TREE DECORATION,1.45,"['glitter', 'snow', 'tree', 'decoration']",Home Decor,Standard
21012,ANTIQUE ALL GLASS CANDLESTICK,2.1,"['antique', 'glass', 'candlestick']",Home Decor,Premium
21014,SWISS CHALET TREE DECORATION,0.29,"['chalet', 'tree', 'decoration']",Home Decor,Budget
21015,DARK BIRD HOUSE TREE DECORATION,0.29,"['dark', 'bird', 'house', 'tree', 'decoration']",Home Decor,Budget
21018,BIRD BOX CHRISTMAS TREE DECORATION,0.85,"['bird', 'box', 'christmas', 'tree', 'decoration']",Home Decor,Budget
21025,SPACE FROG,1.25,"['space', 'frog']",Other,Standard
21026,SPACE OWL,1.25,"['space', 'owl']",Other,Standard
21027,NINJA RABBIT PINK,1.25,"['ninja', 'rabbit']",Other,Standard
21028,NINJA RABBIT BLACK,1.25,"['ninja', 'rabbit', 'black']",Other,Standard
21030,SPACE CADET RED,1.25,"['space', 'cadet', 'red']",Other,Standard
21031,SPACE CADET BLACK,1.25,"['space', 'cadet', 'black']",Other,Standard
21032,SPACE CADET WHITE,1.25,"['space', 'cadet', 'white']",Other,Standard
21033,JUMBO BAG CHARLIE AND LOLA TOYS,2.08,"['jumbo', 'bag', 'charlie', 'lola', 'toys']",Toys,Premium
21034,REX CASH+CARRY JUMBO SHOPPER,0.95,"['rex', 'jumbo', 'shopper']",Toys,Standard
21035,SET/2 RED RETROSPOT TEA TOWELS,3.25,"['red', 'retrospot', 'tea', 'towel']",Garden,Premium
21038,SET/4 MODERN VINTAGE COTTON NAPKINS,0.79,"['modern', 'vintage', 'cotton', 'napkin']",Other,Budget
21039,RED RETROSPOT SHOPPING BAG,2.55,"['red', 'retrospot', 'shopping', 'bag']",Garden,Premium
21040,MODERN VINTAGE COTTON SHOPPING BAG,1.67,"['modern', 'vintage', 'cotton', 'shopping', 'bag']",Bags,Standard
21041,RED RETROSPOT OVEN GLOVE DOUBLE,2.95,"['red', 'retrospot', 'oven', 'glove']",Garden,Premium
21042,RED RETROSPOT APRON,5.95,"['red', 'retrospot', 'apron']",Garden,Luxury
21043,APRON MODERN VINTAGE COTTON,1.95,"['vintage', 'cotton']",Other,Standard
21051,RIBBONS PURSE,2.1,"['ribbons', 'purse']",Bags,Premium
21054,NURSE'S BAG SOFT TOY,8.95,"['nurse', 'bag', 'toy']",Toys,Luxury
21055,TOOL BOX SOFT TOY,8.95,"['tool', 'box', 'toy']",Toys,Luxury
21056,DOCTOR'S BAG SOFT TOY,8.95,"['doctor', 'bag', 'toy']",Toys,Luxury
21058,PARTY INVITES WOODLAND,0.85,"['party', 'invites', 'woodland']",Party Supplies,Budget
21059,PARTY INVITES DINOSAURS,0.85,"['party', 'invites', 'dinosaurs']",Party Supplies,Budget
21060,PARTY INVITES BALLOON GIRL,0.85,"['party', 'balloon', 'girl']",Toys,Budget
21061,PARTY INVITES FOOTBALL,0.85,"['party', 'football']",Toys,Budget
21062,PARTY INVITES SPACEMAN,0.85,"['party', 'invites', 'spaceman']",Party Supplies,Budget
21063,PARTY INVITES JAZZ HEARTS,0.85,"['party', 'jazz', 'hearts']",Home Decor,Budget
21064,BOOM BOX SPEAKER BOYS,5.95,"['boom', 'box', 'speaker', 'boy']",Other,Luxury
21065,BOOM BOX SPEAKER GIRLS,5.95,"['boom', 'box', 'speaker', 'girl']",Other,Luxury
21066,VINTAGE RED MUG,1.25,"['vintage', 'mug']",Kitchen,Standard
21067,VINTAGE RED TEATIME MUG,1.25,"['vintage', 'red', 'teatime', 'mug']",Kitchen,Standard
21068,VINTAGE BILLBOARD LOVE/HATE MUG,1.25,"['vintage', 'billboard', 'love', 'hate', 'mug']",Kitchen,Standard
21069,VINTAGE BILLBOARD TEA MUG,1.25,"['vintage', 'billboard', 'tea', 'mug']",Kitchen,Standard
21070,VINTAGE BILLBOARD MUG,1.25,"['vintage', 'billboard', 'mug']",Kitchen,Standard
21071,VINTAGE BILLBOARD DRINK ME MUG,1.25,"['vintage', 'billboard', 'drink', 'mug']",Kitchen,Standard
21078,SET/20 STRAWBERRY PAPER NAPKINS,0.85,"['paper', 'napkin']",Stationery,Budget
21080,SET/20 RED RETROSPOT PAPER NAPKINS,0.85,"['retrospot', 'paper', 'napkin']",Stationery,Budget
21084,SET/6 COLLAGE PAPER CUPS,0.19,"['collage', 'paper', 'cups']",Stationery,Budget
21086,SET/6 RED SPOTTY PAPER CUPS,0.65,"['red', 'spotty', 'paper', 'cups']",Stationery,Budget
21087,SET/6 POSIES PAPER CUPS,0.65,"['paper', 'cups']",Stationery,Budget
21088,SET/6 FRUIT SALAD PAPER CUPS,0.19,"['fruit', 'salad', 'paper', 'cups']",Stationery,Budget
21089,SET/6 GREEN SPRING PAPER CUPS,0.19,"['green', 'spring', 'paper', 'cups']",Stationery,Budget
21090,SET/6 COLLAGE PAPER PLATES,0.39,"['collage', 'paper', 'plate']",Stationery,Budget
21094,SET/6 RED SPOTTY PAPER PLATES,0.85,"['red', 'spotty', 'paper', 'plate']",Stationery,Budget
21095,SET/6 POSIES PAPER PLATES,0.85,"['paper', 'plate']",Stationery,Budget
21096,SET/6 FRUIT SALAD  PAPER PLATES,0.39,"['fruit', 'salad', 'paper', 'plate']",Stationery,Budget
21098,CHRISTMAS TOILET ROLL,1.25,"['christmas', 'toilet', 'roll']",Christmas,Standard
21100,CHARLIE AND LOLA CHARLOTTE BAG,1.65,"['charlie', 'bag']",Bags,Standard
21106,CREAM SLICE FLANNEL CHOCOLATE SPOT,2.95,"['cream', 'slice', 'flannel', 'chocolate', 'spot']",Garden,Premium
21107,CREAM SLICE FLANNEL PINK SPOT,2.95,"['cream', 'flannel', 'pink', 'spot']",Garden,Premium
21108,FAIRY CAKE FLANNEL ASSORTED COLOUR,0.79,"['fairy', 'cake', 'flannel', 'colour']",Food,Budget
21109,"LARGE CAKE TOWEL, CHOCOLATE SPOTS",1.95,"['cake', 'towel', 'chocolate', 'spots']",Garden,Standard
21110,LARGE CAKE TOWEL PINK SPOTS,6.75,"['cake', 'towel', 'spots']",Garden,Luxury
21111,"SWISS ROLL TOWEL, CHOCOLATE  SPOTS",2.55,"['swiss', 'roll', 'towel', 'chocolate', 'spots']",Garden,Premium
21112,"SWISS ROLL TOWEL, PINK  SPOTS",2.95,"['swiss', 'roll', 'towel', 'pink', 'spots']",Garden,Premium
21114,LAVENDER SCENTED FABRIC HEART,1.25,"['fabric', 'heart']",Home Decor,Standard
21115,ROSE CARAVAN DOORSTOP,6.75,"['rose', 'caravan']",Toys,Luxury
21116,OWL DOORSTOP,4.95,"['owl', 'doorstop']",Other,Luxury
21117,BLOND DOLL DOORSTOP,1.25,['doll'],Toys,Standard
21121,SET/10 RED POLKADOT PARTY CANDLES,1.25,"['party', 'candle']",Home Decor,Standard
21122,SET/10 PINK POLKADOT PARTY CANDLES,1.25,"['pink', 'candle']",Home Decor,Standard
21123,SET/10 IVORY POLKADOT PARTY CANDLES,1.25,"['ivory', 'polkadot', 'party', 'candle']",Home Decor,Standard
21124,SET/10 BLUE POLKADOT PARTY CANDLES,1.25,"['party', 'candle']",Home Decor,Standard
21125,SET 6 FOOTBALL CELEBRATION CANDLES,1.25,"['set', 'football', 'celebration', 'candle']",Home Decor,Standard
21126,SET OF 6 GIRLS CELEBRATION CANDLES,1.25,"['girls', 'celebration', 'candle']",Home Decor,Standard
21128,GOLD FISHING GNOME,6.95,"['gold', 'fishing', 'gnome']",Other,Luxury
21129,SILVER FISHING GNOME,6.95,"['silver', 'fishing', 'gnome']",Other,Luxury
21131,GOLD STANDING GNOME,4.25,"['gold', 'standing', 'gnome']",Other,Luxury
21132,SILVER STANDING GNOME,4.25,"['silver', 'standing', 'gnome']",Other,Luxury
21135,VICTORIAN  METAL POSTCARD SPRING,1.69,"['metal', 'postcard', 'spring']",Stationery,Standard
21136,PAINTED METAL PEARS ASSORTED,1.69,"['metal', 'pear']",Other,Standard
21137,BLACK RECORD COVER FRAME,3.75,"['black', 'record', 'cover', 'frame']",Home Decor,Premium
21143,ANTIQUE GLASS HEART DECORATION,1.95,"['antique', 'glass', 'heart', 'decoration']",Home Decor,Standard
21145,ANTIQUE GLASS PLACE SETTING,1.25,"['antique', 'glass', 'place']",Kitchen,Standard
21147,JINGLE BELLS TREE DECORATION,2.2800000000000002,"['jingle', 'bells', 'tree', 'decoration']",Home Decor,Premium
21154,RED RETROSPOT OVEN GLOVE,1.25,"['red', 'retrospot', 'oven', 'glove']",Garden,Standard
21155,RED RETROSPOT PEG BAG,2.55,"['retrospot', 'peg', 'bag']",Garden,Premium
21156,RETROSPOT CHILDRENS APRON,1.95,"['retrospot', 'childrens', 'apron']",Garden,Standard
21157,RED RETROSPOT WASHBAG,2.1,"['red', 'retrospot', 'washbag']",Garden,Premium
21158,MOODY GIRL DOOR HANGER,0.39,"['moody', 'girl', 'door']",Other,Budget
21159,MOODY BOY  DOOR HANGER,0.39,"['moody', 'boy', 'door']",Other,Budget
21161,KEEP OUT BOYS DOOR HANGER,1.45,"['boy', 'door']",Other,Standard
21162,TOXIC AREA  DOOR HANGER,0.39,"['toxic', 'area', 'door']",Other,Budget
21163,DO NOT TOUCH MY STUFF DOOR HANGER,0.39,"['stuff', 'door']",Other,Budget
21164,HOME SWEET HOME METAL SIGN,2.95,"['home', 'sweet', 'metal']",Home Decor,Premium
21165,BEWARE OF THE CAT METAL SIGN,1.69,"['cat', 'metal']",Home Decor,Standard
21166,COOK WITH WINE METAL SIGN,2.08,"['cook', 'wine']",Home Decor,Premium
21167,WHITE SAGE INCENSE,0.21,"['white', 'sage', 'incense']",Other,Budget
21169,YOU'RE CONFUSING ME METAL SIGN,1.69,['metal'],Home Decor,Standard
21171,BATHROOM METAL SIGN,1.45,"['bathroom', 'metal']",Home Decor,Standard
21172,PARTY METAL SIGN,1.45,['party'],Home Decor,Standard
21174,POTTERING IN THE SHED METAL SIGN,2.08,"['shed', 'metal']",Home Decor,Premium
21175,GIN + TONIC DIET METAL SIGN,2.55,"['gin', 'tonic', 'diet', 'metal']",Home Decor,Premium
21179,NO JUNK MAIL METAL SIGN,0.39,"['junk', 'mail', 'metal']",Home Decor,Budget
21181,PLEASE ONE PERSON METAL SIGN,2.1,"['person', 'metal']",Home Decor,Premium
21187,WHITE BELL HONEYCOMB PAPER GARLAND,1.65,"['white', 'bell', 'paper', 'garland']",Stationery,Standard
21188,3D HEARTS  HONEYCOMB PAPER GARLAND,2.95,"['hearts', 'paper', 'garland']",Stationery,Premium
21189,WHITE HONEYCOMB PAPER GARLAND,1.65,"['white', 'paper', 'garland']",Stationery,Standard
21190,PINK HEARTS PAPER GARLAND,1.65,"['hearts', 'paper', 'garland']",Stationery,Standard
21191,LARGE WHITE HONEYCOMB PAPER BELL,2.1,"['paper', 'bell']",Stationery,Premium
21192,WHITE BELL HONEYCOMB PAPER,1.65,"['white', 'bell', 'paper']",Stationery,Standard
21194,PINK  HONEYCOMB PAPER FAN,0.65,"['pink', 'paper', 'fan']",Stationery,Budget
21195,PINK  HONEYCOMB PAPER BALL,2.1,"['pink', 'paper', 'ball']",Stationery,Premium
21196,ROUND WHITE CONFETTI IN TUBE,1.65,"['round', 'white', 'confetti', 'tube']",Party Supplies,Standard
21197,MULTICOLOUR  CONFETTI IN TUBE,1.65,"['multicolour', 'confetti', 'tube']",Party Supplies,Standard
21198,WHITE HEART CONFETTI IN TUBE,1.65,"['white', 'heart', 'tube']",Home Decor,Standard
21199,PINK  HEART CONFETTI IN TUBE,1.65,"['pink', 'heart', 'confetti', 'tube']",Home Decor,Standard
21200,MULTICOLOUR HONEYCOMB PAPER GARLAND,1.65,"['multicolour', 'paper', 'garland']",Stationery,Standard
21201,TROPICAL  HONEYCOMB PAPER GARLAND,2.55,"['tropical', 'paper', 'garland']",Stationery,Premium
21202,DOLLY HONEYCOMB GARLAND,1.65,[],Toys,Standard
21204,DAISIES  HONEYCOMB GARLAND,1.65,"['daisies', 'garland']",Other,Standard
21205,MULTICOLOUR 3D BALLS GARLAND,2.55,"['multicolour', 'ball']",Toys,Premium
21206,STRAWBERRY HONEYCOMB  GARLAND,1.65,['garland'],Other,Standard
21207,SKULL AND CROSSBONES  GARLAND,1.65,"['skull', 'crossbones', 'garland']",Other,Standard
21208,PASTEL COLOUR HONEYCOMB FAN,0.39,"['pastel', 'colour', 'honeycomb', 'fan']",Other,Budget
21209,MULTICOLOUR HONEYCOMB FAN,0.39,"['multicolour', 'fan']",Other,Budget
21210,SET OF 72 RETROSPOT PAPER  DOILIES,1.45,"['retrospot', 'paper', 'doily']",Stationery,Standard
21211,SET OF 72 SKULL PAPER  DOILIES,1.45,"['skull', 'paper', 'doily']",Stationery,Standard
21212,PACK OF 72 RETROSPOT CAKE CASES,0.55,"['pack', 'retrospot', 'cake', 'case']",Garden,Budget
21213,PACK OF 72 SKULL CAKE CASES,0.55,"['pack', 'skull', 'cake', 'case']",Bags,Budget
21215,IVORY PAPER CUP CAKE CASES,0.55,"['ivory', 'paper', 'cup', 'cake', 'case']",Stationery,Budget
21216,"SET 3 RETROSPOT TEA,COFFEE,SUGAR",4.95,"['set', 'retrospot', 'tea', 'coffee', 'sugar']",Garden,Luxury
21217,RED RETROSPOT ROUND CAKE TINS,9.95,"['red', 'retrospot', 'round', 'cake', 'tin']",Kitchen,Luxury
21218,RED SPOTTY BISCUIT TIN,3.75,"['red', 'spotty', 'biscuit', 'tin']",Kitchen,Premium
21219,SET/4 BADGES BALLOON GIRL,1.25,"['badges', 'balloon', 'girl']",Toys,Standard
21220,SET/4 BADGES DOGS,1.25,"['badges', 'dog']",Other,Standard
21221,SET/4 BADGES CUTE CREATURES,1.25,"['badges', 'cute', 'creatures']",Other,Standard
21222,SET/4 BADGES BEETLES,1.25,"['badges', 'beetles']",Other,Standard
21224,SET/4 SKULL BADGES,1.25,"['skull', 'badges']",Other,Standard
21226,POCKET MIRROR WOODLAND,1.25,"['pocket', 'mirror', 'woodland']",Home Decor,Standard
21228,"POCKET MIRROR ""GLAMOROUS""",1.25,"['pocket', 'mirror', 'glamorous']",Home Decor,Standard
21231,SWEETHEART CERAMIC TRINKET BOX,1.25,"['sweetheart', 'ceramic', 'trinket', 'box']",Home Decor,Standard
21232,STRAWBERRY CERAMIC TRINKET BOX,1.25,"['ceramic', 'trinket', 'box']",Other,Standard
21238,RED RETROSPOT CUP,0.85,"['red', 'retrospot', 'cup']",Kitchen,Budget
21239,PINK  POLKADOT CUP,0.85,"['pink', 'cup']",Kitchen,Budget
21240,BLUE POLKADOT CUP,0.85,['cup'],Kitchen,Budget
21242,RED RETROSPOT PLATE,1.69,"['red', 'retrospot', 'plate']",Kitchen,Standard
21243,PINK  POLKADOT PLATE,1.69,"['pink', 'polkadot', 'plate']",Kitchen,Standard
21244,BLUE POLKADOT PLATE,1.69,['plate'],Kitchen,Standard
21245,GREEN POLKADOT PLATE,1.69,['plate'],Kitchen,Standard
21246,RED RETROSPOT BIG BOWL,4.95,"['red', 'retrospot', 'big', 'bowl']",Kitchen,Luxury
21248,DOOR HANGER  MUM + DADS ROOM,1.45,"['door', 'hanger', 'mum', 'dads', 'room']",Other,Standard
21249,WOODLAND  HEIGHT CHART STICKERS,2.95,"['woodland', 'height', 'chart', 'sticker']",Stationery,Premium
21250,SET OF SKULL WALL STICKERS,2.95,"['set', 'skull', 'wall', 'stickers']",Stationery,Premium
21251,DINOSAUR HEIGHT CHART STICKER SET,2.95,"['dinosaur', 'height', 'chart', 'sticker', 'set']",Stationery,Premium
21253,SET OF PICTURE FRAME  STICKERS,2.95,"['set', 'picture', 'frame', 'sticker']",Stationery,Premium
21257,VICTORIAN SEWING BOX MEDIUM,7.95,"['sewing', 'box', 'medium']",Other,Luxury
21258,VICTORIAN SEWING BOX LARGE,12.75,"['sewing', 'box', 'large']",Other,Luxury
21259,VICTORIAN SEWING BOX SMALL,5.95,"['sewing', 'box']",Other,Luxury
21260,FIRST AID TIN,3.25,"['aid', 'tin']",Kitchen,Premium
21261,GREEN GOOSE FEATHER CHRISTMAS TREE,2.95,"['goose', 'feather', 'christmas', 'tree']",Christmas,Premium
21262,WHITE GOOSE FEATHER CHRISTMAS TREE,2.95,"['white', 'goose', 'feather', 'christmas', 'tree']",Christmas,Premium
21263,GREEN GOOSE FEATHER TREE 60CM,1.95,"['goose', 'feather', 'tree']",Christmas,Standard
21264,WHITE GOOSE FEATHER TREE 60CM,1.95,"['white', 'goose', 'feather', 'tree']",Christmas,Standard
21265,PINK GOOSE FEATHER TREE 60CM,1.95,"['pink', 'goose', 'feather', 'tree']",Christmas,Standard
21268,VINTAGE BLUE TINSEL REEL,0.42,"['vintage', 'reel']",Kitchen,Budget
21269,ANTIQUE CREAM CUTLERY SHELF,8.5,"['antique', 'cream', 'cutlery', 'shelf']",Beauty,Luxury
21270,ANTIQUE CREAM CUTLERY CUPBOARD,12.75,"['antique', 'cream', 'cutlery', 'cupboard']",Kitchen,Luxury
21272,SALLE DE BAIN HOOK,1.25,"['de', 'bain', 'hook']",Other,Standard
21275,ZINC TOP  2 DOOR WOODEN SHELF,16.95,"['zinc', 'door', 'shelf']",Other,Luxury
21277,FRENCH STYLE EMBOSSED HEART CABINET,21.95,"['style', 'embossed', 'heart', 'cabinet']",Home Decor,Luxury
21278,VINTAGE KITCHEN PRINT PUDDINGS,2.55,"['vintage', 'kitchen', 'print', 'pudding']",Other,Premium
21279,VINTAGE KITCHEN PRINT FRUITS,2.55,"['vintage', 'kitchen', 'fruit']",Other,Premium
21280,VINTAGE KITCHEN PRINT VEGETABLES,2.55,"['vintage', 'kitchen', 'vegetable']",Other,Premium
21281,VINTAGE KITCHEN PRINT SEAFOOD,2.55,"['vintage', 'kitchen', 'print', 'seafood']",Food,Premium
21284,RETROSPOT CANDLE  SMALL,1.69,"['retrospot', 'candle', 'small']",Home Decor,Standard
21285,RETROSPOT CANDLE  MEDIUM,2.1,"['retrospot', 'candle', 'medium']",Home Decor,Premium
21286,RETROSPOT CANDLE  LARGE,0.59,"['retrospot', 'candle', 'large']",Home Decor,Budget
21287,SCENTED VELVET LOUNGE CANDLE,0.38,"['velvet', 'lounge', 'candle']",Home Decor,Budget
21288,STRIPEY CHOCOLATE NESTING BOXES,2.95,"['stripey', 'chocolate', 'nesting', 'boxes']",Kitchen,Premium
21289,LARGE STRIPES CHOCOLATE GIFT BAG,1.25,"['stripes', 'chocolate', 'gift', 'bag']",Bags,Standard
21291,SMALL POLKADOT CHOCOLATE GIFT BAG,0.85,"['chocolate', 'gift', 'bag']",Bags,Budget
21292,SMALL STRIPES CHOCOLATE GIFT BAG,0.85,"['small', 'stripes', 'chocolate', 'gift', 'bag']",Bags,Budget
21293,MIRRORED DOVE WALL DECORATION,2.1,"['mirrored', 'dove', 'wall', 'decoration']",Home Decor,Premium
21294,ETCHED GLASS COASTER,0.39,"['etched', 'glass', 'coaster']",Kitchen,Budget
21306,SET/4 DAISY MIRROR MAGNETS,0.29,"['daisy', 'mirror', 'magnets']",Home Decor,Budget
21307,SET/4 BUTTERFLY MIRROR MAGNETS,2.1,"['butterfly', 'mirror', 'magnets']",Home Decor,Premium
21310,CAPIZ CHANDELIER,29.95,"['capiz', 'chandelier']",Other,Luxury
21311,SET/4 BIRD MIRROR MAGNETS,0.29,"['bird', 'mirror', 'magnets']",Home Decor,Budget
21313,GLASS HEART T-LIGHT HOLDER,0.85,"['glass', 'heart', 't', 'light', 'holder']",Home Decor,Budget
21314,SMALL GLASS HEART TRINKET POT,2.1,"['glass', 'heart', 'trinket', 'pot']",Home Decor,Premium
21316,SMALL CHUNKY GLASS ROMAN  BOWL,0.79,"['small', 'chunky', 'glass', 'roman', 'bowl']",Kitchen,Budget
21317,GLASS SPHERE CANDLE STAND MEDIUM,5.45,"['glass', 'sphere', 'medium']",Home Decor,Luxury
21318,GLASS CHALICE BLUE SMALL,0.39,"['glass', 'chalice']",Kitchen,Budget
21319,GLASS CHALICE GREEN  SMALL,1.65,"['glass', 'chalice']",Kitchen,Standard
21320,GLASS CHALICE GREEN  LARGE,1.445,"['glass', 'chalice', 'large']",Kitchen,Standard
21324,HANGING MEDINA LANTERN SMALL,2.95,"['medina', 'lantern']",Home Decor,Premium
21326,AGED GLASS SILVER T-LIGHT HOLDER,0.65,"['aged', 'glass', 'silver', 't', 'light', 'holder']",Home Decor,Budget
21327,SKULLS WRITING SET,1.65,"['skull', 'set']",Kitchen,Standard
21328,BALLOONS  WRITING SET,1.65,"['balloons', 'set']",Kitchen,Standard
21329,DINOSAURS  WRITING SET,1.65,"['dinosaurs', 'set']",Kitchen,Standard
21331,MOROCCAN BEATEN METAL DISH LARGE,12.75,"['moroccan', 'beaten', 'large']",Other,Luxury
21332,MOROCCAN BEATEN METAL MIRROR,12.75,"['moroccan', 'beaten', 'metal', 'mirror']",Home Decor,Luxury
21333,CLASSIC WHITE FRAME,2.95,"['classic', 'white', 'frame']",Home Decor,Premium
21336,GOLD WASHBAG,2.95,"['gold', 'washbag']",Bags,Premium
21340,CLASSIC METAL BIRDCAGE PLANT HOLDER,12.75,"['classic', 'metal', 'birdcage', 'plant', 'holder']",Home Decor,Luxury
21344,MOROCCAN BEATEN METAL DISH,9.95,"['moroccan', 'beaten', 'metal']",Other,Luxury
21348,PINK SPOTS CHOCOLATE NESTING BOXES,2.95,"['spots', 'chocolate', 'nesting', 'boxes']",Kitchen,Premium
21349,IVY HEART WREATH,6.75,"['ivy', 'heart']",Home Decor,Luxury
21351,CINAMMON & ORANGE WREATH,6.75,"['cinammon', 'orange', 'wreath']",Other,Luxury
21352,EUCALYPTUS & PINECONE  WREATH,2.95,"['eucalyptus', 'pinecone', 'wreath']",Other,Premium
21354,TOAST ITS - BEST MUM,1.25,"['toast', 'best', 'mum']",Other,Standard
21355,TOAST ITS - I LOVE YOU,1.25,['toast'],Other,Standard
21356,TOAST ITS - FAIRY FLOWER,1.25,"['toast', 'fairy', 'flower']",Garden,Standard
21357,TOAST ITS - DINOSAUR,1.25,"['toast', 'dinosaur']",Other,Standard
21358,TOAST ITS - HAPPY BIRTHDAY,1.25,"['toast', 'happy', 'birthday']",Party Supplies,Standard
21359,RELAX LARGE WOOD LETTERS,3.95,"['wood', 'letter']",Other,Luxury
21360,JOY LARGE WOOD LETTERS,9.95,"['joy', 'wood', 'letter']",Other,Luxury
21361,LOVE LARGE WOOD LETTERS,12.75,"['love', 'wood', 'letter']",Other,Luxury
21363,HOME SMALL WOOD LETTERS,4.95,"['home', 'wood', 'letter']",Other,Luxury
21364,PEACE SMALL WOOD LETTERS,6.75,"['peace', 'wood', 'letter']",Other,Luxury
21365,MIRRORED WALL ART STARS,0.75,"['mirrored', 'wall', 'art', 'star']",Home Decor,Budget
21366,MIRRORED WALL ART PHOTO FRAMES,4.25,"['mirrored', 'wall', 'art', 'photo', 'frames']",Home Decor,Luxury
21367,MIRRORED WALL ART GENTS,0.75,"['mirrored', 'wall', 'art', 'gent']",Home Decor,Budget
21368,MIRRORED WALL ART LADIES,0.75,"['mirrored', 'wall', 'art', 'lady']",Home Decor,Budget
21369,MIRRORED WALL ART SPLODGES,1.25,"['mirrored', 'wall', 'art', 'splodges']",Home Decor,Standard
21370,MIRRORED WALL ART FOXY,1.65,"['mirrored', 'wall', 'art', 'foxy']",Home Decor,Standard
21371,MIRRORED WALL ART POPPIES,0.75,"['mirrored', 'wall', 'art', 'poppy']",Home Decor,Budget
21372,MIRRORED WALL ART TABLE LAMP,0.75,"['mirrored', 'wall', 'art', 'table', 'lamp']",Home Decor,Budget
21373,MIRRORED WALL ART SNOWFLAKES,0.75,"['mirrored', 'wall', 'art', 'snowflakes']",Home Decor,Budget
21374,MIRRORED WALL ART SKULLS,1.25,"['mirrored', 'wall', 'art', 'skulls']",Home Decor,Standard
21375,LARGE CAMPHOR WOOD FIELD MUSHROOM,5.45,"['camphor', 'wood', 'field', 'mushroom']",Other,Luxury
21376,LARGE  TALL CAMPHOR WOOD TOADSTOOL,5.45,"['tall', 'camphor', 'wood', 'toadstool']",Other,Luxury
21377,SMALL CAMPHOR WOOD FIELD  MUSHROOM,1.65,"['camphor', 'wood', 'field', 'mushroom']",Other,Standard
21378,SMALL TALL CAMPHOR WOOD TOADSTOOL,1.65,"['camphor', 'wood', 'toadstool']",Other,Standard
21379,CAMPHOR WOOD PORTOBELLO MUSHROOM,1.25,"['camphor', 'wood', 'portobello', 'mushroom']",Other,Standard
21380,WOODEN HAPPY BIRTHDAY GARLAND,2.95,"['wooden', 'happy', 'garland']",Party Supplies,Premium
21381,MINI WOODEN HAPPY BIRTHDAY GARLAND,1.69,"['happy', 'garland']",Party Supplies,Standard
21382,SET/4 SPRING FLOWER DECORATION,0.75,"['spring', 'flower', 'decoration']",Home Decor,Budget
21383,PACK OF 12 STICKY BUNNIES,0.65,"['pack', 'sticky', 'bunny']",Other,Budget
21385,IVORY HANGING DECORATION  HEART,0.85,"['ivory', 'hanging', 'decoration', 'heart']",Home Decor,Budget
21386,IVORY HANGING DECORATION  EGG,0.19,"['ivory', 'hanging', 'decoration', 'egg']",Home Decor,Budget
21389,IVORY HANGING DECORATION  BIRD,0.85,"['ivory', 'hanging', 'decoration', 'bird']",Home Decor,Budget
21390,FILIGRIS HEART WITH BUTTERFLY,1.25,"['filigris', 'heart', 'butterfly']",Home Decor,Standard
21391,FRENCH LAVENDER SCENT HEART,0.75,"['french', 'lavender', 'scent', 'heart']",Home Decor,Budget
21392,RED POLKADOT PUDDING BOWL,2.1,"['pudding', 'bowl']",Kitchen,Premium
21393,BLUE POLKADOT PUDDING BOWL,2.1,"['pudding', 'bowl']",Kitchen,Premium
21394,RED POLKADOT BEAKER,0.39,['beaker'],Other,Budget
21395,BLUE POLKADOT BEAKER,0.39,['beaker'],Other,Budget
21397,BLUE POLKADOT EGG CUP,0.39,"['egg', 'cup']",Kitchen,Budget
21398,RED POLKADOT COFFEE  MUG,0.39,"['coffee', 'mug']",Kitchen,Budget
21399,BLUE POLKADOT COFFEE MUG,0.39,"['coffee', 'mug']",Kitchen,Budget
21400,RED PUDDING SPOON,0.12,['pudding'],Kitchen,Budget
21401,BLUE PUDDING SPOON,0.12,"['blue', 'pudding']",Kitchen,Budget
21402,RED  EGG  SPOON,0.12,"['red', 'egg']",Kitchen,Budget
21403,BLUE EGG  SPOON,0.12,"['blue', 'egg']",Kitchen,Budget
21407,BROWN CHECK CAT DOORSTOP,4.25,"['brown', 'cat', 'doorstop']",Other,Luxury
21408,SPOTTY PINK DUCK DOORSTOP,4.25,"['spotty', 'duck', 'doorstop']",Garden,Luxury
21411,GINGHAM HEART  DOORSTOP RED,4.25,"['gingham', 'heart', 'red']",Home Decor,Luxury
21413,PERIWINKLE T-LIGHT HOLDER,1.25,"['periwinkle', 't', 'light', 'holder']",Home Decor,Standard
21414,SCALLOP SHELL SOAP DISH,2.1,"['shell', 'soap', 'dish']",Beauty,Premium
21415,CLAM SHELL SMALL,2.1,"['clam', 'shell', 'small']",Other,Premium
21416,CLAM SHELL LARGE,3.75,"['clam', 'shell', 'large']",Other,Premium
21417,COCKLE SHELL DISH,2.1,"['cockle', 'shell', 'dish']",Other,Premium
21418,STARFISH SOAP DISH,2.55,['dish'],Beauty,Premium
21420,OYSTER TRINKET BOX,3.25,"['trinket', 'box']",Other,Premium
21421,PORCELAIN ROSE LARGE,1.25,"['porcelain', 'rose', 'large']",Other,Standard
21422,PORCELAIN ROSE SMALL,0.85,"['porcelain', 'rose', 'small']",Other,Budget
21424,WOODLAND STORAGE BOX LARGE,2.95,"['woodland', 'storage', 'box', 'large']",Other,Premium
21425,SKULLS STORAGE BOX LARGE,2.95,"['skulls', 'storage', 'box', 'large']",Other,Premium
21426,WOODLAND STORAGE BOX SMALL,2.1,"['woodland', 'storage', 'box']",Other,Premium
21427,SKULLS STORAGE BOX SMALL,2.1,"['skulls', 'storage', 'box']",Other,Premium
21428,SET3 BOOK BOX GREEN GINGHAM FLOWER,4.25,"['book', 'gingham', 'flower']",Stationery,Luxury
21429,RED GINGHAM ROSE JEWELLERY BOX,1.95,"['gingham', 'rose', 'jewellery', 'box']",Jewellery,Standard
21430,SET/3 RED GINGHAM ROSE STORAGE BOX,3.75,"['red', 'gingham', 'rose', 'storage', 'box']",Other,Premium
21439,BASKET OF TOADSTOOLS,1.25,['toadstools'],Other,Standard
21441,BLUE BIRDHOUSE DECORATION,0.85,"['blue', 'birdhouse', 'decoration']",Home Decor,Budget
21442,GREEN BIRDHOUSE DECORATION,0.85,"['green', 'birdhouse', 'decoration']",Home Decor,Budget
21445,12 PINK ROSE PEG PLACE SETTINGS,1.25,"['pink', 'rose', 'peg', 'place', 'setting']",Kitchen,Standard
21446,12 RED ROSE PEG PLACE SETTINGS,1.25,"['rose', 'peg', 'place', 'setting']",Kitchen,Standard
21447,12 IVORY ROSE PEG PLACE SETTINGS,1.25,"['ivory', 'rose', 'peg', 'place', 'setting']",Kitchen,Standard
21448,12 DAISY PEGS IN WOOD BOX,1.65,"['daisy', 'peg', 'wood', 'box']",Other,Standard
21452,TOADSTOOL MONEY BOX,2.95,"['toadstool', 'money', 'box']",Other,Premium
21454,PAINTED PINK RABBIT,0.85,"['painted', 'pink', 'rabbit']",Other,Budget
21455,PAINTED YELLOW WOODEN DAISY,0.85,"['yellow', 'daisy']",Other,Budget
21456,2 PICTURE BOOK EGGS EASTER CHICKS,1.25,"['picture', 'book', 'eggs', 'easter', 'chick']",Stationery,Standard
21457,2 PICTURE BOOK EGGS EASTER DUCKS,1.25,"['picture', 'book', 'eggs', 'easter', 'duck']",Stationery,Standard
21458,2 PICTURE BOOK EGGS EASTER BUNNY,1.25,"['picture', 'book', 'eggs', 'easter', 'bunny']",Stationery,Standard
21459,YELLOW EASTER EGG HUNT START POST,1.95,"['yellow', 'easter', 'egg', 'hunt', 'post']",Other,Standard
21460,GREEN EASTER EGG HUNT START POST,1.95,"['easter', 'egg', 'hunt', 'post']",Other,Standard
21461,BLUE EASTER EGG HUNT START POST,1.95,"['blue', 'easter', 'egg', 'hunt', 'post']",Other,Standard
21462,"NURSERY A,B,C PAINTED LETTERS",6.75,"['nursery', 'b', 'c', 'letter']",Other,Luxury
21463,MIRRORED DISCO BALL,5.95,"['mirrored', 'disco', 'ball']",Home Decor,Luxury
21464,DISCO BALL ROTATOR BATTERY OPERATED,4.25,"['disco', 'ball', 'rotator', 'battery']",Toys,Luxury
21465,PINK FLOWER CROCHET FOOD COVER,3.75,"['pink', 'flower', 'crochet', 'food', 'cover']",Garden,Premium
21466,RED FLOWER CROCHET FOOD COVER,3.75,"['red', 'flower', 'crochet', 'food', 'cover']",Garden,Premium
21467,CHERRY CROCHET FOOD COVER,3.75,"['cherry', 'crochet', 'food', 'cover']",Food,Premium
21468,BUTTERFLY CROCHET FOOD COVER,3.75,"['butterfly', 'crochet', 'food', 'cover']",Food,Premium
21469,POLKA DOT RAFFIA FOOD COVER,3.75,"['polka', 'dot', 'raffia', 'food', 'cover']",Food,Premium
21470,FLOWER VINE RAFFIA FOOD COVER,3.75,"['flower', 'vine', 'raffia', 'food', 'cover']",Garden,Premium
21471,STRAWBERRY RAFFIA FOOD COVER,3.75,"['food', 'cover']",Food,Premium
21472,LADYBIRD + BEE RAFFIA FOOD COVER,3.75,"['ladybird', 'bee', 'raffia', 'food', 'cover']",Food,Premium
21473,SWEETHEART CREAM STEEL TABLE RECT,19.95,"['sweetheart', 'steel', 'table', 'rect']",Home Decor,Luxury
21476,STEEL SWEETHEART ROUND TABLE CREAM,14.95,"['sweetheart', 'round', 'table', 'cream']",Home Decor,Luxury
21479,WHITE SKULL HOT WATER BOTTLE,4.25,"['white', 'skull', 'hot', 'water', 'bottle']",Kitchen,Luxury
21481,FAWN BLUE HOT WATER BOTTLE,3.5700000000000003,"['fawn', 'water', 'bottle']",Kitchen,Premium
21484,CHICK GREY HOT WATER BOTTLE,4.25,"['chick', 'grey', 'hot', 'water', 'bottle']",Kitchen,Luxury
21485,RETROSPOT HEART HOT WATER BOTTLE,4.95,"['retrospot', 'heart', 'water', 'bottle']",Home Decor,Luxury
21486,PINK HEART DOTS HOT WATER BOTTLE,3.75,"['pink', 'heart', 'hot', 'water', 'bottle']",Home Decor,Premium
21488,RED WHITE SCARF  HOT WATER BOTTLE,3.95,"['red', 'white', 'scarf', 'hot', 'water', 'bottle']",Kitchen,Luxury
21494,ROTATING LEAVES T-LIGHT HOLDER,1.25,"['leaves', 't', 'light', 'holder']",Home Decor,Standard
21495,SKULLS AND CROSSBONES WRAP,0.42,"['skull', 'crossbones', 'wrap']",Other,Budget
21497,FANCY FONTS BIRTHDAY WRAP,0.42,"['font', 'wrap']",Party Supplies,Budget
21498,RED RETROSPOT WRAP,0.42,"['red', 'retrospot', 'wrap']",Garden,Budget
21499,BLUE POLKADOT WRAP,0.42,['wrap'],Other,Budget
21500,PINK POLKADOT WRAP,0.42,"['pink', 'wrap']",Other,Budget
21503,TOYBOX  WRAP,0.42,"['toybox', 'wrap']",Toys,Budget
21504,SKULLS GREETING CARD,0.42,"['skull', 'greeting']",Stationery,Budget
21506,"FANCY FONT BIRTHDAY CARD,",0.42,"['fancy', 'font', 'birthday', 'card']",Stationery,Budget
21507,"ELEPHANT, BIRTHDAY CARD,",0.42,"['elephant', 'birthday', 'card']",Stationery,Budget
21508,VINTAGE KID DOLLY CARD,0.42,"['vintage', 'kid']",Stationery,Budget
21509,COWBOYS AND INDIANS BIRTHDAY CARD,0.42,"['cowboys', 'indians', 'card']",Stationery,Budget
21518,BANK ACCOUNT  GREETING  CARD,0.42,"['bank', 'account', 'greeting', 'card']",Stationery,Budget
21519,GIN & TONIC DIET GREETING CARD,0.42,"['gin', 'tonic', 'diet', 'greeting']",Stationery,Budget
21520,BOOZE & WOMEN GREETING CARD,0.42,"['booze', 'women', 'greeting', 'card']",Stationery,Budget
21523,DOORMAT FANCY FONT HOME SWEET HOME,7.95,"['doormat', 'fancy', 'font', 'home', 'sweet']",Food,Luxury
21524,DOORMAT SPOTTY HOME SWEET HOME,7.95,"['doormat', 'spotty', 'home', 'sweet']",Garden,Luxury
21527,RED RETROSPOT TRADITIONAL TEAPOT,7.95,"['red', 'retrospot', 'traditional', 'teapot']",Kitchen,Luxury
21528,DAIRY MAID TRADITIONAL TEAPOT,6.95,"['dairy', 'maid', 'traditional', 'teapot']",Kitchen,Luxury
21530,DAIRY MAID TOASTRACK,0.79,"['dairy', 'maid', 'toastrack']",Other,Budget
21531,RED RETROSPOT SUGAR JAM BOWL,2.55,"['red', 'retrospot', 'sugar', 'jam', 'bowl']",Kitchen,Premium
21533,RETROSPOT LARGE MILK JUG,4.95,"['retrospot', 'milk', 'jug']",Kitchen,Luxury
21534,DAIRY MAID LARGE MILK JUG,4.95,"['dairy', 'milk', 'jug']",Kitchen,Luxury
21535,RED RETROSPOT SMALL MILK JUG,2.55,"['red', 'retrospot', 'milk', 'jug']",Kitchen,Premium
21537,RED RETROSPOT PUDDING BOWL,4.25,"['red', 'retrospot', 'pudding', 'bowl']",Kitchen,Luxury
21538,DAIRY MAID  PUDDING BOWL,3.75,"['dairy', 'pudding', 'bowl']",Kitchen,Premium
21539,RED RETROSPOT BUTTER DISH,4.95,"['red', 'retrospot', 'butter', 'dish']",Garden,Luxury
21544,SKULLS  WATER TRANSFER TATTOOS,0.85,"['skull', 'water', 'transfer', 'tattoos']",Other,Budget
21547,CERAMIC BIRDHOUSE CRESTED TIT SMALL,2.95,"['ceramic', 'birdhouse', 'tit']",Other,Premium
21555,CERAMIC STRAWBERRY TRINKET TRAY,2.55,"['ceramic', 'trinket', 'tray']",Kitchen,Premium
21556,CERAMIC STRAWBERRY MONEY BOX,2.55,"['ceramic', 'money', 'box']",Other,Premium
21557,SET OF 6 FUNKY BEAKERS,2.95,"['funky', 'beaker']",Other,Premium
21558,SKULL LUNCH BOX WITH CUTLERY,2.55,"['skull', 'lunch', 'box', 'cutlery']",Other,Premium
21559,STRAWBERRY LUNCH BOX WITH CUTLERY,2.55,"['lunch', 'box', 'cutlery']",Other,Premium
21561,DINOSAUR LUNCH BOX WITH CUTLERY,2.55,"['dinosaur', 'lunch', 'box', 'cutlery']",Other,Premium
21562,HAWAIIAN GRASS SKIRT,1.25,"['hawaiian', 'grass', 'skirt']",Clothing,Standard
21563,RED HEART SHAPE LOVE BUCKET,2.95,"['heart', 'love']",Home Decor,Premium
21564,PINK  HEART SHAPE LOVE BUCKET,2.95,"['pink', 'heart', 'love']",Home Decor,Premium
21576,LETS GO SHOPPING COTTON TOTE BAG,2.25,"['lets', 'shopping', 'cotton', 'tote']",Bags,Premium
21577,SAVE THE PLANET COTTON TOTE BAG,2.25,"['planet', 'cotton', 'tote']",Bags,Premium
21578,WOODLAND DESIGN  COTTON TOTE BAG,2.25,"['woodland', 'design', 'cotton', 'tote', 'bag']",Home Decor,Premium
21579,LOLITA  DESIGN  COTTON TOTE BAG,2.25,"['lolita', 'design', 'cotton', 'tote', 'bag']",Home Decor,Premium
21580,RABBIT  DESIGN  COTTON TOTE BAG,2.25,"['rabbit', 'design', 'cotton', 'tote', 'bag']",Home Decor,Premium
21581,SKULLS  DESIGN  COTTON TOTE BAG,2.25,"['skulls', 'cotton', 'tote', 'bag']",Home Decor,Premium
21584,RETROSPOT SMALL TUBE MATCHES,1.65,"['retrospot', 'small', 'tube', 'matches']",Garden,Standard
21586,KINGS CHOICE GIANT TUBE MATCHES,2.55,"['king', 'giant', 'tube', 'matches']",Other,Premium
21587,COSY HOUR GIANT TUBE MATCHES,2.55,"['cosy', 'hour', 'giant', 'tube', 'matches']",Other,Premium
21588,RETROSPOT GIANT TUBE MATCHES,2.55,"['retrospot', 'giant', 'tube', 'matches']",Garden,Premium
21591,COSY HOUR CIGAR BOX MATCHES,1.25,"['cosy', 'hour', 'cigar', 'box', 'matches']",Other,Standard
21592,RETROSPOT CIGAR BOX MATCHES,1.25,"['retrospot', 'cigar', 'box', 'matches']",Garden,Standard
21609,SET 12 LAVENDER  BOTANICAL T-LIGHTS,2.95,"['set', 'botanical', 't', 'lights']",Home Decor,Premium
21613,S/12 VANILLA  BOTANICAL T-LIGHTS,2.95,"['vanilla', 'botanical', 't', 'lights']",Home Decor,Premium
21614,SET OF 12 ROSE BOTANICAL T-LIGHTS,2.95,"['rose', 'botanical', 't', 'lights']",Home Decor,Premium
21615,4 LAVENDER BOTANICAL DINNER CANDLES,1.25,"['botanical', 'dinner', 'candles']",Home Decor,Standard
21616,4 PEAR BOTANICAL DINNER CANDLES,1.25,"['pear', 'botanical', 'dinner', 'candles']",Home Decor,Standard
21617,4 LILY  BOTANICAL DINNER CANDLES,1.25,"['lily', 'botanical', 'dinner', 'candles']",Home Decor,Standard
21618,4 WILDFLOWER BOTANICAL CANDLES,1.25,"['wildflower', 'botanical', 'candle']",Home Decor,Standard
21619,4 VANILLA BOTANICAL CANDLES,1.25,"['vanilla', 'botanical', 'candle']",Home Decor,Standard
21620,SET OF 4 ROSE BOTANICAL CANDLES,1.25,"['rose', 'botanical', 'candles']",Home Decor,Standard
21621,VINTAGE UNION JACK BUNTING,8.5,"['vintage', 'union', 'jack', 'bunting']",Kitchen,Luxury
21622,VINTAGE UNION JACK CUSHION COVER,4.95,"['vintage', 'union', 'jack', 'cushion', 'cover']",Other,Luxury
21623,VINTAGE UNION JACK MEMOBOARD,9.95,"['vintage', 'union', 'jack', 'memoboard']",Other,Luxury
21624,VINTAGE UNION JACK DOORSTOP,5.95,"['vintage', 'union', 'jack', 'doorstop']",Other,Luxury
21625,VINTAGE UNION JACK APRON,6.95,"['vintage', 'union', 'jack', 'apron']",Other,Luxury
21626,VINTAGE UNION JACK PENNANT,1.95,"['vintage', 'union', 'jack', 'pennant']",Stationery,Standard
21627,ELEPHANT CARNIVAL POUFFE,14.95,"['elephant', 'carnival', 'pouffe']",Toys,Luxury
21628,TRIANGULAR POUFFE VINTAGE,14.95,['vintage'],Other,Luxury
21629,SQUARE FLOOR CUSHION VINTAGE RED,7.95,"['square', 'floor', 'cushion', 'vintage', 'red']",Other,Luxury
21630,FLOOR CUSHION ELEPHANT CARNIVAL,8.95,"['floor', 'cushion', 'elephant', 'carnival']",Toys,Luxury
21631,HIPPY CHIC DECORATIVE PARASOL,3.95,"['hippy', 'chic', 'decorative', 'parasol']",Other,Luxury
21632,VINTAGE PINK DECORATIVE PARASOL,3.95,"['vintage', 'pink', 'decorative', 'parasol']",Other,Luxury
21633,SUNFLOWER DECORATIVE PARASOL,12.75,"['sunflower', 'decorative', 'parasol']",Garden,Luxury
21634,ASSORTED MINI MADRAS NOTEBOOK,0.39,"['assorted', 'mini', 'madras', 'notebook']",Stationery,Budget
21635,MADRAS NOTEBOOK LARGE,1.25,"['madras', 'notebook', 'large']",Stationery,Standard
21636,MADRAS NOTEBOOK MEDIUM,0.75,"['madras', 'notebook', 'medium']",Stationery,Budget
21637,ASSORTED SANSKRIT MINI NOTEBOOK,1.25,"['assorted', 'sanskrit', 'mini', 'notebook']",Stationery,Standard
21638,ASSORTED TUTTI FRUTTI NOTEBOOK,2.1,"['assorted', 'tutti', 'frutti', 'notebook']",Stationery,Premium
21640,ASSORTED TUTTI FRUTTI  FOB NOTEBOOK,0.85,"['assorted', 'tutti', 'frutti', 'fob', 'notebook']",Stationery,Budget
21641,ASSORTED TUTTI FRUTTI KEYRING BALL,0.29,"['assorted', 'tutti', 'frutti', 'keyring', 'ball']",Toys,Budget
21642,ASSORTED TUTTI FRUTTI PEN,0.29,"['assorted', 'tutti', 'frutti', 'pen']",Stationery,Budget
21643,ASSORTED TUTTI FRUTTI MIRROR,1.25,"['assorted', 'tutti', 'frutti', 'mirror']",Home Decor,Standard
21644,ASSORTED TUTTI FRUTTI HEART BOX,1.25,"['assorted', 'tutti', 'frutti', 'heart']",Home Decor,Standard
21647,ASSORTED TUTTI FRUTTI LARGE PURSE,2.1,"['assorted', 'tutti', 'frutti', 'large', 'purse']",Bags,Premium
21648,ASSORTED TUTTI FRUTTI SMALL PURSE,1.25,"['assorted', 'tutti', 'frutti', 'purse']",Bags,Standard
21650,ASSORTED TUTTI FRUTTI BRACELET,0.19,"['assorted', 'tutti', 'frutti', 'bracelet']",Jewellery,Budget
21651,HANGING GLASS ETCHED TEALIGHT,1.65,"['glass', 'etched', 'tealight']",Home Decor,Standard
21654,RIDGED GLASS FINGER BOWL,0.39,"['ridged', 'glass', 'finger', 'bowl']",Kitchen,Budget
21655,HANGING RIDGE GLASS T-LIGHT HOLDER,1.69,"['hanging', 'ridge', 'glass', 't', 'light', 'holder']",Home Decor,Standard
21656,RIDGED GLASS POSY VASE,1.45,"['ridged', 'glass', 'posy', 'vase']",Home Decor,Standard
21657,MILK BOTTLE WITH GLASS STOPPER,6.95,"['milk', 'bottle', 'glass', 'stopper']",Kitchen,Luxury
21658,GLASS  BEURRE DISH,3.95,"['glass', 'beurre', 'dish']",Kitchen,Luxury
21661,VINTAGE GLASS TEA CADDY,5.95,"['vintage', 'glass', 'tea', 'caddy']",Kitchen,Luxury
21662,VINTAGE GLASS COFFEE CADDY,5.95,"['vintage', 'glass', 'coffee', 'caddy']",Kitchen,Luxury
21664,RIDGED GLASS STORAGE JAR CREAM LID,3.75,"['ridged', 'glass', 'storage', 'jar', 'cream', 'lid']",Kitchen,Premium
21666,RIDGED GLASS T-LIGHT HOLDER,0.65,"['ridged', 'glass', 't', 'light', 'holder']",Home Decor,Budget
21667,GLASS CAKE COVER AND PLATE,14.95,"['glass', 'cake', 'cover', 'plate']",Kitchen,Luxury
21668,RED STRIPE CERAMIC DRAWER KNOB,1.25,"['stripe', 'ceramic', 'drawer', 'knob']",Other,Standard
21669,BLUE STRIPE CERAMIC DRAWER KNOB,1.25,"['stripe', 'ceramic', 'drawer', 'knob']",Other,Standard
21670,BLUE SPOT CERAMIC DRAWER KNOB,1.25,"['blue', 'spot', 'ceramic', 'drawer', 'knob']",Garden,Standard
21671,RED SPOT CERAMIC DRAWER KNOB,1.25,"['red', 'spot', 'ceramic', 'drawer', 'knob']",Garden,Standard
21672,WHITE SPOT RED CERAMIC DRAWER KNOB,1.25,"['white', 'spot', 'red', 'ceramic', 'drawer', 'knob']",Garden,Standard
21673,WHITE SPOT BLUE CERAMIC DRAWER KNOB,1.25,"['white', 'spot', 'blue', 'ceramic', 'drawer', 'knob']",Garden,Standard
21675,BUTTERFLIES STICKERS,0.85,"['butterfly', 'sticker']",Stationery,Budget
21676,FLOWERS  STICKERS,0.85,"['flower', 'sticker']",Stationery,Budget
21677,HEARTS  STICKERS,0.85,"['hearts', 'sticker']",Stationery,Budget
21678,PAISLEY PATTERN  STICKERS,0.85,"['paisley', 'pattern', 'sticker']",Stationery,Budget
21679,SKULLS  STICKERS,0.85,"['skull', 'sticker']",Stationery,Budget
21680,WOODLAND  STICKERS,0.85,"['woodland', 'sticker']",Stationery,Budget
21681,GIANT MEDINA STAMPED METAL BOWL,9.95,"['giant', 'medina', 'stamped', 'metal', 'bowl']",Kitchen,Luxury
21682,LARGE MEDINA STAMPED METAL BOWL,4.95,"['medina', 'stamped', 'metal', 'bowl']",Kitchen,Luxury
21683,MEDIUM MEDINA STAMPED METAL BOWL,2.95,"['medium', 'medina', 'stamped', 'metal', 'bowl']",Kitchen,Premium
21684,SMALL MEDINA STAMPED METAL BOWL,0.85,"['small', 'medina', 'stamped', 'metal', 'bowl']",Kitchen,Budget
21686,MEDINA STAMPED METAL STOOL,39.95,"['medina', 'stamped', 'metal', 'stool']",Other,Luxury
21688,SILVER PLATE CANDLE BOWL SMALL,2.95,"['plate', 'candle', 'bowl', 'small']",Home Decor,Premium
21689,SILVER VANILLA  FLOWER CANDLE POT,3.75,"['silver', 'vanilla', 'flower', 'candle', 'pot']",Home Decor,Premium
21690,SILVER  CANDLEPOT JARDIN,3.75,"['silver', 'candlepot', 'jardin']",Home Decor,Premium
21692,SILVER LATTICE VANILLA CANDLE POT,3.75,"['silver', 'lattice', 'vanilla', 'candle', 'pot']",Home Decor,Premium
21693,SMALL HAMMERED SILVER CANDLEPOT,2.95,"['small', 'silver', 'candlepot']",Home Decor,Premium
21694,SMALL REGAL  SILVER CANDLEPOT,2.95,"['small', 'regal', 'silver', 'candlepot']",Home Decor,Premium
21695,SMALL SILVER FLOWER CANDLE POT,2.95,"['small', 'silver', 'flower', 'candle', 'pot']",Home Decor,Premium
21696,SMALL SILVER TRELLIS CANDLEPOT,2.95,"['small', 'silver', 'trellis', 'candlepot']",Home Decor,Premium
21698,MOCK LOBSTER FRIDGE MAGNET,0.39,"['mock', 'lobster', 'fridge', 'magnet']",Other,Budget
21700,BIG DOUGHNUT FRIDGE MAGNETS,0.85,"['big', 'doughnut', 'fridge', 'magnets']",Other,Budget
21703,BAG 125g SWIRLY MARBLES,0.42,"['bag', 'g', 'swirly', 'marbles']",Bags,Budget
21704,BAG 250g SWIRLY MARBLES,0.85,"['bag', 'g', 'swirly', 'marbles']",Bags,Budget
21705,BAG 500g SWIRLY MARBLES,1.65,"['bag', 'g', 'swirly', 'marbles']",Bags,Standard
21706,FOLDING UMBRELLA RED/WHITE POLKADOT,4.95,"['umbrella', 'red', 'white']",Other,Luxury
21707,FOLDING UMBRELLA BLACKBLUE POLKADOT,4.95,"['umbrella', 'blackblue']",Other,Luxury
21708,FOLDING UMBRELLA CREAM POLKADOT,4.95,"['umbrella', 'cream']",Beauty,Luxury
21709,FOLDING UMBRELLA CHOCOLATE POLKADOT,4.95,"['umbrella', 'chocolate']",Food,Luxury
21710,FOLDING UMBRELLA PINKWHITE POLKADOT,4.95,"['umbrella', 'pinkwhite']",Other,Luxury
21711,FOLDING UMBRELLA WHITE/RED POLKADOT,4.95,"['umbrella', 'white', 'red']",Other,Luxury
21713,CITRONELLA CANDLE FLOWERPOT,2.1,"['citronella', 'candle', 'flowerpot']",Home Decor,Premium
21714,CITRONELLA CANDLE GARDEN POT,1.25,"['citronella', 'candle', 'garden', 'pot']",Home Decor,Standard
21715,GIRLS VINTAGE TIN SEASIDE BUCKET,2.55,"['girls', 'vintage', 'tin', 'seaside']",Kitchen,Premium
21716,BOYS VINTAGE TIN SEASIDE BUCKET,2.55,"['boys', 'vintage', 'tin', 'seaside']",Kitchen,Premium
21717,EASTER TIN BUCKET,2.55,"['easter', 'tin']",Kitchen,Premium
21718,RED METAL BEACH SPADE,1.25,"['metal', 'beach']",Other,Standard
21719,LOVELY BONBON STICKER SHEET,0.85,"['lovely', 'bonbon', 'sticker', 'sheet']",Stationery,Budget
21720,CAKE SHOP  STICKER SHEET,0.85,"['cake', 'shop', 'sticker', 'sheet']",Stationery,Budget
21721,CANDY SHOP  STICKER SHEET,0.85,"['candy', 'shop', 'sticker', 'sheet']",Stationery,Budget
21722,SWEET PUDDING STICKER SHEET,0.85,"['pudding', 'sheet']",Stationery,Budget
21723,ALPHABET HEARTS STICKER SHEET,0.85,"['alphabet', 'hearts', 'sheet']",Stationery,Budget
21724,PANDA AND BUNNIES STICKER SHEET,0.85,"['panda', 'bunny', 'sheet']",Stationery,Budget
21725,SWEETIES  STICKERS,0.85,"['sweeties', 'sticker']",Stationery,Budget
21726,MULTI HEARTS  STICKERS,0.85,"['hearts', 'sticker']",Stationery,Budget
21730,GLASS STAR FROSTED T-LIGHT HOLDER,4.95,"['glass', 'star', 'frosted', 't', 'light', 'holder']",Home Decor,Luxury
21731,RED TOADSTOOL LED NIGHT LIGHT,1.65,"['red', 'toadstool', 'night', 'light']",Home Decor,Standard
21733,RED HANGING HEART T-LIGHT HOLDER,2.95,"['hanging', 'heart', 't', 'light', 'holder']",Home Decor,Premium
21735,TWO DOOR CURIO CABINET,12.75,"['door', 'curio', 'cabinet']",Other,Luxury
21736,GOLD SCROLL GLASS T-LIGHT HOLDER,2.1,"['gold', 'scroll', 'glass', 't', 'light', 'holder']",Home Decor,Premium
21738,COSY SLIPPER SHOES SMALL  RED,2.95,"['cosy', 'slipper', 'shoes', 'small', 'red']",Other,Premium
21739,COSY SLIPPER SHOES SMALL GREEN,2.95,"['cosy', 'slipper', 'shoe', 'small', 'green']",Other,Premium
21741,COSY SLIPPER SHOES LARGE GREEN,2.95,"['cosy', 'slipper', 'shoe', 'large', 'green']",Other,Premium
21742,LARGE ROUND WICKER PLATTER,5.95,"['wicker', 'platter']",Other,Luxury
21743,STAR PORTABLE TABLE LIGHT,2.95,"['star', 'portable', 'table', 'light']",Home Decor,Premium
21744,SNOWFLAKE PORTABLE TABLE LIGHT,2.95,"['snowflake', 'portable', 'table', 'light']",Home Decor,Premium
21745,GAOLERS KEYS DECORATIVE GARDEN,3.75,"['gaoler', 'garden']",Garden,Premium
21746,SMALL RED RETROSPOT WINDMILL,1.25,"['small', 'red', 'retrospot', 'windmill']",Garden,Standard
21747,SMALL SKULL WINDMILL,1.25,"['small', 'skull', 'windmill']",Other,Standard
21749,LARGE RED RETROSPOT WINDMILL,2.1,"['red', 'retrospot', 'windmill']",Garden,Premium
21750,LARGE SKULL WINDMILL,2.1,"['skull', 'windmill']",Other,Premium
21754,HOME BUILDING BLOCK WORD,5.95,"['home', 'building', 'block', 'word']",Other,Luxury
21755,LOVE BUILDING BLOCK WORD,5.95,"['love', 'building', 'block', 'word']",Other,Luxury
21756,BATH BUILDING BLOCK WORD,5.95,"['bath', 'building', 'block', 'word']",Other,Luxury
21757,LIGHTHOUSE PRINTED METAL SIGN,4.95,"['lighthouse', 'printed', 'metal']",Home Decor,Luxury
21758,VINTAGE SHELLS PRINT,6.45,"['vintage', 'shells']",Other,Luxury
21761,WOOD AND GLASS MEDICINE CABINET,29.95,"['wood', 'glass', 'medicine', 'cabinet']",Kitchen,Luxury
21763,VINTAGE WOODEN BAR STOOL,29.95,"['vintage', 'bar', 'stool']",Other,Luxury
21769,VINTAGE POST OFFICE CABINET,66.36,"['vintage', 'post', 'office', 'cabinet']",Other,Luxury
21770,OPEN CLOSED METAL SIGN,4.95,"['closed', 'metal']",Stationery,Luxury
21773,DECORATIVE ROSE BATHROOM BOTTLE,1.25,"['decorative', 'rose', 'bathroom', 'bottle']",Kitchen,Standard
21774,DECORATIVE CATS BATHROOM BOTTLE,1.25,"['cat', 'bottle']",Kitchen,Standard
21775,DECORATIVE FLORE BATHROOM BOTTLE,1.25,"['decorative', 'bathroom', 'bottle']",Kitchen,Standard
21777,RECIPE BOX WITH METAL HEART,7.95,"['recipe', 'box', 'metal', 'heart']",Home Decor,Luxury
21781,MA CAMPAGNE CUTLERY BOX,14.95,"['ma', 'campagne', 'cutlery', 'box']",Other,Luxury
21784,SHOE SHINE BOX,9.95,"['shoe', 'shine', 'box']",Other,Luxury
21785,RAIN PONCHO,0.85,"['rain', 'poncho']",Other,Budget
21786,POLKADOT RAIN HAT,0.42,"['rain', 'hat']",Clothing,Budget
21787,RAIN PONCHO RETROSPOT,0.85,"['rain', 'poncho']",Garden,Budget
21788,KIDS RAIN MAC BLUE,0.85,"['kids', 'rain', 'mac', 'blue']",Other,Budget
21789,KIDS RAIN MAC PINK,0.85,"['kids', 'rain', 'mac', 'pink']",Other,Budget
21790,VINTAGE SNAP CARDS,0.85,"['vintage', 'snap', 'card']",Stationery,Budget
21791,VINTAGE HEADS AND TAILS CARD GAME,1.25,"['vintage', 'heads', 'tails', 'card', 'game']",Stationery,Standard
21792,CLASSIC FRENCH STYLE BASKET GREEN,3.95,"['classic', 'french', 'style', 'green']",Other,Luxury
21793,CLASSIC FRENCH STYLE BASKET BROWN,3.95,"['classic', 'french', 'style', 'brown']",Other,Luxury
21794,CLASSIC FRENCH STYLE BASKET NATURAL,3.95,"['classic', 'french', 'style', 'natural']",Other,Luxury
21801,CHRISTMAS TREE DECORATION WITH BELL,0.42,"['christmas', 'tree', 'decoration', 'bell']",Home Decor,Budget
21802,CHRISTMAS TREE HEART DECORATION,0.42,"['christmas', 'tree', 'heart', 'decoration']",Home Decor,Budget
21803,CHRISTMAS TREE STAR DECORATION,0.42,"['christmas', 'tree', 'star', 'decoration']",Home Decor,Budget
21804,WHITE CHRISTMAS GARLAND STARS TREES,3.75,"['white', 'christmas', 'garland', 'stars', 'trees']",Christmas,Premium
21807,WHITE CHRISTMAS STAR DECORATION,0.42,"['white', 'christmas', 'star', 'decoration']",Home Decor,Budget
21808,"CHRISTMAS GARLAND STARS,TREES",3.75,"['christmas', 'stars', 'trees']",Christmas,Premium
21809,CHRISTMAS HANGING TREE WITH BELL,0.39,"['christmas', 'tree', 'bell']",Christmas,Budget
21810,CHRISTMAS HANGING STAR WITH BELL,0.39,"['christmas', 'star', 'bell']",Christmas,Budget
21811,CHRISTMAS HANGING HEART WITH BELL,0.39,"['christmas', 'heart', 'bell']",Home Decor,Budget
21812,GARLAND WITH HEARTS AND BELLS,4.95,"['hearts', 'bell']",Home Decor,Luxury
21813,GARLAND WITH STARS AND BELLS,4.95,"['star', 'bell']",Other,Luxury
21814,HEART T-LIGHT HOLDER,1.45,"['heart', 't', 'light', 'holder']",Home Decor,Standard
21815,STAR  T-LIGHT HOLDER,1.45,"['star', 't', 'light', 'holder']",Home Decor,Standard
21816,CHRISTMAS TREE T-LIGHT HOLDER,1.45,"['christmas', 'tree', 't', 'light', 'holder']",Home Decor,Standard
21817,GLITTER CHRISTMAS TREE,0.39,"['christmas', 'tree']",Christmas,Budget
21818,GLITTER CHRISTMAS HEART,0.39,"['christmas', 'heart']",Home Decor,Budget
21819,GLITTER CHRISTMAS STAR,0.39,"['christmas', 'star']",Christmas,Budget
21820,GLITTER HEART GARLAND WITH BELLS,3.75,"['glitter', 'heart', 'bell']",Home Decor,Premium
21821,GLITTER STAR GARLAND WITH BELLS,3.75,"['glitter', 'star', 'bell']",Other,Premium
21822,GLITTER CHRISTMAS TREE WITH BELLS,0.79,"['christmas', 'tree', 'bell']",Christmas,Budget
21823,PAINTED METAL HEART WITH HOLLY BELL,0.39,"['metal', 'heart', 'holly', 'bell']",Home Decor,Budget
21824,PAINTED METAL STAR WITH HOLLY BELLS,0.39,"['metal', 'star', 'holly', 'bell']",Other,Budget
21826,EIGHT PIECE DINOSAUR SET,1.25,"['piece', 'dinosaur', 'set']",Other,Standard
21827,EIGHT PIECE CREEPY CRAWLIE SET,1.25,"['piece', 'creepy', 'crawlie', 'set']",Other,Standard
21828,EIGHT PIECE SNAKE  SET,1.25,"['piece', 'snake', 'set']",Other,Standard
21829,DINOSAUR KEYRINGS ASSORTED,0.21,"['dinosaur', 'keyring']",Jewellery,Budget
21830,ASSORTED CREEPY CRAWLIES,0.42,"['assorted', 'creepy', 'crawlie']",Other,Budget
21832,CHOCOLATE CALCULATOR,1.65,"['chocolate', 'calculator']",Food,Standard
21833,CAMOUFLAGE LED TORCH,1.69,"['camouflage', 'torch']",Other,Standard
21836,GINGHAM OVEN GLOVE RED HEART,3.75,"['gingham', 'oven', 'glove', 'red', 'heart']",Home Decor,Premium
21839,MUMMY MOUSE RED GINGHAM RIBBON,5.45,"['mummy', 'mouse', 'gingham', 'ribbon']",Other,Luxury
21841,BABY MOUSE RED GINGHAM DRESS,4.25,"['mouse', 'gingham', 'dress']",Clothing,Luxury
21843,RED RETROSPOT CAKE STAND,10.95,"['red', 'retrospot', 'cake', 'stand']",Garden,Luxury
21844,RED RETROSPOT MUG,2.95,"['red', 'retrospot', 'mug']",Kitchen,Premium
21845,DAIRY MAID STRIPE MUG,0.79,"['dairy', 'stripe', 'mug']",Kitchen,Budget
21846,PINK DIAMANTE PEN IN GIFT BOX,4.95,"['pink', 'diamante', 'pen', 'gift', 'box']",Stationery,Luxury
21847,GREEN  DIAMANTE PEN IN GIFT BOX,4.95,"['green', 'diamante', 'pen', 'gift', 'box']",Stationery,Luxury
21849,SILVER DIAMANTE PEN IN GIFT BOX,4.95,"['silver', 'diamante', 'pen', 'gift', 'box']",Stationery,Luxury
21850,BLUE  DIAMANTE PEN IN GIFT BOX,4.95,"['blue', 'diamante', 'pen', 'gift', 'box']",Stationery,Luxury
21851,LILAC DIAMANTE PEN IN GIFT BOX,4.95,"['lilac', 'diamante', 'pen', 'gift', 'box']",Stationery,Luxury
21864,UNION JACK FLAG PASSPORT COVER,2.1,"['union', 'jack', 'flag', 'passport', 'cover']",Other,Premium
21865,PINK UNION JACK  PASSPORT COVER,2.1,"['pink', 'union', 'jack', 'passport', 'cover']",Other,Premium
21866,UNION JACK FLAG LUGGAGE TAG,1.25,"['union', 'jack', 'flag', 'luggage', 'tag']",Other,Standard
21867,PINK UNION JACK  LUGGAGE TAG,1.25,"['pink', 'union', 'jack', 'luggage', 'tag']",Other,Standard
21868,POTTING SHED TEA MUG,1.25,"['potting', 'shed', 'tea', 'mug']",Kitchen,Standard
21870,I CAN ONLY PLEASE ONE PERSON MUG,1.25,"['person', 'mug']",Kitchen,Standard
21871,SAVE THE PLANET MUG,1.25,"['planet', 'mug']",Kitchen,Standard
21872,GLAMOROUS  MUG,1.25,"['glamorous', 'mug']",Kitchen,Standard
21873,IF YOU CAN'T STAND THE HEAT MUG,1.25,"['heat', 'mug']",Kitchen,Standard
21874,GIN AND TONIC MUG,1.25,"['gin', 'tonic', 'mug']",Kitchen,Standard
21875,KINGS CHOICE MUG,1.25,"['king', 'mug']",Kitchen,Standard
21876,POTTERING MUG,1.25,"['pottering', 'mug']",Kitchen,Standard
21877,HOME SWEET HOME MUG,1.25,"['home', 'sweet', 'mug']",Kitchen,Standard
21878,PACK OF 6 SANDCASTLE FLAGS ASSORTED,0.85,"['pack', 'sandcastle', 'flags']",Other,Budget
21879,HEARTS GIFT TAPE,0.65,"['hearts', 'gift', 'tape']",Stationery,Budget
21880,RED RETROSPOT TAPE,0.65,"['retrospot', 'tape']",Stationery,Budget
21881,CUTE CATS TAPE,0.65,"['cats', 'tape']",Stationery,Budget
21882,SKULLS TAPE,0.65,"['skulls', 'tape']",Stationery,Budget
21883,STARS GIFT TAPE,0.65,"['stars', 'gift', 'tape']",Stationery,Budget
21884,CAKES AND BOWS GIFT  TAPE,0.65,"['cakes', 'bows', 'gift', 'tape']",Stationery,Budget
21888,BINGO SET,3.75,"['bingo', 'set']",Other,Premium
21889,WOODEN BOX OF DOMINOES,1.25,"['wooden', 'box', 'domino']",Other,Standard
21890,S/6 WOODEN SKITTLES IN COTTON BAG,3.25,"['wooden', 'skittles', 'cotton', 'bag']",Bags,Premium
21891,TRADITIONAL WOODEN SKIPPING ROPE,1.45,"['traditional', 'wooden', 'rope']",Other,Standard
21892,TRADITIONAL WOODEN CATCH CUP GAME,1.25,"['traditional', 'wooden', 'catch', 'cup', 'game']",Kitchen,Standard
21894,POTTING SHED SEED ENVELOPES,1.25,"['potting', 'shed', 'seed', 'envelope']",Kitchen,Standard
21895,POTTING SHED SOW 'N' GROW SET,4.25,"['potting', 'shed', 'sow', 'n', 'grow', 'set']",Kitchen,Luxury
21896,POTTING SHED TWINE,2.1,"['potting', 'shed', 'twine']",Kitchen,Premium
21897,POTTING SHED CANDLE CITRONELLA,2.88,"['shed', 'candle', 'citronella']",Home Decor,Premium
21898,POTTING SHED ROSE CANDLE,2.95,"['potting', 'shed', 'rose', 'candle']",Home Decor,Premium
21899,"KEY FOB , GARAGE DESIGN",0.65,"['key', 'fob', 'garage', 'design']",Home Decor,Budget
21900,"KEY FOB , SHED",0.65,"['key', 'fob', 'shed']",Other,Budget
21901,"KEY FOB , BACK DOOR",0.65,"['key', 'fob', 'door']",Other,Budget
21902,"KEY FOB , FRONT  DOOR",0.65,"['key', 'fob', 'door']",Other,Budget
21903,MAN FLU METAL SIGN,2.1,"['man', 'flu', 'metal']",Home Decor,Premium
21904,HOUSE WRECKING METAL SIGN,2.1,"['house', 'metal']",Home Decor,Premium
21905,MORE BUTTER METAL SIGN,0.79,"['butter', 'metal']",Home Decor,Budget
21906,PHARMACIE FIRST AID TIN,6.75,"['pharmacie', 'aid', 'tin']",Kitchen,Luxury
21907,I'M ON HOLIDAY METAL SIGN,2.1,"['holiday', 'metal']",Home Decor,Premium
21908,CHOCOLATE THIS WAY METAL SIGN,2.1,"['chocolate', 'way', 'metal']",Home Decor,Premium
21910,WAY OUT METAL SIGN,1.65,['way'],Home Decor,Standard
21911,GARDEN METAL SIGN,1.65,['garden'],Home Decor,Standard
21912,VINTAGE SNAKES & LADDERS,3.75,"['vintage', 'snakes', 'ladder']",Other,Premium
21913,VINTAGE SEASIDE JIGSAW PUZZLES,3.75,"['vintage', 'seaside', 'jigsaw', 'puzzles']",Toys,Premium
21914,BLUE HARMONICA IN BOX,1.25,"['blue', 'harmonica', 'box']",Other,Standard
21915,RED  HARMONICA IN BOX,1.25,"['red', 'harmonica', 'box']",Other,Standard
21916,SET 12 RETRO WHITE CHALK STICKS,0.42,"['set', 'retro', 'white', 'chalk', 'stick']",Other,Budget
21917,SET 12 KIDS  WHITE CHALK STICKS,0.42,"['set', 'kids', 'white', 'chalk', 'stick']",Other,Budget
21918,SET 12 KIDS COLOUR  CHALK STICKS,0.42,"['set', 'kids', 'colour', 'chalk', 'stick']",Other,Budget
21922,UNION STRIPE WITH FRINGE  HAMMOCK,7.95,"['stripe', 'fringe', 'hammock']",Jewellery,Luxury
21925,UNION STRIPE CUSHION COVER,1.25,"['union', 'cushion', 'cover']",Other,Standard
21926,RED/CREAM STRIPE CUSHION COVER,1.25,"['red', 'cream', 'stripe', 'cushion', 'cover']",Beauty,Standard
21927,BLUE/CREAM STRIPE CUSHION COVER,1.25,"['blue', 'cream', 'stripe', 'cushion', 'cover']",Beauty,Standard
21928,JUMBO BAG SCANDINAVIAN PAISLEY,2.08,"['jumbo', 'bag', 'scandinavian', 'paisley']",Bags,Premium
21929,JUMBO BAG PINK VINTAGE PAISLEY,2.08,"['jumbo', 'bag', 'pink', 'vintage', 'paisley']",Bags,Premium
21930,JUMBO STORAGE BAG SKULLS,2.08,"['jumbo', 'storage', 'bag', 'skulls']",Bags,Premium
21931,JUMBO STORAGE BAG SUKI,2.08,"['jumbo', 'storage', 'bag', 'suki']",Bags,Premium
21932,SCANDINAVIAN PAISLEY PICNIC BAG,1.65,"['scandinavian', 'paisley', 'picnic', 'bag']",Bags,Standard
21933,PINK VINTAGE PAISLEY PICNIC BAG,1.65,"['vintage', 'paisley', 'picnic', 'bag']",Bags,Standard
21934,SKULL SHOULDER BAG,1.65,"['skull', 'shoulder', 'bag']",Bags,Standard
21935,SUKI  SHOULDER BAG,1.65,"['suki', 'shoulder', 'bag']",Bags,Standard
21936,RED RETROSPOT PICNIC BAG,2.95,"['red', 'retrospot', 'picnic', 'bag']",Garden,Premium
21937,STRAWBERRY   PICNIC BAG,2.95,"['picnic', 'bag']",Bags,Premium
21942,SKULLS DESIGN FLANNEL,0.85,['skulls'],Home Decor,Budget
21943,CAKES AND RABBITS DESIGN FLANNEL,0.85,"['cakes', 'rabbit', 'design']",Home Decor,Budget
21944,KITTENS DESIGN FLANNEL,0.85,"['kittens', 'design', 'flannel']",Home Decor,Budget
21945,STRAWBERRIES  DESIGN FLANNEL,0.85,"['strawberry', 'flannel']",Home Decor,Budget
21946,PARTY TIME DESIGN FLANNEL,0.85,"['party', 'time']",Home Decor,Budget
21947,SET OF 6 HEART CHOPSTICKS,1.25,"['heart', 'chopstick']",Home Decor,Standard
21948,SET OF 6 CAKE CHOPSTICKS,1.25,"['cake', 'chopstick']",Food,Standard
21949,SET OF 6 STRAWBERRY CHOPSTICKS,1.25,"['strawberry', 'chopsticks']",Other,Standard
21955,DOORMAT UNION JACK GUNS AND ROSES,7.95,"['doormat', 'union', 'jack', 'guns', 'rose']",Other,Luxury
21967,PACK OF 12 SKULL TISSUES,0.29,"['pack', 'skull', 'tissue']",Other,Budget
21972,SET OF 36 DINOSAUR PAPER DOILIES,1.45,"['dinosaur', 'paper', 'doily']",Stationery,Standard
21973,SET OF 36 MUSHROOM PAPER DOILIES,1.45,"['mushroom', 'paper', 'doily']",Stationery,Standard
21974,SET OF 36 PAISLEY FLOWER DOILIES,1.45,"['paisley', 'flower', 'doily']",Garden,Standard
21975,PACK OF 60 DINOSAUR CAKE CASES,0.55,"['pack', 'dinosaur', 'cake', 'case']",Bags,Budget
21976,PACK OF 60 MUSHROOM CAKE CASES,0.55,"['pack', 'mushroom', 'cake', 'case']",Bags,Budget
21977,PACK OF 60 PINK PAISLEY CAKE CASES,0.55,"['pack', 'pink', 'paisley', 'cake', 'case']",Bags,Budget
21980,PACK OF 12 RED RETROSPOT TISSUES,0.29,"['pack', 'red', 'retrospot', 'tissue']",Garden,Budget
21981,PACK OF 12 WOODLAND TISSUES,0.29,"['pack', 'woodland', 'tissue']",Other,Budget
21982,PACK OF 12 SUKI TISSUES,0.29,"['pack', 'suki', 'tissue']",Other,Budget
21983,PACK OF 12 BLUE PAISLEY TISSUES,0.29,"['pack', 'blue', 'paisley', 'tissue']",Other,Budget
21984,PACK OF 12 PINK PAISLEY TISSUES,0.29,"['pack', 'pink', 'paisley', 'tissue']",Other,Budget
21985,PACK OF 12 HEARTS DESIGN TISSUES,0.29,"['pack', 'hearts', 'design', 'tissue']",Home Decor,Budget
21986,PACK OF 12 PINK POLKADOT TISSUES,0.29,"['pack', 'pink', 'tissue']",Other,Budget
21987,PACK OF 6 SKULL PAPER CUPS,0.65,"['pack', 'skull', 'paper', 'cups']",Stationery,Budget
21988,PACK OF 6 SKULL PAPER PLATES,0.85,"['pack', 'skull', 'paper', 'plate']",Stationery,Budget
21989,PACK OF 20 SKULL PAPER NAPKINS,0.85,"['pack', 'skull', 'paper', 'napkin']",Stationery,Budget
21990,MODERN FLORAL STATIONERY SET,1.25,"['modern', 'floral', 'stationery', 'set']",Other,Standard
21991,BOHEMIAN COLLAGE STATIONERY SET,1.25,"['bohemian', 'collage', 'stationery', 'set']",Other,Standard
21992,VINTAGE PAISLEY STATIONERY SET,1.25,"['vintage', 'paisley', 'stationery', 'set']",Other,Standard
21993,FLORAL FOLK STATIONERY SET,1.25,"['floral', 'folk', 'stationery', 'set']",Other,Standard
22021,BLUE FELT EASTER EGG BASKET,1.65,"['blue', 'felt', 'easter', 'egg']",Other,Standard
22023,EMPIRE BIRTHDAY CARD,0.42,"['empire', 'card']",Stationery,Budget
22024,RAINY LADIES BIRTHDAY CARD,0.42,"['rainy', 'lady', 'card']",Stationery,Budget
22025,RING OF ROSES BIRTHDAY CARD,0.42,"['ring', 'rose', 'card']",Stationery,Budget
22026,BANQUET BIRTHDAY  CARD,0.42,"['banquet', 'birthday', 'card']",Stationery,Budget
22027,TEA PARTY BIRTHDAY CARD,0.42,"['tea', 'party', 'card']",Stationery,Budget
22028,PENNY FARTHING BIRTHDAY CARD,0.42,"['penny', 'birthday', 'card']",Stationery,Budget
22029,SPACEBOY BIRTHDAY CARD,0.42,"['spaceboy', 'card']",Stationery,Budget
22030,SWALLOWS GREETING CARD,0.42,"['swallows', 'greeting', 'card']",Stationery,Budget
22031,BOTANICAL LAVENDER BIRTHDAY CARD,0.42,"['botanical', 'lavender', 'birthday', 'card']",Stationery,Budget
22032,BOTANICAL LILY GREETING CARD,0.42,"['botanical', 'lily', 'greeting']",Stationery,Budget
22033,BOTANICAL ROSE GREETING CARD,0.42,"['botanical', 'rose', 'greeting', 'card']",Stationery,Budget
22034,ROBIN CHRISTMAS CARD,0.42,"['robin', 'christmas', 'card']",Stationery,Budget
22035,VINTAGE CARAVAN GREETING CARD,0.42,"['vintage', 'caravan', 'greeting']",Stationery,Budget
22037,ROBOT BIRTHDAY CARD,0.42,"['robot', 'card']",Stationery,Budget
22038,BOTANICAL LAVENDER GIFT WRAP,0.42,"['botanical', 'lavender', 'gift', 'wrap']",Other,Budget
22039,BOTANICAL LILY GIFT WRAP,0.42,"['botanical', 'lily', 'gift', 'wrap']",Other,Budget
22040,BOTANICAL ROSE GIFT WRAP,0.42,"['botanical', 'rose', 'gift', 'wrap']",Other,Budget
22041,"RECORD FRAME 7"" SINGLE SIZE",2.55,"['record', 'frame', 'single', 'size']",Home Decor,Premium
22042,CHRISTMAS CARD SINGING ANGEL,0.42,"['christmas', 'card', 'singing', 'angel']",Stationery,Budget
22043,CHRISTMAS CARD SCREEN PRINT,0.19,"['christmas', 'card', 'screen', 'print']",Stationery,Budget
22044,CHRISTMAS CARD STACK OF PRESENTS,0.19,"['christmas', 'card', 'stack', 'present']",Stationery,Budget
22045,SPACEBOY GIFT WRAP,0.42,"['spaceboy', 'gift', 'wrap']",Other,Budget
22046,TEA PARTY  WRAPPING PAPER,0.42,"['tea', 'party', 'paper']",Stationery,Budget
22047,EMPIRE GIFT WRAP,0.42,"['empire', 'gift', 'wrap']",Other,Budget
22048,BIRTHDAY BANQUET GIFT WRAP,0.42,"['banquet', 'gift', 'wrap']",Party Supplies,Budget
22049,WRAP CHRISTMAS SCREEN PRINT,0.19,"['wrap', 'christmas', 'screen', 'print']",Christmas,Budget
22050,PINK PAISLEY ROSE GIFT WRAP,0.42,"['pink', 'paisley', 'rose', 'gift', 'wrap']",Other,Budget
22051,BLUE SCANDINAVIAN PAISLEY WRAP,0.42,"['scandinavian', 'paisley', 'wrap']",Other,Budget
22052,VINTAGE CARAVAN GIFT WRAP,0.42,"['vintage', 'caravan', 'gift', 'wrap']",Toys,Budget
22053,EMPIRE DESIGN ROSETTE,1.25,"['empire', 'design', 'rosette']",Home Decor,Standard
22055,MINI CAKE STAND  HANGING STRAWBERY,1.65,"['mini', 'cake', 'hanging', 'strawbery']",Food,Standard
22057,CERAMIC PLATE STRAWBERRY DESIGN,1.49,"['ceramic', 'plate']",Home Decor,Standard
22059,CERAMIC STRAWBERRY DESIGN MUG,1.49,"['ceramic', 'design', 'mug']",Home Decor,Standard
22060,LARGE CAKE STAND HANGING HEARTS,3.95,"['cake', 'hearts']",Home Decor,Luxury
22061,LARGE CAKE STAND  HANGING STRAWBERY,9.95,"['cake', 'hanging', 'strawbery']",Food,Luxury
22062,CERAMIC BOWL WITH LOVE HEART DESIGN,0.83,"['ceramic', 'bowl', 'love', 'heart']",Home Decor,Budget
22063,CERAMIC BOWL WITH STRAWBERRY DESIGN,2.95,"['ceramic', 'bowl', 'strawberry']",Home Decor,Premium
22064,PINK DOUGHNUT TRINKET POT,1.65,"['pink', 'doughnut', 'trinket', 'pot']",Garden,Standard
22065,CHRISTMAS PUDDING TRINKET POT,0.39,"['christmas', 'pudding', 'trinket', 'pot']",Garden,Budget
22066,LOVE HEART TRINKET POT,0.39,"['love', 'heart', 'trinket', 'pot']",Home Decor,Budget
22067,CHOC TRUFFLE GOLD TRINKET POT,1.65,"['choc', 'truffle', 'gold', 'trinket', 'pot']",Garden,Standard
22068,BLACK PIRATE TREASURE CHEST,1.65,"['pirate', 'treasure', 'chest']",Other,Standard
22069,BROWN  PIRATE TREASURE CHEST,1.65,"['brown', 'pirate', 'treasure', 'chest']",Other,Standard
22070,SMALL RED RETROSPOT MUG IN BOX,3.75,"['small', 'red', 'retrospot', 'mug', 'box']",Kitchen,Premium
22071,SMALL WHITE RETROSPOT MUG IN BOX,3.75,"['small', 'white', 'retrospot', 'mug', 'box']",Kitchen,Premium
22072,RED RETROSPOT TEA CUP AND SAUCER,3.75,"['red', 'retrospot', 'tea', 'cup', 'saucer']",Kitchen,Premium
22073,RED RETROSPOT STORAGE JAR,3.75,"['red', 'retrospot', 'storage', 'jar']",Kitchen,Premium
22074,6 RIBBONS SHIMMERING PINKS,1.65,"['ribbons', 'shimmering', 'pink']",Jewellery,Standard
22075,6 RIBBONS ELEGANT CHRISTMAS,1.65,"['ribbons', 'elegant', 'christmas']",Christmas,Standard
22076,6 RIBBONS EMPIRE,1.65,"['ribbons', 'empire']",Other,Standard
22077,6 RIBBONS RUSTIC CHARM,1.65,"['ribbons', 'rustic', 'charm']",Other,Standard
22078,RIBBON REEL LACE DESIGN,2.1,"['ribbon', 'reel', 'lace', 'design']",Home Decor,Premium
22079,RIBBON REEL HEARTS DESIGN,1.65,"['ribbon', 'hearts', 'design']",Home Decor,Standard
22080,RIBBON REEL POLKADOTS,1.65,"['ribbon', 'polkadots']",Other,Standard
22081,RIBBON REEL FLORA + FAUNA,1.65,"['ribbon', 'flora', 'fauna']",Other,Standard
22082,RIBBON REEL STRIPES DESIGN,1.65,"['ribbon', 'reel', 'stripes', 'design']",Home Decor,Standard
22083,PAPER CHAIN KIT RETROSPOT,2.95,"['paper', 'chain', 'kit', 'retrospot']",Stationery,Premium
22084,PAPER CHAIN KIT EMPIRE,2.95,"['paper', 'chain', 'kit', 'empire']",Stationery,Premium
22085,PAPER CHAIN KIT SKULLS,2.95,"['paper', 'chain', 'kit', 'skulls']",Stationery,Premium
22086,PAPER CHAIN KIT 50'S CHRISTMAS,2.95,"['paper', 'chain', 'kit', 'christmas']",Stationery,Premium
22087,PAPER BUNTING WHITE LACE,2.95,"['paper', 'lace']",Stationery,Premium
22088,PAPER BUNTING COLOURED LACE,2.95,"['paper', 'bunting', 'lace']",Stationery,Premium
22089,PAPER BUNTING VINTAGE PAISLEY,2.95,"['paper', 'vintage', 'paisley']",Stationery,Premium
22090,PAPER BUNTING RETROSPOT,2.95,"['paper', 'bunting', 'retrospot']",Stationery,Premium
22091,EMPIRE TISSUE BOX,0.39,"['empire', 'tissue', 'box']",Other,Budget
22092,BLUE PAISLEY TISSUE BOX,0.39,"['blue', 'paisley', 'tissue', 'box']",Other,Budget
22093,MOTORING TISSUE BOX,0.39,"['motoring', 'tissue', 'box']",Jewellery,Budget
22094,RED RETROSPOT TISSUE BOX,0.39,"['red', 'retrospot', 'tissue', 'box']",Garden,Budget
22095,LADS ONLY TISSUE BOX,0.39,"['lads', 'tissue', 'box']",Other,Budget
22096,PINK PAISLEY SQUARE TISSUE BOX,0.39,"['pink', 'paisley', 'square', 'tissue', 'box']",Other,Budget
22097,SWALLOW SQUARE TISSUE BOX,0.39,"['square', 'tissue', 'box']",Other,Budget
22098,BOUDOIR SQUARE TISSUE BOX,0.39,"['boudoir', 'square', 'tissue', 'box']",Other,Budget
22099,CARAVAN SQUARE TISSUE BOX,0.39,"['caravan', 'square', 'tissue', 'box']",Toys,Budget
22100,SKULLS SQUARE TISSUE BOX,0.39,"['skulls', 'square', 'tissue', 'box']",Other,Budget
22101,MIRROR MOSAIC VOTIVE HOLDER,2.1,"['mirror', 'mosaic', 'votive', 'holder']",Home Decor,Premium
22102,MIRROR MOSAIC T-LIGHT HOLDER,1.65,"['mirror', 'mosaic', 't', 'light', 'holder']",Home Decor,Standard
22103,MIRROR MOSAIC T-LIGHT HOLDER ROUND,1.65,"['mirror', 'mosaic', 't', 'light', 'holder', 'round']",Home Decor,Standard
22104,MIRROR MOSAIC CANDLE PLATE,1.45,"['mirror', 'mosaic', 'candle', 'plate']",Home Decor,Standard
22105,MIRROR MOSAIC GOBLET CANDLE HOLDER,4.25,"['mirror', 'mosaic', 'goblet', 'candle', 'holder']",Home Decor,Luxury
22106,MIRROR MOSAIC HURRICANE LAMP,6.35,"['mirror', 'mosaic', 'hurricane', 'lamp']",Home Decor,Luxury
22107,PIZZA PLATE IN BOX,3.75,"['pizza', 'plate', 'box']",Kitchen,Premium
22108,PING! MICROWAVE PLATE,3.29,"['ping', 'microwave', 'plate']",Kitchen,Premium
22109,FULL ENGLISH BREAKFAST PLATE,3.75,"['english', 'breakfast', 'plate']",Kitchen,Premium
22110,BIRD HOUSE HOT WATER BOTTLE,2.55,"['bird', 'house', 'hot', 'water', 'bottle']",Kitchen,Premium
22111,SCOTTIE DOG HOT WATER BOTTLE,4.95,"['dog', 'hot', 'water', 'bottle']",Kitchen,Luxury
22112,CHOCOLATE HOT WATER BOTTLE,4.95,"['chocolate', 'hot', 'water', 'bottle']",Kitchen,Luxury
22113,GREY HEART HOT WATER BOTTLE,4.25,"['grey', 'heart', 'water', 'bottle']",Home Decor,Luxury
22114,HOT WATER BOTTLE TEA AND SYMPATHY,4.25,"['water', 'bottle', 'tea', 'sympathy']",Kitchen,Luxury
22115,METAL SIGN EMPIRE TEA,0.79,"['empire', 'tea']",Home Decor,Budget
22116,METAL SIGN HIS DINNER IS SERVED,0.79,['dinner'],Home Decor,Budget
22117,METAL SIGN HER DINNER IS SERVED,2.95,['dinner'],Home Decor,Premium
22118,JOY WOODEN BLOCK LETTERS,4.95,"['joy', 'letter']",Other,Luxury
22119,PEACE WOODEN BLOCK LETTERS,6.95,"['peace', 'wooden', 'block', 'letter']",Other,Luxury
22120,WELCOME  WOODEN BLOCK LETTERS,9.95,"['block', 'letter']",Other,Luxury
22121,NOEL WOODEN BLOCK LETTERS,5.95,"['block', 'letter']",Other,Luxury
22123,PING MICROWAVE APRON,1.95,"['ping', 'microwave', 'apron']",Other,Standard
22124,SET OF 2 TEA TOWELS PING MICROWAVE,2.46,"['tea', 'towel', 'ping', 'microwave']",Food,Premium
22125,UNION JACK HOT WATER BOTTLE,5.95,"['union', 'jack', 'hot', 'water', 'bottle']",Kitchen,Luxury
22127,PARTY CONES CARNIVAL ASSORTED,1.25,"['party', 'cones', 'carnival']",Toys,Standard
22128,PARTY CONES CANDY ASSORTED,1.25,"['party', 'cones', 'candy']",Party Supplies,Standard
22129,PARTY CONES CANDY TREE DECORATION,0.85,"['party', 'cones', 'candy', 'tree', 'decoration']",Home Decor,Budget
22130,PARTY CONE CHRISTMAS DECORATION,0.85,"['party', 'christmas', 'decoration']",Home Decor,Budget
22131,FOOD CONTAINER SET 3 LOVE HEART,1.95,"['food', 'container', 'set', 'love', 'heart']",Home Decor,Standard
22132,RED LOVE HEART SHAPE CUP,0.85,"['red', 'love', 'heart', 'cup']",Home Decor,Budget
22133,PINK LOVE HEART SHAPE CUP,0.85,"['pink', 'love', 'heart', 'cup']",Home Decor,Budget
22134,LADLE LOVE HEART RED,0.42,"['ladle', 'love', 'heart', 'red']",Home Decor,Budget
22135,LADLE LOVE HEART PINK,0.42,"['ladle', 'love', 'heart', 'pink']",Home Decor,Budget
22136,LOVE HEART SOCK HANGER,1.65,"['love', 'heart', 'sock', 'hanger']",Home Decor,Standard
22137,BATHROOM SET LOVE HEART DESIGN,2.95,"['bathroom', 'set', 'love', 'heart', 'design']",Home Decor,Premium
22138,BAKING SET 9 PIECE RETROSPOT,4.95,"['set', 'piece', 'retrospot']",Garden,Luxury
22139,RETROSPOT TEA SET CERAMIC 11 PC,4.95,"['retrospot', 'tea', 'set', 'ceramic', 'pc']",Garden,Luxury
22141,CHRISTMAS CRAFT TREE TOP ANGEL,2.1,"['christmas', 'craft', 'tree', 'angel']",Christmas,Premium
22142,CHRISTMAS CRAFT WHITE FAIRY,1.45,"['christmas', 'craft', 'white', 'fairy']",Christmas,Standard
22144,CHRISTMAS CRAFT LITTLE FRIENDS,2.1,"['christmas', 'craft', 'friend']",Christmas,Premium
22145,CHRISTMAS CRAFT HEART STOCKING,2.1,"['christmas', 'heart', 'stocking']",Home Decor,Premium
22146,EASTER CRAFT IVY WREATH WITH CHICK,1.95,"['easter', 'craft', 'ivy', 'wreath', 'chick']",Other,Standard
22147,FELTCRAFT BUTTERFLY HEARTS,1.45,"['feltcraft', 'butterfly', 'hearts']",Home Decor,Standard
22148,EASTER CRAFT 4 CHICKS,1.95,"['easter', 'chick']",Other,Standard
22149,FELTCRAFT 6 FLOWER FRIENDS,2.1,"['feltcraft', 'flower', 'friend']",Garden,Premium
22150,3 STRIPEY MICE FELTCRAFT,1.95,"['mouse', 'feltcraft']",Other,Standard
22151,PLACE SETTING WHITE HEART,0.42,"['place', 'white', 'heart']",Home Decor,Budget
22152,PLACE SETTING WHITE STAR,0.42,"['place', 'white', 'star']",Kitchen,Budget
22153,ANGEL DECORATION STARS ON DRESS,0.42,"['angel', 'decoration', 'star', 'dress']",Home Decor,Budget
22154,ANGEL DECORATION 3 BUTTONS,0.42,"['angel', 'decoration', 'button']",Home Decor,Budget
22155,STAR DECORATION RUSTIC,0.42,"['star', 'decoration', 'rustic']",Home Decor,Budget
22156,HEART DECORATION WITH PEARLS,0.85,"['heart', 'decoration', 'pearls']",Home Decor,Budget
22157,ANGEL DECORATION WITH LACE PADDED,0.85,"['angel', 'decoration', 'lace']",Home Decor,Budget
22158,3 HEARTS HANGING DECORATION RUSTIC,2.95,"['hearts', 'decoration', 'rustic']",Home Decor,Premium
22161,HEART DECORATION RUSTIC HANGING,0.19,"['heart', 'decoration', 'rustic', 'hanging']",Home Decor,Budget
22162,HEART GARLAND RUSTIC PADDED,2.95,"['heart', 'rustic']",Home Decor,Premium
22163,HEART STRING MEMO HOLDER HANGING,0.79,"['heart', 'string', 'memo', 'holder', 'hanging']",Home Decor,Budget
22164,STRING OF STARS CARD HOLDER,2.95,"['string', 'stars', 'card', 'holder']",Stationery,Premium
22165,"DIAMANTE HEART SHAPED WALL MIRROR,",12.75,"['diamante', 'heart', 'shaped', 'wall', 'mirror']",Home Decor,Luxury
22166,WALL MIRROR RECTANGLE DIAMANTE PINK,7.95,"['wall', 'mirror', 'rectangle', 'diamante', 'pink']",Home Decor,Luxury
22167,OVAL WALL MIRROR DIAMANTE,9.95,"['oval', 'wall', 'mirror', 'diamante']",Home Decor,Luxury
22168,ORGANISER WOOD ANTIQUE WHITE,8.5,"['organiser', 'wood']",Other,Luxury
22169,FAMILY ALBUM WHITE PICTURE FRAME,8.5,"['family', 'album', 'picture', 'frame']",Home Decor,Luxury
22170,PICTURE FRAME WOOD TRIPLE PORTRAIT,6.75,"['picture', 'frame', 'wood', 'portrait']",Home Decor,Luxury
22171,3 HOOK PHOTO SHELF ANTIQUE WHITE,8.5,"['hook', 'photo', 'shelf']",Other,Luxury
22173,METAL 4 HOOK HANGER FRENCH CHATEAU,2.95,"['metal', 'hook', 'chateau']",Clothing,Premium
22174,PHOTO CUBE,1.65,"['photo', 'cube']",Other,Standard
22175,PINK OWL SOFT TOY,2.95,"['pink', 'owl', 'toy']",Toys,Premium
22176,BLUE OWL SOFT TOY,2.95,"['blue', 'owl', 'toy']",Toys,Premium
22178,VICTORIAN GLASS HANGING T-LIGHT,1.25,"['glass', 'hanging', 't', 'light']",Home Decor,Standard
22179,SET 10 LIGHTS NIGHT OWL,6.75,"['set', 'lights', 'night', 'owl']",Home Decor,Luxury
22180,RETROSPOT LAMP,9.95,"['retrospot', 'lamp']",Garden,Luxury
22181,SNOWSTORM PHOTO FRAME FRIDGE MAGNET,0.85,"['snowstorm', 'photo', 'frame', 'fridge', 'magnet']",Home Decor,Budget
22182,CAKE STAND VICTORIAN FILIGREE SMALL,4.95,['cake'],Food,Luxury
22183,CAKE STAND VICTORIAN FILIGREE MED,6.75,"['cake', 'stand', 'med']",Food,Luxury
22184,CAKE STAND VICTORIAN FILIGREE LARGE,8.5,"['cake', 'large']",Food,Luxury
22185,SLATE TILE NATURAL HANGING,1.65,"['slate', 'tile', 'natural', 'hanging']",Other,Standard
22186,RED STAR CARD HOLDER,1.95,"['red', 'star', 'card', 'holder']",Stationery,Standard
22187,GREEN CHRISTMAS TREE CARD HOLDER,1.95,"['christmas', 'tree', 'card', 'holder']",Stationery,Standard
22188,BLACK HEART CARD HOLDER,3.95,"['heart', 'card', 'holder']",Stationery,Luxury
22189,CREAM HEART CARD HOLDER,3.95,"['cream', 'heart', 'card', 'holder']",Stationery,Luxury
22190,LOCAL CAFE MUG,2.1,"['local', 'cafe', 'mug']",Kitchen,Premium
22191,IVORY DINER WALL CLOCK,8.5,"['ivory', 'diner', 'wall', 'clock']",Home Decor,Luxury
22192,BLUE DINER WALL CLOCK,8.5,"['diner', 'wall', 'clock']",Home Decor,Luxury
22193,RED DINER WALL CLOCK,8.5,"['diner', 'wall', 'clock']",Home Decor,Luxury
22194,BLACK DINER WALL CLOCK,8.5,"['diner', 'wall', 'clock']",Home Decor,Luxury
22195,LARGE HEART MEASURING SPOONS,1.65,"['heart', 'spoon']",Home Decor,Standard
22196,SMALL HEART MEASURING SPOONS,0.85,"['heart', 'spoon']",Home Decor,Budget
22197,SMALL POPCORN HOLDER,0.85,"['small', 'popcorn', 'holder']",Home Decor,Budget
22198,LARGE POPCORN HOLDER,1.65,"['large', 'popcorn', 'holder']",Home Decor,Standard
22199,FRYING PAN RED RETROSPOT,4.25,"['pan', 'red', 'retrospot']",Garden,Luxury
22200,FRYING PAN PINK POLKADOT,4.25,"['pan', 'pink']",Other,Luxury
22201,FRYING PAN BLUE POLKADOT,4.25,"['pan', 'blue']",Other,Luxury
22202,MILK PAN PINK POLKADOT,3.75,"['milk', 'pan', 'pink']",Other,Premium
22203,MILK PAN RED RETROSPOT,3.75,"['milk', 'pan', 'red', 'retrospot']",Garden,Premium
22204,MILK PAN BLUE POLKADOT,3.75,"['milk', 'pan']",Other,Premium
22207,FRYING PAN UNION FLAG,4.25,"['pan', 'union', 'flag']",Other,Luxury
22208,WOOD STAMP SET THANK YOU,0.83,"['wood', 'stamp', 'set']",Other,Budget
22209,WOOD STAMP SET HAPPY BIRTHDAY,0.83,"['wood', 'stamp', 'set', 'happy', 'birthday']",Party Supplies,Budget
22210,WOOD STAMP SET BEST WISHES,0.83,"['wood', 'stamp', 'set', 'best', 'wishes']",Other,Budget
22211,WOOD STAMP SET FLOWERS,0.83,"['wood', 'stamp', 'set', 'flower']",Garden,Budget
22212,FOUR HOOK  WHITE LOVEBIRDS,2.1,"['hook', 'white', 'lovebirds']",Other,Premium
22214,CANDLE PLATE LACE WHITE,2.55,"['candle', 'plate', 'lace', 'white']",Home Decor,Premium
22215,CAKE STAND WHITE TWO TIER LACE,8.5,"['cake', 'stand', 'white', 'tier', 'lace']",Food,Luxury
22216,T-LIGHT HOLDER WHITE LACE,0.85,"['t', 'light', 'holder', 'lace']",Home Decor,Budget
22217,T-LIGHT HOLDER HANGING LACE,1.25,"['t', 'light', 'holder', 'lace']",Home Decor,Standard
22218,CAKE STAND LACE WHITE,4.25,"['cake', 'stand', 'lace']",Food,Luxury
22219,LOVEBIRD HANGING DECORATION WHITE,0.85,"['lovebird', 'hanging', 'decoration', 'white']",Home Decor,Budget
22220,CAKE STAND LOVEBIRD 2 TIER WHITE,9.95,"['cake', 'stand', 'lovebird', 'tier', 'white']",Food,Luxury
22221,CAKE STAND LOVEBIRD 2 TIER PINK,9.95,"['cake', 'stand', 'lovebird', 'tier', 'pink']",Food,Luxury
22222,CAKE PLATE LOVEBIRD WHITE,4.95,"['cake', 'plate', 'lovebird', 'white']",Kitchen,Luxury
22223,CAKE PLATE LOVEBIRD PINK,4.95,"['cake', 'plate', 'lovebird', 'pink']",Kitchen,Luxury
22224,WHITE LOVEBIRD LANTERN,2.95,"['white', 'lovebird', 'lantern']",Home Decor,Premium
22227,HANGING HEART MIRROR DECORATION,0.65,"['heart', 'mirror', 'decoration']",Home Decor,Budget
22228,BUNNY WOODEN PAINTED WITH BIRD,0.85,"['bunny', 'bird']",Other,Budget
22229,BUNNY WOODEN PAINTED WITH FLOWER,0.85,"['bunny', 'flower']",Garden,Budget
22230,JIGSAW TREE WITH WATERING CAN,0.29,"['jigsaw', 'tree', 'watering']",Garden,Budget
22231,JIGSAW TREE WITH BIRDHOUSE,0.59,"['jigsaw', 'tree', 'birdhouse']",Christmas,Budget
22232,JIGSAW TOADSTOOLS 3 PIECE,0.59,"['jigsaw', 'toadstools', 'piece']",Other,Budget
22233,JIGSAW RABBIT AND BIRDHOUSE,0.59,"['jigsaw', 'rabbit', 'birdhouse']",Other,Budget
22236,CAKE STAND 3 TIER MAGIC GARDEN,12.75,"['cake', 'stand', 'tier', 'magic', 'garden']",Garden,Luxury
22241,GARLAND WOODEN HAPPY EASTER,1.25,"['wooden', 'happy', 'easter']",Other,Standard
22242,5 HOOK HANGER MAGIC TOADSTOOL,1.65,"['hook', 'hanger', 'magic', 'toadstool']",Other,Standard
22243,5 HOOK HANGER RED MAGIC TOADSTOOL,1.65,"['hook', 'magic', 'toadstool']",Other,Standard
22244,3 HOOK HANGER MAGIC GARDEN,1.95,"['hook', 'hanger', 'magic', 'garden']",Garden,Standard
22245,"HOOK, 1 HANGER ,MAGIC GARDEN",0.85,"['hook', 'hanger', 'magic', 'garden']",Garden,Budget
22246,"GARLAND, MAGIC GARDEN 1.8M",1.95,"['garland', 'magic', 'garden', 'm']",Garden,Standard
22247,BUNNY DECORATION MAGIC GARDEN,0.85,"['bunny', 'decoration', 'magic', 'garden']",Home Decor,Budget
22248,DECORATION  PINK CHICK MAGIC GARDEN,0.85,"['decoration', 'pink', 'chick', 'magic', 'garden']",Home Decor,Budget
22249,DECORATION WHITE CHICK MAGIC GARDEN,0.85,"['decoration', 'chick', 'magic', 'garden']",Home Decor,Budget
22250,DECORATION  BUTTERFLY  MAGIC GARDEN,0.85,"['decoration', 'butterfly', 'magic', 'garden']",Home Decor,Budget
22251,BIRDHOUSE DECORATION MAGIC GARDEN,1.25,"['birdhouse', 'decoration', 'magic', 'garden']",Home Decor,Standard
22252,BIRDCAGE DECORATION TEALIGHT HOLDER,1.25,"['birdcage', 'decoration', 'tealight', 'holder']",Home Decor,Standard
22254,FELT TOADSTOOL LARGE,1.25,"['felt', 'toadstool', 'large']",Other,Standard
22255,FELT TOADSTOOL  SMALL,0.85,"['felt', 'toadstool', 'small']",Other,Budget
22256,FELT FARM ANIMAL CHICKEN,1.25,"['felt', 'farm', 'animal', 'chicken']",Toys,Standard
22257,FELT FARM ANIMAL SHEEP,1.25,"['felt', 'farm', 'animal', 'sheep']",Toys,Standard
22258,FELT FARM ANIMAL RABBIT,1.25,"['felt', 'farm', 'animal']",Toys,Standard
22259,FELT FARM ANIMAL HEN,1.25,"['felt', 'farm', 'animal', 'hen']",Toys,Standard
22260,FELT EGG COSY BLUE RABBIT,0.85,"['felt', 'egg', 'rabbit']",Other,Budget
22261,FELT EGG COSY WHITE RABBIT,0.85,"['felt', 'egg', 'rabbit']",Other,Budget
22262,FELT EGG COSY CHICKEN,0.85,"['felt', 'egg', 'cosy', 'chicken']",Other,Budget
22263,FELT EGG COSY LADYBIRD,0.85,"['felt', 'egg', 'ladybird']",Other,Budget
22264,FELT FARM ANIMAL WHITE BUNNY,0.85,"['felt', 'farm', 'animal', 'white', 'bunny']",Toys,Budget
22265,EASTER DECORATION NATURAL CHICK,0.65,"['easter', 'decoration', 'natural', 'chick']",Home Decor,Budget
22266,EASTER DECORATION HANGING BUNNY,0.65,"['easter', 'decoration', 'hanging', 'bunny']",Home Decor,Budget
22267,EASTER DECORATION EGG BUNNY,1.25,"['easter', 'decoration', 'egg', 'bunny']",Home Decor,Standard
22268,EASTER DECORATION SITTING BUNNY,0.85,"['easter', 'decoration', 'bunny']",Home Decor,Budget
22269,EGG CUP NATURAL CHICKEN,1.25,"['egg', 'cup', 'natural', 'chicken']",Kitchen,Standard
22270,HAPPY EASTER HANGING DECORATION,3.75,"['happy', 'easter', 'decoration']",Home Decor,Premium
22271,FELTCRAFT DOLL ROSIE,2.95,"['feltcraft', 'doll', 'rosie']",Toys,Premium
22272,FELTCRAFT DOLL MARIA,2.95,"['feltcraft', 'doll', 'maria']",Toys,Premium
22273,FELTCRAFT DOLL MOLLY,2.95,"['feltcraft', 'doll', 'molly']",Toys,Premium
22274,FELTCRAFT DOLL EMILY,2.95,"['feltcraft', 'doll']",Toys,Premium
22275,WEEKEND BAG VINTAGE ROSE PAISLEY,7.65,"['weekend', 'bag', 'vintage', 'rose', 'paisley']",Bags,Luxury
22276,WASH BAG VINTAGE ROSE PAISLEY,2.55,"['bag', 'vintage', 'rose', 'paisley']",Bags,Premium
22277,COSMETIC BAG VINTAGE ROSE PAISLEY,2.1,"['cosmetic', 'bag', 'vintage', 'rose', 'paisley']",Bags,Premium
22278,OVERNIGHT BAG VINTAGE ROSE PAISLEY,4.95,"['bag', 'vintage', 'rose', 'paisley']",Bags,Luxury
22279,POCKET BAG BLUE PAISLEY RED SPOT,1.25,"['pocket', 'bag', 'blue', 'paisley', 'red', 'spot']",Garden,Standard
22280,POCKET BAG PINK PAISELY BROWN SPOT,1.25,"['pocket', 'bag', 'pink', 'paisely', 'brown', 'spot']",Garden,Standard
22281,EASTER TREE YELLOW BIRDS,5.95,"['easter', 'tree', 'yellow', 'bird']",Christmas,Luxury
22282,12 EGG HOUSE PAINTED WOOD,12.75,"['egg', 'house', 'wood']",Other,Luxury
22283,6 EGG HOUSE PAINTED WOOD,7.95,"['egg', 'house', 'wood']",Other,Luxury
22284,HEN HOUSE DECORATION,1.65,"['hen', 'house', 'decoration']",Home Decor,Standard
22285,"DECORATION HEN ON NEST, HANGING",1.65,"['decoration', 'hen', 'nest', 'hanging']",Home Decor,Standard
22286,"DECORATION , WOBBLY RABBIT , METAL",1.65,"['decoration', 'wobbly', 'rabbit', 'metal']",Home Decor,Standard
22287,"DECORATION , WOBBLY CHICKEN, METAL",1.65,"['decoration', 'wobbly', 'chicken', 'metal']",Home Decor,Standard
22288,HANGING METAL RABBIT DECORATION,1.25,"['metal', 'rabbit', 'decoration']",Home Decor,Standard
22289,HANGING METAL CHICKEN DECORATION,1.25,"['metal', 'chicken', 'decoration']",Home Decor,Standard
22291,HANGING CHICK CREAM DECORATION,1.45,"['hanging', 'chick', 'cream', 'decoration']",Home Decor,Standard
22292,HANGING CHICK  YELLOW DECORATION,1.45,"['hanging', 'chick', 'yellow', 'decoration']",Home Decor,Standard
22293,HANGING CHICK GREEN DECORATION,1.45,"['hanging', 'chick', 'decoration']",Home Decor,Standard
22294,HEART FILIGREE DOVE  SMALL,1.25,"['heart', 'dove', 'small']",Home Decor,Standard
22295,HEART FILIGREE DOVE LARGE,1.65,"['heart', 'dove', 'large']",Home Decor,Standard
22296,HEART IVORY TRELLIS LARGE,1.65,"['heart', 'ivory', 'trellis', 'large']",Home Decor,Standard
22297,HEART IVORY TRELLIS SMALL,1.25,"['heart', 'ivory', 'trellis', 'small']",Home Decor,Standard
22299,PIG KEYRING WITH LIGHT & SOUND,1.25,"['pig', 'keyring', 'light', 'sound']",Home Decor,Standard
22300,COFFEE MUG DOG + BALL DESIGN,2.55,"['coffee', 'mug', 'dog', 'ball', 'design']",Home Decor,Premium
22301,COFFEE MUG CAT + BIRD DESIGN,2.55,"['coffee', 'mug', 'cat', 'bird', 'design']",Home Decor,Premium
22302,COFFEE MUG PEARS  DESIGN,2.55,"['coffee', 'mug', 'pears', 'design']",Home Decor,Premium
22303,COFFEE MUG APPLES DESIGN,2.55,"['coffee', 'mug', 'apples', 'design']",Home Decor,Premium
22304,COFFEE MUG BLUE PAISLEY DESIGN,2.55,"['coffee', 'mug', 'blue', 'paisley']",Home Decor,Premium
22305,COFFEE MUG PINK PAISLEY DESIGN,2.55,"['coffee', 'mug', 'pink', 'paisley']",Home Decor,Premium
22306,SILVER MUG BONE CHINA TREE OF LIFE,1.06,"['silver', 'mug', 'china', 'tree', 'life']",Kitchen,Standard
22307,GOLD MUG BONE CHINA TREE OF LIFE,1.06,"['gold', 'mug', 'china', 'tree', 'life']",Kitchen,Standard
22308,TEA COSY BLUE STRIPE,2.55,"['tea', 'cosy']",Food,Premium
22309,TEA COSY RED  STRIPE,2.55,"['tea', 'cosy', 'red', 'stripe']",Food,Premium
22310,IVORY KNITTED MUG COSY,1.65,"['ivory', 'knitted', 'mug', 'cosy']",Kitchen,Standard
22311,OFFICE MUG WARMER BLACK+SILVER,2.95,"['office', 'mug', 'warmer']",Kitchen,Premium
22312,OFFICE MUG WARMER POLKADOT,2.95,"['office', 'mug', 'warmer']",Kitchen,Premium
22313,OFFICE MUG WARMER PINK,2.95,"['office', 'mug', 'warmer', 'pink']",Kitchen,Premium
22314,OFFICE MUG WARMER CHOC+BLUE,2.95,"['office', 'mug', 'warmer']",Kitchen,Premium
22315,200 RED + WHITE BENDY STRAWS,1.25,"['white', 'bendy', 'straw']",Other,Standard
22316,200 BENDY SKULL STRAWS,1.25,"['bendy', 'skull', 'straw']",Other,Standard
22317,FIVE CATS HANGING DECORATION,2.95,"['cats', 'decoration']",Home Decor,Premium
22318,FIVE HEART HANGING DECORATION,2.95,"['heart', 'decoration']",Home Decor,Premium
22319,HAIRCLIPS FORTIES FABRIC ASSORTED,0.65,"['hairclips', 'forties', 'fabric']",Stationery,Budget
22320,BIRDS MOBILE VINTAGE DESIGN,5.95,"['birds', 'mobile', 'vintage', 'design']",Home Decor,Luxury
22321,BIRD DECORATION RED RETROSPOT,0.85,"['bird', 'decoration', 'red', 'retrospot']",Home Decor,Budget
22322,BIRD DECORATION GREEN POLKADOT,0.85,"['bird', 'decoration']",Home Decor,Budget
22323,PINK POLKADOT KIDS BAG,1.95,"['pink', 'kids', 'bag']",Bags,Standard
22324,BLUE POLKADOT KIDS BAG,1.95,"['kids', 'bag']",Bags,Standard
22325,MOBILE VINTAGE HEARTS,4.95,"['mobile', 'vintage', 'hearts']",Home Decor,Luxury
22326,ROUND SNACK BOXES SET OF4 WOODLAND,2.95,"['round', 'snack', 'boxes', 'set', 'woodland']",Other,Premium
22327,ROUND SNACK BOXES SET OF 4 SKULLS,2.95,"['round', 'snack', 'boxes', 'set', 'skull']",Other,Premium
22328,ROUND SNACK BOXES SET OF 4 FRUITS,2.95,"['round', 'snack', 'boxes', 'set', 'fruit']",Other,Premium
22329,ROUND CONTAINER SET OF 5 RETROSPOT,1.65,"['round', 'container', 'set', 'retrospot']",Garden,Standard
22331,WOODLAND PARTY BAG + STICKER SET,1.65,"['woodland', 'party', 'bag', 'sticker', 'set']",Stationery,Standard
22332,SKULLS PARTY BAG + STICKER SET,1.65,"['skull', 'party', 'bag', 'sticker', 'set']",Stationery,Standard
22333,RETROSPOT PARTY BAG + STICKER SET,1.65,"['retrospot', 'party', 'bag', 'sticker', 'set']",Stationery,Standard
22334,DINOSAUR PARTY BAG + STICKER SET,1.65,"['dinosaur', 'party', 'bag', 'sticker', 'set']",Stationery,Standard
22335,HEART DECORATION PAINTED ZINC,0.65,"['heart', 'decoration', 'painted', 'zinc']",Home Decor,Budget
22336,DOVE DECORATION PAINTED ZINC,0.65,"['dove', 'decoration', 'painted', 'zinc']",Home Decor,Budget
22337,ANGEL DECORATION PAINTED ZINC,0.65,"['angel', 'decoration', 'painted', 'zinc']",Home Decor,Budget
22338,STAR DECORATION PAINTED ZINC,0.19,"['star', 'decoration', 'painted', 'zinc']",Home Decor,Budget
22339,CHRISTMAS TREE PAINTED ZINC,0.19,"['christmas', 'tree', 'zinc']",Christmas,Budget
22340,NOEL GARLAND PAINTED ZINC,0.39,"['garland', 'painted', 'zinc']",Other,Budget
22341,LOVE GARLAND PAINTED ZINC,1.65,"['love', 'garland', 'painted', 'zinc']",Other,Standard
22342,HOME GARLAND PAINTED ZINC,0.75,"['home', 'garland', 'painted', 'zinc']",Other,Budget
22343,PARTY PIZZA DISH RED RETROSPOT,0.85,"['party', 'pizza', 'dish', 'red', 'retrospot']",Garden,Budget
22344,PARTY PIZZA DISH PINK POLKADOT,0.85,"['party', 'pizza', 'pink']",Party Supplies,Budget
22345,PARTY PIZZA DISH BLUE POLKADOT,0.85,"['party', 'pizza', 'dish', 'blue']",Party Supplies,Budget
22346,PARTY PIZZA DISH GREEN POLKADOT,0.72,"['party', 'pizza', 'dish']",Party Supplies,Budget
22348,TEA BAG PLATE RED RETROSPOT,0.85,"['tea', 'bag', 'plate', 'red', 'retrospot']",Kitchen,Budget
22349,DOG BOWL CHASING BALL DESIGN,3.75,"['dog', 'bowl', 'chasing', 'ball', 'design']",Home Decor,Premium
22350,ILLUSTRATED CAT BOWL,2.55,"['illustrated', 'cat', 'bowl']",Kitchen,Premium
22351,DOTCOMGIFTSHOP TEA TOWEL,1.65,"['dotcomgiftshop', 'tea', 'towel']",Food,Standard
22352,LUNCH BOX WITH CUTLERY RETROSPOT,2.55,"['lunch', 'box', 'cutlery', 'retrospot']",Garden,Premium
22353,LUNCH BOX WITH CUTLERY FAIRY CAKES,2.55,"['lunch', 'box', 'cutlery', 'fairy', 'cakes']",Food,Premium
22354,RETROSPOT PADDED SEAT CUSHION,3.75,"['retrospot', 'padded', 'seat', 'cushion']",Garden,Premium
22355,CHARLOTTE BAG SUKI DESIGN,0.85,"['charlotte', 'bag', 'suki']",Home Decor,Budget
22356,CHARLOTTE BAG PINK POLKADOT,0.85,"['charlotte', 'bag']",Bags,Budget
22357,KINGS CHOICE BISCUIT TIN,4.25,"['king', 'biscuit', 'tin']",Kitchen,Luxury
22358,KINGS CHOICE TEA CADDY,2.95,"['kings', 'tea', 'caddy']",Food,Premium
22359,GLASS JAR KINGS CHOICE,2.95,"['glass', 'jar', 'king']",Kitchen,Premium
22360,GLASS JAR ENGLISH CONFECTIONERY,2.95,"['glass', 'jar', 'english', 'confectionery']",Kitchen,Premium
22361,GLASS JAR DAISY FRESH COTTON WOOL,2.95,"['glass', 'jar', 'daisy', 'cotton', 'wool']",Kitchen,Premium
22362,GLASS JAR PEACOCK BATH SALTS,2.95,"['glass', 'jar', 'peacock', 'bath']",Kitchen,Premium
22363,GLASS JAR MARMALADE,2.95,"['glass', 'jar', 'marmalade']",Kitchen,Premium
22364,GLASS JAR DIGESTIVE BISCUITS,2.95,"['glass', 'jar', 'digestive', 'biscuit']",Kitchen,Premium
22365,DOORMAT RESPECTABLE HOUSE,7.95,"['doormat', 'respectable', 'house']",Other,Luxury
22366,DOORMAT AIRMAIL,7.95,"['doormat', 'airmail']",Other,Luxury
22367,CHILDRENS APRON SPACEBOY DESIGN,1.95,"['apron', 'spaceboy', 'design']",Home Decor,Standard
22371,AIRLINE BAG VINTAGE TOKYO 78,4.25,"['airline', 'bag', 'vintage', 'tokyo']",Bags,Luxury
22372,AIRLINE BAG VINTAGE WORLD CHAMPION,4.25,"['airline', 'bag', 'vintage', 'world', 'champion']",Bags,Luxury
22374,AIRLINE BAG VINTAGE JET SET RED,4.25,"['airline', 'bag', 'vintage', 'jet', 'set', 'red']",Bags,Luxury
22375,AIRLINE BAG VINTAGE JET SET BROWN,4.25,"['airline', 'bag', 'vintage', 'jet', 'set', 'brown']",Bags,Luxury
22376,AIRLINE BAG VINTAGE JET SET WHITE,4.25,"['airline', 'bag', 'vintage', 'jet', 'set', 'white']",Bags,Luxury
22377,BOTTLE BAG RETROSPOT,2.1,"['bottle', 'bag', 'retrospot']",Kitchen,Premium
22378,WALL TIDY RETROSPOT,2.1,"['wall', 'tidy', 'retrospot']",Garden,Premium
22379,RECYCLING BAG RETROSPOT,2.1,"['bag', 'retrospot']",Garden,Premium
22380,TOY TIDY SPACEBOY,2.1,"['toy', 'tidy', 'spaceboy']",Toys,Premium
22381,TOY TIDY PINK POLKADOT,2.1,"['toy', 'tidy', 'pink']",Toys,Premium
22382,LUNCH BAG SPACEBOY DESIGN,1.65,"['lunch', 'bag', 'spaceboy', 'design']",Home Decor,Standard
22383,LUNCH BAG SUKI  DESIGN,1.65,"['lunch', 'bag', 'suki', 'design']",Home Decor,Standard
22384,LUNCH BAG PINK POLKADOT,1.65,"['lunch', 'bag', 'pink']",Bags,Standard
22385,JUMBO BAG SPACEBOY DESIGN,2.08,"['jumbo', 'bag', 'spaceboy', 'design']",Home Decor,Premium
22386,JUMBO BAG PINK POLKADOT,2.08,"['jumbo', 'bag']",Bags,Premium
22389,PAPERWEIGHT SAVE THE PLANET,2.55,"['paperweight', 'save', 'planet']",Stationery,Premium
22390,PAPERWEIGHT CHILDHOOD MEMORIES,2.55,"['paperweight', 'childhood', 'memories']",Stationery,Premium
22391,PAPERWEIGHT HOME SWEET HOME,1.7,"['paperweight', 'home', 'sweet']",Stationery,Standard
22393,PAPERWEIGHT VINTAGE COLLAGE,2.55,"['vintage', 'collage']",Stationery,Premium
22394,PAPERWEIGHT KINGS CHOICE,1.7,['king'],Stationery,Standard
22395,PAPERWEIGHT VINTAGE PAISLEY,0.85,"['vintage', 'paisley']",Stationery,Budget
22396,MAGNETS PACK OF 4 RETRO PHOTO,0.39,"['magnets', 'pack', 'retro', 'photo']",Other,Budget
22398,MAGNETS PACK OF 4 SWALLOWS,0.39,"['magnets', 'pack', 'swallows']",Other,Budget
22399,MAGNETS PACK OF 4 CHILDHOOD MEMORY,1.25,"['magnets', 'pack', 'childhood', 'memory']",Other,Standard
22400,MAGNETS PACK OF 4 HOME SWEET HOME,0.39,"['magnets', 'pack', 'home', 'sweet']",Food,Budget
22402,MAGNETS PACK OF 4 VINTAGE COLLAGE,0.39,"['magnets', 'pack', 'vintage', 'collage']",Other,Budget
22403,MAGNETS PACK OF 4 VINTAGE LABELS,0.39,"['magnets', 'pack', 'vintage', 'label']",Other,Budget
22405,MONEY BOX POCKET MONEY DESIGN,1.25,"['money', 'box', 'pocket', 'design']",Home Decor,Standard
22406,MONEY BOX KINGS CHOICE DESIGN,1.25,"['money', 'box', 'king', 'design']",Home Decor,Standard
22407,MONEY BOX FIRST ADE DESIGN,1.25,"['money', 'box', 'ade', 'design']",Home Decor,Standard
22408,MONEY BOX CONFECTIONERY DESIGN,1.25,"['money', 'box', 'confectionery', 'design']",Home Decor,Standard
22409,MONEY BOX BISCUITS DESIGN,1.25,"['money', 'box', 'biscuit', 'design']",Home Decor,Standard
22410,MONEY BOX HOUSEKEEPING DESIGN,1.25,"['money', 'box', 'housekeeping', 'design']",Home Decor,Standard
22411,JUMBO SHOPPER VINTAGE RED PAISLEY,2.08,"['jumbo', 'shopper', 'vintage', 'red', 'paisley']",Other,Premium
22412,METAL SIGN NEIGHBOURHOOD WITCH,2.1,"['metal', 'neighbourhood', 'witch']",Home Decor,Premium
22413,METAL SIGN TAKE IT OR LEAVE IT,2.95,['metal'],Home Decor,Premium
22414,DOORMAT NEIGHBOURHOOD WITCH,7.95,"['doormat', 'neighbourhood', 'witch']",Other,Luxury
22415,WHITE TISSUE REAM,7.95,"['white', 'tissue', 'ream']",Other,Luxury
22416,SET OF 36 DOILIES SPACEBOY DESIGN,1.45,"['doily', 'spaceboy', 'design']",Home Decor,Standard
22417,PACK OF 60 SPACEBOY CAKE CASES,0.55,"['pack', 'spaceboy', 'cake', 'case']",Bags,Budget
22418,10 COLOUR SPACEBOY PEN,0.85,"['colour', 'spaceboy', 'pen']",Stationery,Budget
22419,LIPSTICK PEN RED,0.42,"['lipstick', 'pen', 'red']",Stationery,Budget
22420,LIPSTICK PEN BABY PINK,0.42,"['lipstick', 'pen', 'baby', 'pink']",Stationery,Budget
22421,LIPSTICK PEN FUSCHIA,0.42,"['lipstick', 'pen', 'fuschia']",Stationery,Budget
22422,TOOTHPASTE TUBE PEN,0.65,"['toothpaste', 'tube', 'pen']",Stationery,Budget
22423,REGENCY CAKESTAND 3 TIER,12.75,"['regency', 'cakestand', 'tier']",Food,Luxury
22424,ENAMEL BREAD BIN CREAM,12.75,"['enamel', 'bread', 'bin', 'cream']",Beauty,Luxury
22425,ENAMEL COLANDER CREAM,4.95,"['enamel', 'colander', 'cream']",Beauty,Luxury
22426,ENAMEL WASH BOWL CREAM,3.75,"['enamel', 'bowl', 'cream']",Kitchen,Premium
22427,ENAMEL FLOWER JUG CREAM,5.95,"['enamel', 'flower', 'jug', 'cream']",Kitchen,Luxury
22428,ENAMEL FIRE BUCKET CREAM,6.95,"['enamel', 'fire', 'bucket', 'cream']",Beauty,Luxury
22429,ENAMEL MEASURING JUG CREAM,4.25,"['enamel', 'jug', 'cream']",Kitchen,Luxury
22430,ENAMEL WATERING CAN CREAM,4.95,"['enamel', 'watering']",Garden,Luxury
22431,WATERING CAN BLUE ELEPHANT,1.95,"['watering', 'blue']",Garden,Standard
22432,WATERING CAN PINK BUNNY,1.95,"['watering', 'pink', 'bunny']",Garden,Standard
22433,WATERING CAN GREEN DINOSAUR,1.95,"['watering', 'dinosaur']",Garden,Standard
22434,BALLOON PUMP WITH 10 BALLOONS,1.95,"['balloon', 'pump']",Toys,Standard
22435,SET OF 9 HEART SHAPED BALLOONS,1.25,"['heart', 'shaped']",Home Decor,Standard
22436,12 COLOURED PARTY BALLOONS,0.65,"['coloured', 'party', 'balloon']",Toys,Budget
22437,SET OF 9 BLACK SKULL BALLOONS,0.85,"['black', 'skull', 'balloon']",Toys,Budget
22438,BALLOON ART MAKE YOUR OWN FLOWERS,1.95,"['balloon', 'art', 'flower']",Toys,Standard
22439,6 ROCKET BALLOONS,0.65,"['rocket', 'balloon']",Toys,Budget
22440,BALLOON WATER BOMB PACK OF 35,0.42,"['balloon', 'water', 'bomb', 'pack']",Toys,Budget
22441,GROW YOUR OWN BASIL IN ENAMEL MUG,2.1,"['basil', 'enamel', 'mug']",Kitchen,Premium
22442,GROW YOUR OWN FLOWERS SET OF 3,7.95,"['flower', 'set']",Garden,Luxury
22443,GROW YOUR OWN HERBS SET OF 3,7.95,"['herbs', 'set']",Other,Luxury
22444,GROW YOUR OWN PLANT IN A CAN,1.25,['plant'],Garden,Standard
22445,PENCIL CASE LIFE IS BEAUTIFUL,2.95,"['pencil', 'case', 'life']",Stationery,Premium
22446,PIN CUSHION BABUSHKA PINK,3.35,"['pin', 'cushion', 'babushka', 'pink']",Other,Premium
22447,PIN CUSHION BABUSHKA BLUE,3.35,"['pin', 'cushion', 'babushka', 'blue']",Other,Premium
22448,PIN CUSHION BABUSHKA RED,3.35,"['pin', 'cushion', 'babushka', 'red']",Other,Premium
22449,SILK PURSE BABUSHKA PINK,3.35,"['silk', 'purse', 'babushka', 'pink']",Bags,Premium
22450,SILK PURSE BABUSHKA BLUE,3.35,"['silk', 'babushka', 'blue']",Bags,Premium
22451,SILK PURSE BABUSHKA RED,3.35,"['silk', 'babushka', 'red']",Bags,Premium
22452,MEASURING TAPE BABUSHKA PINK,2.95,"['tape', 'babushka', 'pink']",Stationery,Premium
22453,MEASURING TAPE BABUSHKA BLUE,2.95,"['tape', 'babushka', 'blue']",Stationery,Premium
22454,MEASURING TAPE BABUSHKA RED,2.95,"['tape', 'babushka', 'red']",Stationery,Premium
22456,NATURAL SLATE CHALKBOARD LARGE,4.95,"['natural', 'slate', 'chalkboard', 'large']",Other,Luxury
22457,NATURAL SLATE HEART CHALKBOARD,2.95,"['natural', 'slate', 'heart']",Home Decor,Premium
22458,CAST IRON HOOK GARDEN FORK,2.55,"['cast', 'iron', 'hook', 'fork']",Kitchen,Premium
22459,CAST IRON HOOK GARDEN TROWEL,2.55,"['cast', 'hook', 'trowel']",Garden,Premium
22460,EMBOSSED GLASS TEALIGHT HOLDER,1.25,"['glass', 'tealight', 'holder']",Home Decor,Standard
22461,SAVOY ART DECO CLOCK,3.95,"['savoy', 'art', 'deco', 'clock']",Home Decor,Luxury
22464,HANGING METAL HEART LANTERN,1.65,"['metal', 'heart', 'lantern']",Home Decor,Standard
22465,HANGING METAL STAR LANTERN,1.65,"['metal', 'star', 'lantern']",Home Decor,Standard
22466,FAIRY TALE COTTAGE NIGHTLIGHT,1.95,"['fairy', 'tale', 'cottage', 'nightlight']",Home Decor,Standard
22467,GUMBALL COAT RACK,2.55,"['gumball', 'coat', 'rack']",Toys,Premium
22468,BABUSHKA LIGHTS STRING OF 10,6.75,"['lights', 'string']",Home Decor,Luxury
22469,HEART OF WICKER SMALL,1.65,"['heart', 'wicker']",Home Decor,Standard
22470,HEART OF WICKER LARGE,2.95,"['heart', 'wicker', 'large']",Home Decor,Premium
22471,TV DINNER TRAY AIR HOSTESS,4.95,"['tv', 'dinner', 'tray', 'air', 'hostess']",Kitchen,Luxury
22472,TV DINNER TRAY DOLLY GIRL,4.95,"['tv', 'dinner', 'tray', 'girl']",Kitchen,Luxury
22473,TV DINNER TRAY VINTAGE PAISLEY,4.95,"['tv', 'dinner', 'tray', 'vintage', 'paisley']",Kitchen,Luxury
22474,SPACEBOY TV DINNER TRAY,4.95,"['spaceboy', 'tv', 'dinner', 'tray']",Kitchen,Luxury
22475,SKULL DESIGN TV DINNER TRAY,4.95,"['skull', 'design', 'tv', 'dinner', 'tray']",Home Decor,Luxury
22476,EMPIRE UNION JACK TV DINNER TRAY,4.95,"['empire', 'union', 'jack', 'tv', 'dinner', 'tray']",Kitchen,Luxury
22477,WATERING CAN GARDEN MARKER,1.25,"['watering', 'garden', 'marker']",Garden,Standard
22478,BIRDHOUSE GARDEN MARKER,1.25,"['birdhouse', 'garden', 'marker']",Garden,Standard
22479,DAISY GARDEN MARKER,1.25,"['daisy', 'marker']",Garden,Standard
22480,RED TEA TOWEL CLASSIC DESIGN,1.25,"['red', 'tea', 'towel', 'classic', 'design']",Home Decor,Standard
22481,BLACK TEA TOWEL CLASSIC DESIGN,1.25,"['black', 'tea', 'towel', 'classic', 'design']",Home Decor,Standard
22482,BLUE TEA TOWEL CLASSIC DESIGN,1.25,"['blue', 'tea', 'towel', 'classic', 'design']",Home Decor,Standard
22483,RED GINGHAM TEDDY BEAR,2.95,"['gingham', 'teddy', 'bear']",Toys,Premium
22485,SET OF 2 WOODEN MARKET CRATES,12.75,"['market', 'crate']",Other,Luxury
22486,PLASMATRONIC LAMP,6.119999999999999,"['plasmatronic', 'lamp']",Electronics,Luxury
22487,WHITE WOOD GARDEN PLANT LADDER,9.95,"['wood', 'garden', 'plant', 'ladder']",Garden,Luxury
22488,NATURAL SLATE RECTANGLE CHALKBOARD,1.65,"['natural', 'slate', 'rectangle']",Other,Standard
22489,PACK OF 12 TRADITIONAL CRAYONS,0.42,"['pack', 'traditional', 'crayon']",Other,Budget
22491,PACK OF 12 COLOURED PENCILS,0.85,"['pack', 'pencil']",Stationery,Budget
22492,MINI PAINT SET VINTAGE,0.65,"['mini', 'paint', 'set', 'vintage']",Other,Budget
22493,PAINT YOUR OWN CANVAS SET,1.65,"['paint', 'canvas', 'set']",Other,Standard
22494,EMERGENCY FIRST AID TIN,1.25,"['emergency', 'aid', 'tin']",Kitchen,Standard
22495,SET OF 2 ROUND TINS CAMEMBERT,2.95,"['round', 'tin', 'camembert']",Kitchen,Premium
22496,SET OF 2 ROUND TINS DUTCH CHEESE,2.95,"['round', 'tin', 'cheese']",Kitchen,Premium
22497,SET OF 2 TINS VINTAGE BATHROOM,4.25,"['tin', 'vintage', 'bathroom']",Kitchen,Luxury
22498,WOODEN REGATTA BUNTING,5.95,"['wooden', 'regatta', 'bunting']",Kitchen,Luxury
22499,WOODEN UNION JACK BUNTING,5.95,"['wooden', 'union', 'jack', 'bunting']",Kitchen,Luxury
22500,SET OF 2 TINS JARDIN DE PROVENCE,4.95,"['tin', 'jardin', 'de', 'provence']",Kitchen,Luxury
22501,PICNIC BASKET WICKER LARGE,9.95,"['picnic', 'wicker', 'large']",Other,Luxury
22502,PICNIC BASKET WICKER SMALL,5.95,"['picnic', 'small']",Other,Luxury
22503,CABIN BAG VINTAGE PAISLEY,29.95,"['bag', 'vintage', 'paisley']",Bags,Luxury
22504,CABIN BAG VINTAGE RETROSPOT,29.95,"['bag', 'vintage', 'retrospot']",Garden,Luxury
22505,MEMO BOARD COTTAGE DESIGN,4.95,"['memo', 'board', 'cottage', 'design']",Home Decor,Luxury
22507,MEMO BOARD RETROSPOT  DESIGN,4.95,"['memo', 'board', 'retrospot', 'design']",Home Decor,Luxury
22508,DOORSTOP RETROSPOT HEART,3.75,"['doorstop', 'retrospot', 'heart']",Home Decor,Premium
22509,SEWING BOX RETROSPOT DESIGN,16.95,"['sewing', 'box', 'retrospot', 'design']",Home Decor,Luxury
22510,GINGHAM BABUSHKA DOORSTOP,3.75,"['gingham', 'babushka', 'doorstop']",Other,Premium
22511,RETROSPOT BABUSHKA DOORSTOP,1.25,"['retrospot', 'babushka', 'doorstop']",Garden,Standard
22512,DOORSTOP RACING CAR DESIGN,3.5700000000000003,"['racing', 'car', 'design']",Home Decor,Premium
22513,DOORSTOP FOOTBALL DESIGN,3.75,"['doorstop', 'football', 'design']",Home Decor,Premium
22514,CHILDS GARDEN SPADE BLUE,2.1,"['childs', 'garden', 'blue']",Garden,Premium
22515,CHILDS GARDEN SPADE PINK,2.1,"['childs', 'garden']",Garden,Premium
22516,CHILDS GARDEN RAKE BLUE,2.1,"['childs', 'garden', 'blue']",Garden,Premium
22517,CHILDS GARDEN RAKE PINK,2.1,"['childs', 'garden', 'rake', 'pink']",Garden,Premium
22518,CHILDS GARDEN BRUSH BLUE,2.1,"['childs', 'garden', 'brush', 'blue']",Garden,Premium
22519,CHILDS GARDEN BRUSH PINK,2.1,"['childs', 'garden', 'brush', 'pink']",Garden,Premium
22520,CHILDS GARDEN TROWEL BLUE,0.85,"['childs', 'blue']",Garden,Budget
22521,CHILDS GARDEN TROWEL PINK,0.85,"['childs', 'trowel', 'pink']",Garden,Budget
22522,CHILDS GARDEN FORK BLUE,0.85,"['childs', 'garden', 'blue']",Kitchen,Budget
22523,CHILDS GARDEN FORK PINK,0.85,"['childs', 'garden', 'pink']",Kitchen,Budget
22524,CHILDRENS GARDEN GLOVES BLUE,1.25,"['garden', 'gloves', 'blue']",Garden,Standard
22525,CHILDRENS GARDEN GLOVES PINK,1.25,"['garden', 'gloves', 'pink']",Garden,Standard
22526,WHEELBARROW FOR CHILDREN,12.75,"['wheelbarrow', 'child']",Other,Luxury
22529,MAGIC DRAWING SLATE GO TO THE FAIR,0.42,"['magic', 'drawing', 'slate']",Other,Budget
22530,MAGIC DRAWING SLATE DOLLY GIRL,0.42,"['magic', 'drawing', 'slate', 'girl']",Toys,Budget
22531,MAGIC DRAWING SLATE CIRCUS PARADE,0.42,"['magic', 'drawing', 'slate', 'circus', 'parade']",Other,Budget
22532,MAGIC DRAWING SLATE LEAP FROG,0.42,"['magic', 'drawing', 'slate', 'leap', 'frog']",Other,Budget
22533,MAGIC DRAWING SLATE BAKE A CAKE,0.42,"['magic', 'drawing', 'slate', 'bake', 'cake']",Food,Budget
22534,MAGIC DRAWING SLATE SPACEBOY,0.42,"['magic', 'drawing', 'slate', 'spaceboy']",Other,Budget
22535,MAGIC DRAWING SLATE BUNNIES,0.42,"['magic', 'drawing', 'slate']",Other,Budget
22536,MAGIC DRAWING SLATE PURDEY,0.42,"['magic', 'drawing', 'slate', 'purdey']",Other,Budget
22537,MAGIC DRAWING SLATE DINOSAUR,0.42,"['magic', 'drawing', 'slate', 'dinosaur']",Other,Budget
22538,MINI JIGSAW GO TO THE FAIR,0.42,"['mini', 'jigsaw']",Other,Budget
22539,MINI JIGSAW DOLLY GIRL,0.42,"['mini', 'jigsaw', 'girl']",Toys,Budget
22540,MINI JIGSAW CIRCUS PARADE,0.42,"['mini', 'jigsaw', 'circus', 'parade']",Other,Budget
22541,MINI JIGSAW LEAP FROG,0.42,"['mini', 'jigsaw', 'leap', 'frog']",Other,Budget
22543,MINI JIGSAW BAKE A CAKE,0.42,"['mini', 'jigsaw', 'bake', 'cake']",Food,Budget
22544,MINI JIGSAW SPACEBOY,0.42,"['mini', 'jigsaw', 'spaceboy']",Other,Budget
22545,MINI JIGSAW BUNNIES,0.42,"['mini', 'jigsaw']",Other,Budget
22546,MINI JIGSAW PURDEY,0.42,"['mini', 'jigsaw', 'purdey']",Other,Budget
22547,MINI JIGSAW DINOSAUR,0.42,"['mini', 'jigsaw', 'dinosaur']",Other,Budget
22548,HEADS AND TAILS SPORTING FUN,1.25,"['heads', 'tails', 'sporting', 'fun']",Kitchen,Standard
22549,PICTURE DOMINOES,1.45,"['picture', 'domino']",Other,Standard
22550,HOLIDAY FUN LUDO,3.75,"['holiday', 'fun', 'ludo']",Other,Premium
22551,PLASTERS IN TIN SPACEBOY,1.65,"['tin', 'spaceboy']",Kitchen,Standard
22553,PLASTERS IN TIN SKULLS,1.65,"['tin', 'skulls']",Kitchen,Standard
22554,PLASTERS IN TIN WOODLAND ANIMALS,1.65,"['tin', 'woodland', 'animal']",Kitchen,Standard
22555,PLASTERS IN TIN STRONGMAN,1.65,"['tin', 'strongman']",Kitchen,Standard
22556,PLASTERS IN TIN CIRCUS PARADE,1.65,"['tin', 'circus', 'parade']",Kitchen,Standard
22557,PLASTERS IN TIN VINTAGE PAISLEY,1.65,"['tin', 'vintage', 'paisley']",Kitchen,Standard
22558,CLOTHES PEGS RETROSPOT PACK 24,1.65,"['pegs', 'retrospot', 'pack']",Garden,Standard
22559,SEASIDE FLYING DISC,1.25,"['seaside', 'disc']",Other,Standard
22560,TRADITIONAL MODELLING CLAY,1.25,"['traditional', 'modelling', 'clay']",Other,Standard
22561,WOODEN SCHOOL COLOURING SET,1.65,"['wooden', 'school', 'colouring', 'set']",Jewellery,Standard
22562,MONSTERS STENCIL CRAFT,1.25,"['monster', 'stencil', 'craft']",Other,Standard
22563,HAPPY STENCIL CRAFT,1.25,"['happy', 'stencil']",Other,Standard
22564,ALPHABET STENCIL CRAFT,1.25,['alphabet'],Other,Standard
22565,FELTCRAFT HAIRBANDS PINK AND WHITE,0.85,"['feltcraft', 'hairband', 'pink']",Other,Budget
22566,FELTCRAFT HAIRBAND PINK AND PURPLE,0.85,['pink'],Other,Budget
22567,20 DOLLY PEGS RETROSPOT,1.45,"['dolly', 'peg']",Toys,Standard
22568,FELTCRAFT CUSHION OWL,3.75,"['feltcraft', 'cushion', 'owl']",Other,Premium
22569,FELTCRAFT CUSHION BUTTERFLY,3.75,"['feltcraft', 'cushion', 'butterfly']",Other,Premium
22570,FELTCRAFT CUSHION RABBIT,3.75,"['feltcraft', 'cushion', 'rabbit']",Other,Premium
22571,ROCKING HORSE RED CHRISTMAS,0.85,"['horse', 'red', 'christmas']",Christmas,Budget
22572,ROCKING HORSE GREEN CHRISTMAS,0.85,"['horse', 'christmas']",Christmas,Budget
22573,STAR WOODEN CHRISTMAS DECORATION,0.85,"['star', 'christmas', 'decoration']",Home Decor,Budget
22574,HEART WOODEN CHRISTMAS DECORATION,0.85,"['heart', 'christmas', 'decoration']",Home Decor,Budget
22575,METAL MERRY CHRISTMAS WREATH,1.95,"['metal', 'merry', 'christmas', 'wreath']",Christmas,Standard
22576,SWALLOW WOODEN CHRISTMAS DECORATION,0.85,"['swallow', 'christmas', 'decoration']",Home Decor,Budget
22577,WOODEN HEART CHRISTMAS SCANDINAVIAN,0.29,"['heart', 'christmas']",Home Decor,Budget
22578,WOODEN STAR CHRISTMAS SCANDINAVIAN,0.29,"['wooden', 'star', 'christmas', 'scandinavian']",Christmas,Budget
22579,WOODEN TREE CHRISTMAS SCANDINAVIAN,0.29,"['tree', 'christmas', 'scandinavian']",Christmas,Budget
22580,ADVENT CALENDAR GINGHAM SACK,5.95,"['advent', 'calendar', 'gingham', 'sack']",Other,Luxury
22581,WOOD STOCKING CHRISTMAS SCANDISPOT,0.85,"['wood', 'stocking', 'christmas', 'scandispot']",Garden,Budget
22582,PACK OF 6 SWEETIE GIFT BOXES,2.55,"['pack', 'sweetie', 'gift', 'boxes']",Food,Premium
22583,PACK OF 6 HANDBAG GIFT BOXES,2.55,"['pack', 'handbag', 'gift', 'boxes']",Bags,Premium
22584,PACK OF 6 PANNETONE GIFT BOXES,2.55,"['pack', 'pannetone', 'gift', 'boxes']",Other,Premium
22585,PACK OF 6 BIRDY GIFT TAGS,1.25,"['pack', 'birdy', 'gift', 'tags']",Other,Standard
22586,FELTCRAFT HAIRBAND PINK AND BLUE,0.85,"['pink', 'blue']",Other,Budget
22587,FELTCRAFT HAIRBAND RED AND BLUE,0.85,"['red', 'blue']",Other,Budget
22588,CARD HOLDER GINGHAM HEART,2.89,"['holder', 'gingham', 'heart']",Stationery,Premium
22589,CARDHOLDER GINGHAM STAR,2.89,"['gingham', 'star']",Stationery,Premium
22591,CARDHOLDER GINGHAM CHRISTMAS TREE,3.25,"['christmas', 'tree']",Stationery,Premium
22592,CARDHOLDER HOLLY WREATH METAL,3.75,"['cardholder', 'holly', 'wreath', 'metal']",Stationery,Premium
22593,CHRISTMAS GINGHAM STAR,0.85,"['christmas', 'gingham', 'star']",Christmas,Budget
22594,CHRISTMAS GINGHAM TREE,0.85,"['christmas', 'gingham', 'tree']",Christmas,Budget
22595,CHRISTMAS GINGHAM HEART,0.85,"['christmas', 'gingham', 'heart']",Home Decor,Budget
22596,CHRISTMAS STAR WISH LIST CHALKBOARD,1.25,"['christmas', 'star', 'wish', 'list', 'chalkboard']",Christmas,Standard
22597,CHRISTMAS MUSICAL ZINC HEART,0.29,"['christmas', 'musical', 'zinc', 'heart']",Home Decor,Budget
22598,CHRISTMAS MUSICAL ZINC TREE,0.29,"['christmas', 'musical', 'zinc', 'tree']",Christmas,Budget
22599,CHRISTMAS MUSICAL ZINC STAR,0.29,"['christmas', 'musical', 'zinc', 'star']",Christmas,Budget
22600,CHRISTMAS RETROSPOT STAR WOOD,0.85,"['christmas', 'retrospot', 'star', 'wood']",Garden,Budget
22601,CHRISTMAS RETROSPOT ANGEL WOOD,0.85,"['christmas', 'retrospot', 'angel', 'wood']",Garden,Budget
22602,CHRISTMAS RETROSPOT HEART WOOD,0.85,"['christmas', 'retrospot', 'heart', 'wood']",Home Decor,Budget
22603,CHRISTMAS RETROSPOT TREE WOOD,0.85,"['christmas', 'retrospot', 'tree', 'wood']",Garden,Budget
22604,SET OF 4 NAPKIN CHARMS CUTLERY,2.55,"['napkin', 'charms', 'cutlery']",Other,Premium
22605,WOODEN CROQUET GARDEN SET,14.95,"['wooden', 'garden', 'set']",Garden,Luxury
22606,WOODEN SKITTLES GARDEN SET,15.95,"['wooden', 'skittles', 'garden', 'set']",Garden,Luxury
22607,WOODEN ROUNDERS GARDEN SET,9.95,"['rounder', 'garden', 'set']",Garden,Luxury
22608,PENS ASSORTED FUNKY JEWELED,0.19,"['assorted', 'funky', 'jeweled']",Stationery,Budget
22609,PENS ASSORTED SPACEBALL,0.19,"['assorted', 'spaceball']",Stationery,Budget
22610,PENS ASSORTED FUNNY FACE,0.19,"['assorted', 'funny', 'face']",Stationery,Budget
22611,VINTAGE UNION JACK SHOPPING BAG,4.95,"['vintage', 'union', 'jack', 'shopping', 'bag']",Bags,Luxury
22613,PACK OF 20 SPACEBOY NAPKINS,0.85,"['pack', 'spaceboy', 'napkin']",Other,Budget
22614,PACK OF 12 SPACEBOY TISSUES,0.29,"['pack', 'spaceboy', 'tissue']",Other,Budget
22615,PACK OF 12 CIRCUS PARADE TISSUES,0.29,"['pack', 'circus', 'parade', 'tissue']",Other,Budget
22616,PACK OF 12 LONDON TISSUES,0.29,"['pack', 'london', 'tissue']",Other,Budget
22617,BAKING SET SPACEBOY DESIGN,4.95,"['set', 'spaceboy', 'design']",Home Decor,Luxury
22618,COOKING SET RETROSPOT,9.95,"['cooking', 'set', 'retrospot']",Garden,Luxury
22619,SET OF 6 SOLDIER SKITTLES,3.75,"['soldier', 'skittles']",Other,Premium
22620,4 TRADITIONAL SPINNING TOPS,1.45,"['spinning', 'top']",Other,Standard
22621,TRADITIONAL KNITTING NANCY,1.65,"['traditional', 'knitting', 'nancy']",Kitchen,Standard
22622,BOX OF VINTAGE ALPHABET BLOCKS,11.95,"['box', 'vintage', 'alphabet', 'block']",Other,Luxury
22623,BOX OF VINTAGE JIGSAW BLOCKS,5.95,"['box', 'vintage', 'jigsaw', 'block']",Other,Luxury
22624,IVORY KITCHEN SCALES,8.5,"['ivory', 'kitchen', 'scales']",Other,Luxury
22625,RED KITCHEN SCALES,8.5,"['red', 'kitchen', 'scales']",Other,Luxury
22626,BLACK KITCHEN SCALES,8.5,"['black', 'kitchen', 'scales']",Other,Luxury
22627,MINT KITCHEN SCALES,8.5,"['mint', 'kitchen', 'scales']",Other,Luxury
22628,PICNIC BOXES SET OF 3 RETROSPOT,4.95,"['picnic', 'boxes', 'set', 'retrospot']",Garden,Luxury
22629,SPACEBOY LUNCH BOX,1.95,"['spaceboy', 'lunch', 'box']",Other,Standard
22630,DOLLY GIRL LUNCH BOX,1.95,"['girl', 'lunch', 'box']",Toys,Standard
22631,CIRCUS PARADE LUNCH BOX,1.95,"['circus', 'parade', 'lunch', 'box']",Other,Standard
22632,HAND WARMER RED POLKA DOT,2.1,"['hand', 'warmer', 'red', 'polka', 'dot']",Other,Premium
22633,HAND WARMER UNION JACK,2.1,"['hand', 'warmer', 'union', 'jack']",Other,Premium
22634,CHILDS BREAKFAST SET SPACEBOY,9.95,"['childs', 'breakfast', 'set', 'spaceboy']",Other,Luxury
22635,CHILDS BREAKFAST SET DOLLY GIRL,9.95,"['childs', 'breakfast', 'set', 'dolly', 'girl']",Toys,Luxury
22636,CHILDS BREAKFAST SET CIRCUS PARADE,8.5,"['childs', 'breakfast', 'set', 'circus', 'parade']",Other,Luxury
22637,PIGGY BANK RETROSPOT,2.55,"['piggy', 'bank', 'retrospot']",Garden,Premium
22638,SET OF 4 NAPKIN CHARMS CROWNS,2.55,"['napkin', 'charms', 'crowns']",Other,Premium
22639,SET OF 4 NAPKIN CHARMS HEARTS,2.55,"['napkin', 'charms', 'hearts']",Home Decor,Premium
22640,SET OF 4 NAPKIN CHARMS 3 KEYS,2.55,"['napkin', 'charms', 'keys']",Other,Premium
22641,SET OF 4 NAPKIN CHARMS INSTRUMENT,2.55,"['napkin', 'charms', 'instrument']",Other,Premium
22642,SET OF 4 NAPKIN CHARMS STARS,2.55,"['napkin', 'charms', 'star']",Other,Premium
22643,SET OF 4 NAPKIN CHARMS LEAVES,2.55,"['napkin', 'charms', 'leaves']",Other,Premium
22644,CERAMIC CHERRY CAKE MONEY BANK,1.45,"['ceramic', 'cherry', 'cake', 'money', 'bank']",Food,Standard
22645,CERAMIC HEART FAIRY CAKE MONEY BANK,1.45,"['ceramic', 'heart', 'fairy', 'cake', 'money', 'bank']",Home Decor,Standard
22646,CERAMIC STRAWBERRY CAKE MONEY BANK,1.45,"['ceramic', 'cake', 'money', 'bank']",Food,Standard
22647,CERAMIC LOVE HEART MONEY BANK,0.9349999999999999,"['ceramic', 'love', 'heart', 'money', 'bank']",Home Decor,Standard
22649,STRAWBERRY FAIRY CAKE TEAPOT,4.95,"['fairy', 'cake', 'teapot']",Kitchen,Luxury
22650,CERAMIC PIRATE CHEST MONEY BANK,1.45,"['ceramic', 'pirate', 'chest', 'money', 'bank']",Other,Standard
22651,GENTLEMAN SHIRT REPAIR KIT,0.85,"['gentleman', 'shirt', 'repair', 'kit']",Clothing,Budget
22652,TRAVEL SEWING KIT,1.65,"['travel', 'sewing', 'kit']",Other,Standard
22653,BUTTON BOX,1.95,"['button', 'box']",Other,Standard
22654,DELUXE SEWING KIT,5.95,"['deluxe', 'sewing', 'kit']",Other,Luxury
22655,VINTAGE RED KITCHEN CABINET,125.0,"['vintage', 'kitchen', 'cabinet']",Other,Luxury
22656,VINTAGE BLUE KITCHEN CABINET,125.0,"['vintage', 'blue', 'kitchen', 'cabinet']",Other,Luxury
22659,LUNCH BOX I LOVE LONDON,1.95,"['lunch', 'box', 'love', 'london']",Other,Standard
22660,DOORMAT I LOVE LONDON,7.95,"['doormat', 'love', 'london']",Other,Luxury
22661,CHARLOTTE BAG DOLLY GIRL DESIGN,0.85,"['charlotte', 'bag', 'girl', 'design']",Home Decor,Budget
22662,LUNCH BAG DOLLY GIRL DESIGN,1.65,"['lunch', 'bag', 'girl', 'design']",Home Decor,Standard
22663,JUMBO BAG DOLLY GIRL DESIGN,2.08,"['jumbo', 'bag', 'girl', 'design']",Home Decor,Premium
22664,TOY TIDY DOLLY GIRL DESIGN,2.1,"['toy', 'tidy', 'dolly', 'girl', 'design']",Home Decor,Premium
22665,RECIPE BOX BLUE SKETCHBOOK DESIGN,2.95,"['recipe', 'box', 'blue', 'sketchbook', 'design']",Stationery,Premium
22666,RECIPE BOX PANTRY YELLOW DESIGN,2.95,"['recipe', 'box', 'pantry', 'yellow', 'design']",Home Decor,Premium
22667,RECIPE BOX RETROSPOT,2.95,"['recipe', 'box', 'retrospot']",Garden,Premium
22668,PINK BABY BUNTING,2.95,"['pink', 'baby', 'bunting']",Kitchen,Premium
22669,RED BABY BUNTING,2.95,"['red', 'baby', 'bunting']",Kitchen,Premium
22670,FRENCH WC SIGN BLUE METAL,1.25,"['french', 'wc', 'metal']",Home Decor,Standard
22671,FRENCH LAUNDRY SIGN BLUE METAL,1.65,"['french', 'laundry', 'blue', 'metal']",Home Decor,Standard
22672,FRENCH BATHROOM SIGN BLUE METAL,1.65,"['french', 'bathroom', 'metal']",Home Decor,Standard
22673,FRENCH GARDEN SIGN BLUE METAL,1.25,"['garden', 'metal']",Home Decor,Standard
22674,FRENCH TOILET SIGN BLUE METAL,1.25,"['toilet', 'metal']",Home Decor,Standard
22675,FRENCH KITCHEN SIGN BLUE METAL,1.25,"['french', 'kitchen', 'metal']",Home Decor,Standard
22676,FRENCH BLUE METAL DOOR SIGN 1,1.25,"['metal', 'door']",Home Decor,Standard
22677,FRENCH BLUE METAL DOOR SIGN 2,1.25,"['metal', 'door']",Home Decor,Standard
22678,FRENCH BLUE METAL DOOR SIGN 3,1.25,"['metal', 'door']",Home Decor,Standard
22679,FRENCH BLUE METAL DOOR SIGN 4,1.25,"['metal', 'door']",Home Decor,Standard
22680,FRENCH BLUE METAL DOOR SIGN 5,1.25,"['metal', 'door']",Home Decor,Standard
22681,FRENCH BLUE METAL DOOR SIGN 6,1.25,"['metal', 'door']",Home Decor,Standard
22682,FRENCH BLUE METAL DOOR SIGN 7,1.25,"['metal', 'door']",Home Decor,Standard
22683,FRENCH BLUE METAL DOOR SIGN 8,1.25,"['metal', 'door']",Home Decor,Standard
22684,FRENCH BLUE METAL DOOR SIGN 9,1.25,"['metal', 'door']",Home Decor,Standard
22685,FRENCH BLUE METAL DOOR SIGN 0,1.25,"['metal', 'door', 'sign']",Home Decor,Standard
22686,FRENCH BLUE METAL DOOR SIGN No,1.25,"['metal', 'door']",Home Decor,Standard
22687,DOORMAT CHRISTMAS VILLAGE,8.25,"['doormat', 'christmas', 'village']",Christmas,Luxury
22688,DOORMAT PEACE ON EARTH BLUE,7.95,"['peace', 'earth', 'blue']",Other,Luxury
22689,DOORMAT MERRY CHRISTMAS RED,8.25,"['doormat', 'merry', 'christmas', 'red']",Christmas,Luxury
22690,DOORMAT HOME SWEET HOME BLUE,7.95,"['doormat', 'home', 'sweet', 'blue']",Food,Luxury
22691,DOORMAT WELCOME SUNRISE,7.95,"['doormat', 'welcome', 'sunrise']",Other,Luxury
22692,DOORMAT WELCOME TO OUR HOME,7.95,"['doormat', 'home']",Other,Luxury
22693,GROW A FLYTRAP OR SUNFLOWER IN TIN,1.25,"['sunflower', 'tin']",Kitchen,Standard
22694,WICKER STAR,2.1,"['wicker', 'star']",Other,Premium
22695,WICKER WREATH SMALL,1.45,"['wicker', 'wreath', 'small']",Other,Standard
22696,WICKER WREATH LARGE,1.95,"['wicker', 'wreath', 'large']",Other,Standard
22697,GREEN REGENCY TEACUP AND SAUCER,2.95,"['green', 'regency', 'teacup', 'saucer']",Kitchen,Premium
22698,PINK REGENCY TEACUP AND SAUCER,2.95,"['pink', 'regency', 'teacup', 'saucer']",Kitchen,Premium
22699,ROSES REGENCY TEACUP AND SAUCER,2.95,"['roses', 'regency', 'teacup', 'saucer']",Kitchen,Premium
22700,BLACK AND WHITE DOG BOWL,2.95,"['black', 'white', 'dog', 'bowl']",Kitchen,Premium
22701,PINK DOG BOWL,2.95,"['pink', 'dog', 'bowl']",Kitchen,Premium
22702,BLACK AND WHITE CAT BOWL,2.1,"['black', 'white', 'cat', 'bowl']",Kitchen,Premium
22703,PINK CAT BOWL,2.1,"['pink', 'cat', 'bowl']",Kitchen,Premium
22704,WRAP RED APPLES,0.42,"['wrap', 'red', 'apple']",Other,Budget
22705,WRAP GREEN PEARS,0.42,"['wrap', 'green', 'pear']",Other,Budget
22706,WRAP COWBOYS,0.42,"['wrap', 'cowboys']",Other,Budget
22707,WRAP MONSTER FUN,0.42,"['wrap', 'monster', 'fun']",Other,Budget
22708,WRAP DOLLY GIRL,0.42,"['wrap', 'girl']",Toys,Budget
22709,WRAP WEDDING DAY,0.42,"['wrap', 'wedding', 'day']",Other,Budget
22710,WRAP I LOVE LONDON,0.42,"['wrap', 'love', 'london']",Other,Budget
22711,WRAP CIRCUS PARADE,0.42,"['wrap', 'circus', 'parade']",Other,Budget
22712,CARD DOLLY GIRL,0.42,"['card', 'girl']",Stationery,Budget
22713,CARD I LOVE LONDON,0.42,"['love', 'london']",Stationery,Budget
22714,CARD BIRTHDAY COWBOY,0.42,['cowboy'],Stationery,Budget
22715,CARD WEDDING DAY,0.42,"['wedding', 'day']",Stationery,Budget
22716,CARD CIRCUS PARADE,0.42,"['circus', 'parade']",Stationery,Budget
22717,CARD DOG AND BALL,0.42,"['dog', 'ball']",Stationery,Budget
22718,CARD CAT AND TREE,0.42,"['cat', 'tree']",Stationery,Budget
22719,GUMBALL MONOCHROME COAT RACK,1.25,"['gumball', 'monochrome', 'coat', 'rack']",Toys,Standard
22720,SET OF 3 CAKE TINS PANTRY DESIGN,4.95,"['cake', 'tin', 'pantry', 'design']",Home Decor,Luxury
22721,SET OF 3 CAKE TINS SKETCHBOOK,4.95,"['cake', 'tin', 'sketchbook']",Stationery,Luxury
22722,SET OF 6 SPICE TINS PANTRY DESIGN,3.95,"['spice', 'tin', 'pantry', 'design']",Home Decor,Luxury
22723,SET OF 6 HERB TINS SKETCHBOOK,3.95,"['herb', 'tin', 'sketchbook']",Stationery,Luxury
22725,ALARM CLOCK BAKELIKE CHOCOLATE,3.75,"['alarm', 'clock', 'bakelike', 'chocolate']",Home Decor,Premium
22726,ALARM CLOCK BAKELIKE GREEN,3.75,"['alarm', 'clock', 'bakelike', 'green']",Home Decor,Premium
22727,ALARM CLOCK BAKELIKE RED,3.75,"['alarm', 'clock', 'bakelike', 'red']",Home Decor,Premium
22728,ALARM CLOCK BAKELIKE PINK,3.75,"['alarm', 'clock', 'bakelike', 'pink']",Home Decor,Premium
22729,ALARM CLOCK BAKELIKE ORANGE,3.75,"['alarm', 'clock', 'bakelike', 'orange']",Home Decor,Premium
22730,ALARM CLOCK BAKELIKE IVORY,3.75,"['alarm', 'clock', 'bakelike', 'ivory']",Home Decor,Premium
22731,3D CHRISTMAS STAMPS STICKERS,1.25,"['christmas', 'stamps', 'sticker']",Stationery,Standard
22732,3D VINTAGE CHRISTMAS STICKERS,1.25,"['vintage', 'christmas', 'sticker']",Stationery,Standard
22733,3D TRADITIONAL CHRISTMAS STICKERS,1.25,"['traditional', 'christmas', 'sticker']",Stationery,Standard
22734,SET OF 6 RIBBONS VINTAGE CHRISTMAS,2.89,"['ribbons', 'vintage', 'christmas']",Christmas,Premium
22735,RIBBON REEL SOCKS AND MITTENS,1.65,"['ribbon', 'reel', 'sock', 'mittens']",Clothing,Standard
22736,RIBBON REEL MAKING SNOWMEN,1.65,"['ribbon', 'snowmen']",Other,Standard
22737,RIBBON REEL CHRISTMAS PRESENT,1.65,"['ribbon', 'christmas', 'present']",Christmas,Standard
22738,RIBBON REEL SNOWY VILLAGE,1.65,"['ribbon', 'reel', 'snowy', 'village']",Other,Standard
22739,RIBBON REEL CHRISTMAS SOCK BAUBLE,1.65,"['ribbon', 'christmas', 'sock', 'bauble']",Clothing,Standard
22740,POLKADOT PEN,0.85,['pen'],Stationery,Budget
22741,FUNKY DIVA PEN,0.85,"['funky', 'diva', 'pen']",Stationery,Budget
22742,MAKE YOUR OWN PLAYTIME CARD KIT,2.95,"['card', 'kit']",Stationery,Premium
22743,MAKE YOUR OWN FLOWERPOWER CARD KIT,2.95,"['flowerpower', 'card', 'kit']",Stationery,Premium
22744,MAKE YOUR OWN MONSOON CARD KIT,2.95,"['monsoon', 'card', 'kit']",Stationery,Premium
22745,POPPY'S PLAYHOUSE BEDROOM,2.1,"['poppy', 'playhouse', 'bedroom']",Other,Premium
22746,POPPY'S PLAYHOUSE LIVINGROOM,2.1,"['poppy', 'playhouse', 'livingroom']",Other,Premium
22747,POPPY'S PLAYHOUSE BATHROOM,2.1,"['poppy', 'playhouse', 'bathroom']",Other,Premium
22748,POPPY'S PLAYHOUSE KITCHEN,2.1,"['poppy', 'playhouse', 'kitchen']",Other,Premium
22749,FELTCRAFT PRINCESS CHARLOTTE DOLL,3.75,"['feltcraft', 'princess', 'charlotte', 'doll']",Toys,Premium
22750,FELTCRAFT PRINCESS LOLA DOLL,3.75,"['feltcraft', 'princess', 'lola', 'doll']",Toys,Premium
22751,FELTCRAFT PRINCESS OLIVIA DOLL,3.75,"['feltcraft', 'princess', 'olivia', 'doll']",Toys,Premium
22752,SET 7 BABUSHKA NESTING BOXES,8.5,"['set', 'babushka', 'nesting', 'boxes']",Kitchen,Luxury
22753,SMALL YELLOW BABUSHKA NOTEBOOK,0.85,"['small', 'yellow', 'babushka', 'notebook']",Stationery,Budget
22754,SMALL RED BABUSHKA NOTEBOOK,0.85,"['small', 'red', 'babushka', 'notebook']",Stationery,Budget
22755,SMALL PURPLE BABUSHKA NOTEBOOK,0.85,"['babushka', 'notebook']",Stationery,Budget
22756,LARGE YELLOW BABUSHKA NOTEBOOK,1.25,"['babushka', 'notebook']",Stationery,Standard
22757,LARGE RED BABUSHKA NOTEBOOK,1.25,"['red', 'babushka', 'notebook']",Stationery,Standard
22758,LARGE PURPLE BABUSHKA NOTEBOOK,1.25,"['babushka', 'notebook']",Stationery,Standard
22759,SET OF 3 NOTEBOOKS IN PARCEL,1.65,"['notebooks', 'parcel']",Stationery,Standard
22760,"TRAY, BREAKFAST IN BED",12.75,"['tray', 'breakfast', 'bed']",Kitchen,Luxury
22761,CHEST 7 DRAWER MA CAMPAGNE,24.95,"['chest', 'drawer', 'ma', 'campagne']",Other,Luxury
22762,CUPBOARD 3 DRAWER MA CAMPAGNE,14.95,"['cupboard', 'drawer', 'ma', 'campagne']",Kitchen,Luxury
22763,KEY CABINET MA CAMPAGNE,9.95,"['key', 'cabinet', 'ma', 'campagne']",Other,Luxury
22764,"RUSTIC WOODEN CABINET, GLASS DOORS",24.95,"['rustic', 'wooden', 'cabinet', 'glass', 'doors']",Kitchen,Luxury
22765,NEWSPAPER STAND,14.95,"['newspaper', 'stand']",Stationery,Luxury
22766,PHOTO FRAME CORNICE,2.95,"['photo', 'frame', 'cornice']",Home Decor,Premium
22767,TRIPLE PHOTO FRAME CORNICE,9.95,"['triple', 'photo', 'frame', 'cornice']",Home Decor,Luxury
22768,FAMILY PHOTO FRAME CORNICE,9.95,"['family', 'photo', 'frame', 'cornice']",Home Decor,Luxury
22769,CHALKBOARD KITCHEN ORGANISER,24.95,"['chalkboard', 'kitchen', 'organiser']",Other,Luxury
22770,MIRROR CORNICE,14.95,"['mirror', 'cornice']",Home Decor,Luxury
22771,CLEAR DRAWER KNOB ACRYLIC EDWARDIAN,1.25,"['clear', 'drawer', 'knob', 'acrylic', 'edwardian']",Other,Standard
22772,PINK DRAWER KNOB ACRYLIC EDWARDIAN,1.25,"['pink', 'drawer', 'knob', 'acrylic', 'edwardian']",Other,Standard
22773,GREEN DRAWER KNOB ACRYLIC EDWARDIAN,1.25,"['drawer', 'knob', 'acrylic', 'edwardian']",Other,Standard
22774,RED DRAWER KNOB ACRYLIC EDWARDIAN,1.25,"['drawer', 'knob', 'acrylic', 'edwardian']",Other,Standard
22775,PURPLE DRAWERKNOB ACRYLIC EDWARDIAN,1.25,"['drawerknob', 'acrylic', 'edwardian']",Other,Standard
22776,SWEETHEART CAKESTAND 3 TIER,9.95,"['sweetheart', 'tier']",Home Decor,Luxury
22777,GLASS BELL JAR LARGE,8.5,"['glass', 'bell', 'jar', 'large']",Kitchen,Luxury
22778,GLASS CLOCHE SMALL,3.95,"['glass', 'cloche']",Kitchen,Luxury
22779,WOODEN OWLS LIGHT GARLAND,4.25,"['owls', 'light', 'garland']",Home Decor,Luxury
22780,LIGHT GARLAND BUTTERFILES PINK,4.25,"['garland', 'butterfiles', 'pink']",Home Decor,Luxury
22781,GUMBALL MAGAZINE RACK,7.65,"['gumball', 'magazine', 'rack']",Toys,Luxury
22782,SET 3 WICKER STORAGE BASKETS,24.95,"['set', 'wicker', 'storage', 'baskets']",Other,Luxury
22783,SET 3 WICKER OVAL BASKETS W LIDS,14.715,"['set', 'wicker', 'oval', 'baskets', 'w', 'lids']",Other,Luxury
22784,LANTERN CREAM GAZEBO,4.95,"['lantern', 'cream', 'gazebo']",Home Decor,Luxury
22785,SQUARECUSHION COVER PINK UNION FLAG,6.75,"['squarecushion', 'cover', 'pink', 'union', 'flag']",Other,Luxury
22786,CUSHION COVER PINK UNION JACK,5.95,"['cushion', 'cover', 'pink', 'union', 'jack']",Other,Luxury
22788,BROCANTE COAT RACK,9.95,"['brocante', 'coat', 'rack']",Clothing,Luxury
22789,T-LIGHT HOLDER SWEETHEART HANGING,1.95,"['t', 'light', 'holder', 'sweetheart', 'hanging']",Home Decor,Standard
22791,T-LIGHT GLASS FLUTED ANTIQUE,1.25,"['t', 'light', 'glass', 'fluted', 'antique']",Home Decor,Standard
22792,FLUTED ANTIQUE CANDLE HOLDER,0.85,"['fluted', 'antique', 'candle', 'holder']",Home Decor,Budget
22794,SWEETHEART WIRE MAGAZINE RACK,7.95,"['sweetheart', 'wire', 'magazine', 'rack']",Home Decor,Luxury
22795,SWEETHEART RECIPE BOOK STAND,6.75,"['sweetheart', 'recipe', 'book']",Stationery,Luxury
22796,PHOTO FRAME 3 CLASSIC HANGING,9.95,"['photo', 'frame', 'classic', 'hanging']",Home Decor,Luxury
22797,CHEST OF DRAWERS GINGHAM HEART,16.95,"['chest', 'drawer', 'heart']",Home Decor,Luxury
22798,ANTIQUE GLASS DRESSING TABLE POT,2.95,"['antique', 'glass', 'dressing', 'table', 'pot']",Kitchen,Premium
22799,SWEETHEART WIRE FRUIT BOWL,8.5,"['sweetheart', 'wire', 'fruit', 'bowl']",Home Decor,Luxury
22800,ANTIQUE TALL SWIRLGLASS TRINKET POT,3.75,"['trinket', 'pot']",Kitchen,Premium
22801,ANTIQUE GLASS PEDESTAL BOWL,3.75,"['antique', 'glass', 'pedestal', 'bowl']",Kitchen,Premium
22802,FAUX FUR CHOCOLATE THROW,19.95,"['faux', 'fur', 'chocolate', 'throw']",Food,Luxury
22803,IVORY EMBROIDERED QUILT,39.95,"['ivory', 'embroidered', 'quilt']",Other,Luxury
22804,CANDLEHOLDER PINK HANGING HEART,2.95,"['candleholder', 'pink', 'heart']",Home Decor,Premium
22805,BLUE DRAWER KNOB ACRYLIC EDWARDIAN,1.25,"['drawer', 'knob', 'acrylic', 'edwardian']",Other,Standard
22806,SET OF 6 T-LIGHTS WEDDING CAKE,2.95,"['t', 'lights', 'wedding', 'cake']",Home Decor,Premium
22807,SET OF 6 T-LIGHTS TOADSTOOLS,2.95,"['t', 'lights', 'toadstools']",Home Decor,Premium
22808,SET OF 6 T-LIGHTS EASTER CHICKS,2.95,"['t', 'lights', 'easter', 'chick']",Home Decor,Premium
22809,SET OF 6 T-LIGHTS SANTA,2.95,"['t', 'lights', 'santa']",Home Decor,Premium
22810,SET OF 6 T-LIGHTS SNOWMEN,2.95,"['t', 'lights', 'snowmen']",Home Decor,Premium
22811,SET OF 6 T-LIGHTS CACTI,2.95,"['t', 'lights', 'cactus']",Home Decor,Premium
22812,PACK 3 BOXES CHRISTMAS PANNETONE,1.95,"['pack', 'boxes', 'christmas', 'pannetone']",Christmas,Standard
22813,PACK 3 BOXES BIRD PANNETONE,1.95,"['pack', 'boxes', 'bird']",Other,Standard
22814,CARD PARTY GAMES,0.42,"['card', 'party', 'games']",Stationery,Budget
22815,CARD PSYCHEDELIC APPLES,0.42,"['psychedelic', 'apple']",Stationery,Budget
22816,CARD MOTORBIKE SANTA,0.42,"['card', 'motorbike', 'santa']",Stationery,Budget
22817,CARD SUKI BIRTHDAY,0.42,['suki'],Stationery,Budget
22818,CARD CHRISTMAS VILLAGE,0.42,"['christmas', 'village']",Stationery,Budget
22819,"BIRTHDAY CARD, RETRO SPOT",0.42,"['birthday', 'card', 'retro', 'spot']",Stationery,Budget
22820,GIFT BAG BIRTHDAY,0.65,"['gift', 'bag']",Bags,Budget
22821,GIFT BAG PSYCHEDELIC APPLES,0.65,"['gift', 'bag', 'psychedelic', 'apple']",Bags,Budget
22822,CREAM WALL PLANTER HEART SHAPED,5.95,"['cream', 'wall', 'planter', 'heart', 'shaped']",Home Decor,Luxury
22823,CHEST NATURAL WOOD 20 DRAWERS,125.0,"['chest', 'natural', 'wood', 'drawer']",Other,Luxury
22824,3 TIER SWEETHEART GARDEN SHELF,35.95,"['tier', 'sweetheart', 'shelf']",Home Decor,Luxury
22825,DECORATIVE PLANT POT WITH FRIEZE,7.95,"['plant', 'pot', 'frieze']",Garden,Luxury
22826,LOVE SEAT ANTIQUE WHITE METAL,85.0,"['love', 'seat', 'antique', 'white', 'metal']",Other,Luxury
22827,RUSTIC  SEVENTEEN DRAWER SIDEBOARD,165.0,"['rustic', 'drawer', 'sideboard']",Other,Luxury
22828,REGENCY MIRROR WITH SHUTTERS,165.0,"['regency', 'mirror', 'shutter']",Home Decor,Luxury
22829,SWEETHEART WIRE WALL TIDY,9.95,"['sweetheart', 'wire', 'wall', 'tidy']",Home Decor,Luxury
22830,UTILTY CABINET WITH HOOKS,23.445,"['utilty', 'cabinet', 'hooks']",Other,Luxury
22831,WHITE BROCANTE SOAP DISH,2.95,"['white', 'soap', 'dish']",Beauty,Premium
22832,BROCANTE SHELF WITH HOOKS,10.75,"['shelf', 'hooks']",Other,Luxury
22833,HALL CABINET WITH 3 DRAWERS,49.95,"['hall', 'cabinet', 'drawer']",Other,Luxury
22834,HAND WARMER BABUSHKA DESIGN,2.1,"['hand', 'warmer', 'babushka', 'design']",Home Decor,Premium
22835,HOT WATER BOTTLE I AM SO POORLY,4.95,"['water', 'bottle', 'poorly']",Kitchen,Luxury
22837,HOT WATER BOTTLE BABUSHKA,4.65,"['water', 'bottle', 'babushka']",Kitchen,Luxury
22838,3 TIER CAKE TIN RED AND CREAM,14.95,"['tier', 'cake', 'tin', 'red', 'cream']",Kitchen,Luxury
22839,3 TIER CAKE TIN GREEN AND CREAM,14.95,"['tier', 'cake', 'tin', 'green', 'cream']",Kitchen,Luxury
22840,ROUND CAKE TIN VINTAGE RED,7.95,"['round', 'cake', 'tin', 'vintage', 'red']",Kitchen,Luxury
22841,ROUND CAKE TIN VINTAGE GREEN,7.95,"['round', 'cake', 'tin', 'vintage', 'green']",Kitchen,Luxury
22842,BISCUIT TIN VINTAGE RED,6.75,"['biscuit', 'tin', 'vintage', 'red']",Kitchen,Luxury
22843,BISCUIT TIN VINTAGE GREEN,6.75,"['biscuit', 'tin', 'vintage', 'green']",Kitchen,Luxury
22844,VINTAGE CREAM DOG FOOD CONTAINER,8.5,"['vintage', 'cream', 'dog', 'food', 'container']",Beauty,Luxury
22845,VINTAGE CREAM CAT FOOD CONTAINER,6.35,"['vintage', 'cream', 'cat', 'food', 'container']",Beauty,Luxury
22846,BREAD BIN DINER STYLE RED,16.95,"['bread', 'bin', 'diner', 'style', 'red']",Other,Luxury
22847,BREAD BIN DINER STYLE IVORY,16.95,"['bread', 'bin', 'diner', 'style', 'ivory']",Other,Luxury
22848,BREAD BIN DINER STYLE PINK,16.95,"['bread', 'bin', 'diner', 'style', 'pink']",Other,Luxury
22849,BREAD BIN DINER STYLE MINT,16.95,"['bread', 'bin', 'diner', 'style', 'mint']",Other,Luxury
22851,SET 20 NAPKINS FAIRY CAKES DESIGN,0.85,"['set', 'napkins', 'fairy', 'cakes', 'design']",Home Decor,Budget
22852,DOG BOWL VINTAGE CREAM,4.25,"['dog', 'bowl', 'vintage', 'cream']",Kitchen,Luxury
22853,CAT BOWL VINTAGE CREAM,3.25,"['cat', 'bowl', 'vintage', 'cream']",Kitchen,Premium
22854,CREAM SWEETHEART EGG HOLDER,4.95,"['cream', 'sweetheart', 'egg', 'holder']",Home Decor,Luxury
22855,FINE WICKER HEART,1.25,"['wicker', 'heart']",Home Decor,Standard
22856,ASSORTED EASTER DECORATIONS  BELLS,1.25,"['assorted', 'easter', 'decorations', 'bell']",Home Decor,Standard
22857,ASSORTED EASTER GIFT TAGS,0.85,"['assorted', 'easter', 'gift', 'tags']",Other,Budget
22858,EASTER TIN KEEPSAKE,1.65,"['easter', 'tin', 'keepsake']",Kitchen,Standard
22859,EASTER TIN BUNNY BOUQUET,1.65,"['easter', 'tin', 'bunny', 'bouquet']",Kitchen,Standard
22860,EASTER TIN CHICKS PINK DAISY,1.65,"['easter', 'tin', 'chick', 'pink', 'daisy']",Kitchen,Standard
22861,EASTER TIN CHICKS IN GARDEN,1.65,"['easter', 'tin', 'chick', 'garden']",Kitchen,Standard
22862,LOVE HEART NAPKIN BOX,4.25,"['love', 'heart', 'napkin', 'box']",Home Decor,Luxury
22863,SOAP DISH BROCANTE,2.95,['dish'],Beauty,Premium
22865,HAND WARMER OWL DESIGN,2.1,"['hand', 'warmer', 'owl', 'design']",Home Decor,Premium
22866,HAND WARMER SCOTTY DOG DESIGN,2.1,"['hand', 'warmer', 'scotty', 'dog', 'design']",Home Decor,Premium
22867,HAND WARMER BIRD DESIGN,2.1,"['hand', 'warmer', 'bird', 'design']",Home Decor,Premium
22868,NUMBER TILE COTTAGE GARDEN 0,1.95,"['number', 'tile', 'cottage', 'garden']",Garden,Standard
22869,NUMBER TILE COTTAGE GARDEN 1,1.95,"['number', 'tile', 'cottage', 'garden']",Garden,Premium
22870,NUMBER TILE COTTAGE GARDEN 2,1.95,"['number', 'tile', 'cottage', 'garden']",Garden,Premium
22871,NUMBER TILE COTTAGE GARDEN 3,1.95,"['number', 'tile', 'cottage', 'garden']",Garden,Premium
22872,NUMBER TILE COTTAGE GARDEN 4,1.95,"['number', 'tile', 'cottage', 'garden']",Garden,Premium
22873,NUMBER TILE COTTAGE GARDEN 5,1.95,"['number', 'tile', 'cottage', 'garden']",Garden,Premium
22874,NUMBER TILE COTTAGE GARDEN 6,1.95,"['number', 'tile', 'cottage', 'garden']",Garden,Premium
22875,NUMBER TILE COTTAGE GARDEN 7,1.95,"['number', 'tile', 'cottage', 'garden']",Garden,Premium
22876,NUMBER TILE COTTAGE GARDEN 8,1.95,"['number', 'tile', 'cottage', 'garden']",Garden,Premium
22877,NUMBER TILE COTTAGE GARDEN 9,1.95,"['number', 'tile', 'cottage', 'garden']",Garden,Premium
22878,NUMBER TILE COTTAGE GARDEN No,2.1,"['number', 'tile', 'cottage', 'garden']",Garden,Premium
22879,NUMBER TILE VINTAGE FONT 0,1.95,"['number', 'tile', 'vintage', 'font']",Other,Premium
22880,NUMBER TILE VINTAGE FONT 1,1.95,"['number', 'tile', 'vintage', 'font']",Other,Premium
22881,NUMBER TILE VINTAGE FONT 2,1.95,"['number', 'tile', 'vintage', 'font']",Other,Premium
22882,NUMBER TILE VINTAGE FONT 3,1.95,"['number', 'tile', 'vintage', 'font']",Other,Premium
22883,NUMBER TILE VINTAGE FONT 4,1.95,"['number', 'tile', 'vintage', 'font']",Other,Premium
22884,NUMBER TILE VINTAGE FONT 5,1.95,"['number', 'tile', 'vintage', 'font']",Other,Premium
22885,NUMBER TILE VINTAGE FONT 6,1.95,"['number', 'tile', 'vintage', 'font']",Other,Premium
22886,NUMBER TILE VINTAGE FONT 7,1.95,"['number', 'tile', 'vintage', 'font']",Other,Premium
22887,NUMBER TILE VINTAGE FONT 8,1.95,"['number', 'tile', 'vintage', 'font']",Other,Premium
22888,NUMBER TILE VINTAGE FONT 9,1.95,"['number', 'tile', 'vintage', 'font']",Other,Premium
22889,NUMBER TILE VINTAGE FONT No,2.1,"['number', 'tile', 'vintage', 'font']",Other,Premium
22890,NOVELTY BISCUITS CAKE STAND 3 TIER,9.95,"['novelty', 'biscuit', 'cake', 'tier']",Food,Luxury
22891,TEA FOR ONE POLKADOT,4.25,"['tea', 'polkadot']",Food,Luxury
22892,SET OF SALT AND PEPPER TOADSTOOLS,1.25,"['set', 'salt']",Other,Standard
22893,MINI CAKE STAND T-LIGHT HOLDER,0.42,"['mini', 'cake', 'stand', 't', 'light', 'holder']",Home Decor,Budget
22894,TABLECLOTH RED APPLES DESIGN,9.95,"['tablecloth', 'red', 'apples', 'design']",Home Decor,Luxury
22895,SET OF 2 TEA TOWELS APPLE AND PEARS,3.25,"['tea', 'towel', 'apple', 'pear']",Food,Premium
22896,PEG BAG APPLES DESIGN,2.55,"['peg', 'bag', 'apples', 'design']",Home Decor,Premium
22897,OVEN MITT APPLES DESIGN,1.45,"['oven', 'mitt', 'apples', 'design']",Home Decor,Standard
22898,CHILDRENS APRON APPLES DESIGN,1.95,"['childrens', 'apron', 'apples', 'design']",Home Decor,Premium
22899,CHILDREN'S APRON DOLLY GIRL,2.1,"['children', 'apron', 'girl']",Toys,Premium
22900,SET 2 TEA TOWELS I LOVE LONDON,3.25,"['set', 'tea', 'towel', 'london']",Food,Premium
22902,TOTE BAG I LOVE LONDON,2.1,"['tote', 'bag', 'love', 'london']",Bags,Premium
22903,CALENDAR FAMILY FAVOURITES,2.95,"['calendar', 'family', 'favourite']",Other,Premium
22904,CALENDAR PAPER CUT DESIGN,2.95,"['calendar', 'paper', 'cut', 'design']",Stationery,Premium
22905,CALENDAR IN SEASON DESIGN,2.95,"['calendar', 'season', 'design']",Home Decor,Premium
22906,12 MESSAGE CARDS WITH ENVELOPES,1.65,"['message', 'card', 'envelope']",Stationery,Standard
22907,PACK OF 20 NAPKINS PANTRY DESIGN,0.85,"['pack', 'napkins', 'pantry', 'design']",Home Decor,Budget
22908,PACK OF 20 NAPKINS RED APPLES,0.85,"['pack', 'napkin', 'apple']",Other,Budget
22909,SET OF 20 VINTAGE CHRISTMAS NAPKINS,0.85,"['vintage', 'christmas', 'napkin']",Christmas,Budget
22910,PAPER CHAIN KIT VINTAGE CHRISTMAS,2.95,"['paper', 'chain', 'kit', 'vintage', 'christmas']",Stationery,Premium
22911,PAPER CHAIN KIT LONDON,2.95,"['paper', 'chain', 'kit', 'london']",Stationery,Premium
22912,YELLOW COAT RACK PARIS FASHION,4.95,"['yellow', 'coat', 'rack', 'paris', 'fashion']",Clothing,Luxury
22913,RED COAT RACK PARIS FASHION,4.95,"['coat', 'rack', 'paris', 'fashion']",Clothing,Luxury
22914,BLUE COAT RACK PARIS FASHION,4.95,"['blue', 'coat', 'rack', 'paris', 'fashion']",Clothing,Luxury
22915,ASSORTED BOTTLE TOP  MAGNETS,0.42,"['assorted', 'bottle', 'magnets']",Kitchen,Budget
22916,HERB MARKER THYME,0.65,"['herb', 'marker', 'thyme']",Other,Budget
22917,HERB MARKER ROSEMARY,0.65,"['herb', 'marker', 'rosemary']",Other,Budget
22918,HERB MARKER PARSLEY,0.65,"['herb', 'marker', 'parsley']",Other,Budget
22919,HERB MARKER MINT,0.65,"['herb', 'marker', 'mint']",Other,Budget
22920,HERB MARKER BASIL,0.65,"['herb', 'marker', 'basil']",Other,Budget
22921,HERB MARKER CHIVES,0.65,"['herb', 'marker', 'chives']",Other,Budget
22922,FRIDGE MAGNETS US DINER ASSORTED,0.85,"['fridge', 'magnets', 'diner']",Other,Budget
22923,FRIDGE MAGNETS LES ENFANTS ASSORTED,0.85,"['fridge', 'magnets', 'les', 'enfant']",Other,Budget
22924,FRIDGE MAGNETS LA VIE EN ROSE,0.85,"['fridge', 'magnets', 'la', 'vie', 'en', 'rose']",Other,Budget
22925,BLUE GIANT GARDEN THERMOMETER,5.95,['thermometer'],Garden,Luxury
22926,IVORY GIANT GARDEN THERMOMETER,5.95,"['ivory', 'giant']",Garden,Luxury
22927,GREEN GIANT GARDEN THERMOMETER,5.95,[],Garden,Luxury
22928,YELLOW GIANT GARDEN THERMOMETER,5.95,['giant'],Garden,Luxury
22929,SCHOOL DESK AND CHAIR,65.0,"['school', 'desk', 'chair']",Educational Supplies,Luxury
22930,BAKING MOULD HEART MILK CHOCOLATE,2.55,"['mould', 'heart', 'milk', 'chocolate']",Home Decor,Premium
22931,BAKING MOULD HEART WHITE CHOCOLATE,2.55,"['mould', 'heart', 'white', 'chocolate']",Home Decor,Premium
22932,BAKING MOULD TOFFEE CUP CHOCOLATE,2.55,"['mould', 'toffee', 'cup', 'chocolate']",Kitchen,Premium
22933,BAKING MOULD EASTER EGG MILK CHOC,2.95,"['mould', 'easter', 'egg', 'milk', 'choc']",Other,Premium
22934,BAKING MOULD EASTER EGG WHITE CHOC,2.95,"['mould', 'easter', 'egg', 'choc']",Other,Premium
22935,BAKING MOULD ROSE MILK CHOCOLATE,3.25,"['mould', 'rose', 'milk', 'chocolate']",Food,Premium
22936,BAKING MOULD ROSE WHITE CHOCOLATE,3.25,"['mould', 'rose', 'white', 'chocolate']",Food,Premium
22937,BAKING MOULD CHOCOLATE CUPCAKES,2.55,"['mould', 'chocolate', 'cupcakes']",Kitchen,Premium
22938,CUPCAKE LACE PAPER SET 6,1.95,"['cupcake', 'lace', 'paper', 'set']",Stationery,Premium
22939,APRON APPLE DELIGHT,4.95,"['apple', 'delight']",Home Decor,Luxury
22940,FELTCRAFT CHRISTMAS FAIRY,4.25,"['feltcraft', 'christmas', 'fairy']",Christmas,Luxury
22941,CHRISTMAS LIGHTS 10 REINDEER,8.5,"['christmas', 'lights', 'reindeer']",Home Decor,Luxury
22942,CHRISTMAS LIGHTS 10 SANTAS,8.5,"['christmas', 'lights', 'santas']",Home Decor,Luxury
22943,CHRISTMAS LIGHTS 10 VINTAGE BAUBLES,4.95,"['christmas', 'lights', 'vintage', 'bauble']",Home Decor,Luxury
22944,CHRISTMAS METAL POSTCARD WITH BELLS,0.39,"['christmas', 'metal', 'postcard', 'bell']",Stationery,Budget
22945,CHRISTMAS METAL TAGS ASSORTED,0.85,"['christmas', 'metal', 'tags']",Christmas,Budget
22946,WOODEN ADVENT CALENDAR CREAM,16.95,"['wooden', 'advent', 'calendar', 'cream']",Beauty,Luxury
22947,WOODEN ADVENT CALENDAR RED,7.95,"['wooden', 'advent', 'calendar', 'red']",Other,Luxury
22948,METAL DECORATION NAUGHTY CHILDREN,0.85,"['metal', 'decoration', 'child']",Home Decor,Budget
22949,36 DOILIES DOLLY GIRL,1.45,"['doily', 'girl']",Toys,Standard
22950,36 DOILIES VINTAGE CHRISTMAS,1.45,"['doily', 'vintage', 'christmas']",Christmas,Standard
22951,60 CAKE CASES DOLLY GIRL DESIGN,0.55,"['cake', 'case', 'girl', 'design']",Home Decor,Budget
22952,60 CAKE CASES VINTAGE CHRISTMAS,0.55,"['cake', 'case', 'vintage', 'christmas']",Bags,Budget
22953,BIRTHDAY PARTY CORDON BARRIER TAPE,1.25,"['party', 'cordon', 'barrier', 'tape']",Stationery,Standard
22954,HEN PARTY CORDON BARRIER TAPE,1.25,"['hen', 'party', 'cordon', 'barrier', 'tape']",Stationery,Standard
22955,36 FOIL STAR CAKE CASES,2.1,"['foil', 'star', 'cake', 'case']",Bags,Premium
22956,36 FOIL HEART CAKE CASES,2.1,"['heart', 'cake', 'case']",Home Decor,Premium
22957,SET 3 PAPER VINTAGE CHICK PAPER EGG,2.95,"['set', 'paper', 'vintage', 'chick', 'egg']",Stationery,Premium
22959,WRAP CHRISTMAS VILLAGE,0.42,"['wrap', 'christmas', 'village']",Christmas,Budget
22960,JAM MAKING SET WITH JARS,4.25,"['jam', 'set', 'jar']",Kitchen,Luxury
22961,JAM MAKING SET PRINTED,1.45,"['jam', 'set']",Food,Standard
22962,JAM JAR WITH PINK LID,0.85,"['jam', 'jar', 'pink', 'lid']",Kitchen,Budget
22963,JAM JAR WITH GREEN LID,0.85,"['jam', 'jar', 'lid']",Kitchen,Budget
22964,3 PIECE SPACEBOY COOKIE CUTTER SET,2.1,"['piece', 'spaceboy', 'cookie', 'cutter', 'set']",Other,Premium
22965,3 TRADITIONAL COOKIE CUTTERS  SET,2.1,"['traditional', 'cookie', 'cutters', 'set']",Other,Premium
22966,GINGERBREAD MAN COOKIE CUTTER,1.25,"['gingerbread', 'man', 'cookie', 'cutter']",Other,Standard
22967,SET 3 SONG BIRD PAPER EGGS ASSORTED,2.95,"['set', 'song', 'bird', 'paper', 'eggs']",Stationery,Premium
22968,ROSE COTTAGE KEEPSAKE BOX,9.95,"['rose', 'cottage', 'keepsake', 'box']",Other,Luxury
22969,HOMEMADE JAM SCENTED CANDLES,1.45,"['jam', 'scented', 'candle']",Home Decor,Standard
22970,LONDON BUS COFFEE MUG,2.55,"['london', 'bus', 'coffee', 'mug']",Kitchen,Premium
22971,QUEENS GUARD COFFEE MUG,2.55,"['guard', 'coffee', 'mug']",Kitchen,Premium
22972,CHILDREN'S SPACEBOY MUG,1.65,"['child', 'spaceboy', 'mug']",Kitchen,Standard
22973,CHILDREN'S CIRCUS PARADE MUG,1.65,"['child', 'circus', 'parade', 'mug']",Kitchen,Standard
22974,CHILDRENS DOLLY GIRL MUG,1.65,"['girl', 'mug']",Kitchen,Standard
22975,SPACEBOY CHILDRENS EGG CUP,1.25,"['spaceboy', 'childrens', 'egg', 'cup']",Kitchen,Standard
22976,CIRCUS PARADE CHILDRENS EGG CUP,1.25,"['circus', 'parade', 'childrens', 'egg', 'cup']",Kitchen,Standard
22977,DOLLY GIRL CHILDRENS EGG CUP,1.25,"['girl', 'childrens', 'egg', 'cup']",Kitchen,Standard
22978,PANTRY ROLLING PIN,3.75,"['pantry', 'rolling', 'pin']",Other,Premium
22979,PANTRY WASHING UP BRUSH,1.45,"['pantry', 'washing', 'brush']",Beauty,Standard
22980,PANTRY SCRUBBING BRUSH,1.65,"['pantry', 'scrubbing', 'brush']",Beauty,Standard
22981,PANTRY APPLE CORER,1.45,"['pantry', 'apple', 'corer']",Other,Standard
22982,PANTRY PASTRY BRUSH,1.25,"['pantry', 'pastry', 'brush']",Beauty,Standard
22983,CARD BILLBOARD FONT,0.42,['billboard'],Stationery,Budget
22984,CARD GINGHAM ROSE,0.42,"['card', 'gingham', 'rose']",Stationery,Budget
22985,"WRAP, BILLBOARD FONTS DESIGN",0.42,"['wrap', 'billboard', 'design']",Home Decor,Budget
22986,GINGHAM ROSE WRAP,0.42,"['gingham', 'rose', 'wrap']",Other,Budget
22987,WRAP SUMMER ROSE DESIGN,0.42,"['wrap', 'summer', 'rose', 'design']",Home Decor,Budget
22988,SOLDIERS EGG CUP,1.25,"['soldier', 'egg', 'cup']",Kitchen,Standard
22989,SET 2 PANTRY DESIGN TEA TOWELS,3.25,"['set', 'pantry', 'design', 'tea', 'towel']",Home Decor,Premium
22990,COTTON APRON PANTRY DESIGN,4.95,"['cotton', 'apron', 'pantry', 'design']",Home Decor,Luxury
22991,GIRAFFE WOODEN RULER,1.95,"['giraffe', 'wooden', 'ruler']",Stationery,Premium
22992,REVOLVER WOODEN RULER,1.95,['ruler'],Stationery,Premium
22993,SET OF 4 PANTRY JELLY MOULDS,1.25,"['pantry', 'jelly', 'moulds']",Other,Standard
22994,TRAVEL CARD WALLET RETROSPOT,0.42,"['travel', 'wallet', 'retrospot']",Stationery,Budget
22995,TRAVEL CARD WALLET SUKI,0.42,"['travel', 'wallet', 'suki']",Stationery,Budget
22996,TRAVEL CARD WALLET VINTAGE TICKET,0.42,"['travel', 'vintage', 'ticket']",Stationery,Budget
22997,TRAVEL CARD WALLET UNION JACK,0.42,"['travel', 'card', 'wallet', 'union', 'jack']",Stationery,Budget
22998,TRAVEL CARD WALLET KEEP CALM,0.42,"['travel', 'wallet', 'calm']",Stationery,Budget
22999,TRAVEL CARD WALLET RETRO PETALS,0.42,"['travel', 'wallet', 'retro', 'petal']",Stationery,Budget
23000,TRAVEL CARD WALLET TRANSPORT,0.42,"['travel', 'wallet', 'transport']",Stationery,Budget
23002,TRAVEL CARD WALLET SKULLS,0.42,"['travel', 'wallet', 'skull']",Stationery,Budget
23003,TRAVEL CARD WALLET VINTAGE ROSE,0.42,"['travel', 'card', 'wallet', 'vintage', 'rose']",Stationery,Budget
23004,TRAVEL CARD WALLET PANTRY,0.42,"['travel', 'wallet', 'pantry']",Stationery,Budget
23005,TRAVEL CARD WALLET I LOVE LONDON,0.42,"['travel', 'wallet', 'love', 'london']",Stationery,Budget
23006,TRAVEL CARD WALLET FLOWER MEADOW,0.42,"['travel', 'card', 'wallet', 'flower', 'meadow']",Stationery,Budget
23007,SPACEBOY BABY GIFT SET,16.95,"['spaceboy', 'baby', 'gift', 'set']",Other,Luxury
23008,DOLLY GIRL BABY GIFT SET,16.95,"['girl', 'baby', 'gift', 'set']",Toys,Luxury
23009,I LOVE LONDON BABY GIFT SET,16.95,"['london', 'baby', 'gift', 'set']",Other,Luxury
23010,CIRCUS PARADE BABY GIFT SET,16.95,"['circus', 'parade', 'baby', 'gift', 'set']",Other,Luxury
23012,GLASS APOTHECARY BOTTLE PERFUME,3.95,"['glass', 'apothecary', 'bottle', 'perfume']",Kitchen,Luxury
23013,GLASS APOTHECARY BOTTLE TONIC,3.95,"['glass', 'apothecary', 'bottle', 'tonic']",Kitchen,Luxury
23014,GLASS APOTHECARY BOTTLE ELIXIR,3.95,"['glass', 'apothecary', 'bottle', 'elixir']",Kitchen,Luxury
23015,CORDIAL GLASS JUG,8.25,"['cordial', 'glass', 'jug']",Kitchen,Luxury
23016,GLASS TWIST BON BON JAR,7.85,"['glass', 'twist', 'bon', 'jar']",Kitchen,Luxury
23017,APOTHECARY MEASURING JAR,12.5,"['apothecary', 'measuring', 'jar']",Kitchen,Luxury
23018,LARGE APOTHECARY MEASURING JAR,12.5,"['apothecary', 'measuring', 'jar']",Kitchen,Luxury
23019,SMALL APOTHECARY MEASURING JAR,8.25,"['small', 'apothecary', 'measuring', 'jar']",Kitchen,Luxury
23020,GLASS  SONGBIRD STORAGE JAR,12.5,"['glass', 'songbird', 'storage', 'jar']",Kitchen,Luxury
23021,GLASS BONNE JAM JAR,4.15,"['glass', 'bonne', 'jam', 'jar']",Kitchen,Luxury
23022,SMALL BONNE JAM JAR  T-LIGHT HOLDER,2.08,"['small', 'bonne', 'jam', 'jar', 't', 'light', 'holder']",Home Decor,Premium
23023,RIDGED BONNE JAM JAR T-LIGHT HOLDER,1.65,"['ridged', 'bonne', 'jam', 'jar', 't', 'light', 'holder']",Home Decor,Standard
23024,LARGE BONNE JAM JAR  T-LIGHT HOLDER,2.89,"['bonne', 'jam', 'jar', 't', 'light', 'holder']",Home Decor,Premium
23025,DRAWER KNOB VINTAGE GLASS BALL,2.08,"['drawer', 'knob', 'vintage', 'glass', 'ball']",Kitchen,Premium
23026,DRAWER KNOB VINTAGE GLASS STAR,2.08,"['drawer', 'knob', 'vintage', 'glass', 'star']",Kitchen,Premium
23027,DRAWER KNOB VINTAGE GLASS HEXAGON,2.08,"['drawer', 'knob', 'vintage', 'glass', 'hexagon']",Kitchen,Premium
23028,DRAWER KNOB CRACKLE GLAZE BLUE,1.65,"['drawer', 'knob', 'crackle']",Other,Standard
23029,DRAWER KNOB CRACKLE GLAZE GREEN,1.65,"['drawer', 'knob']",Other,Standard
23031,DRAWER KNOB CRACKLE GLAZE PINK,1.65,"['drawer', 'knob', 'crackle']",Other,Standard
23032,DRAWER KNOB CRACKLE GLAZE IVORY,1.65,"['drawer', 'knob', 'crackle', 'glaze', 'ivory']",Other,Standard
23033,DRAWER KNOB CERAMIC RED,1.45,"['drawer', 'knob', 'ceramic', 'red']",Other,Standard
23034,DRAWER KNOB CERAMIC BLACK,1.45,"['drawer', 'knob', 'ceramic', 'black']",Other,Standard
23035,DRAWER KNOB CERAMIC IVORY,1.45,"['drawer', 'knob', 'ceramic', 'ivory']",Other,Standard
23036,T-LIGHT HOLDER SILVER PETIT FOUR,1.25,"['t', 'light', 'holder', 'silver', 'petit']",Home Decor,Standard
23037,CANDLE HOLDER SILVER MADELINE,1.65,"['candle', 'holder', 'silver', 'madeline']",Home Decor,Standard
23038,T-LIGHT HOLDER SILVER SAUCER,1.23,"['t', 'light', 'holder', 'silver', 'saucer']",Home Decor,Standard
23039,T-LIGHT HOLDER SILVER HEART HANDLE,1.95,"['t', 'light', 'holder', 'heart', 'handle']",Home Decor,Premium
23040,PAPER LANTERN 9 POINT SNOW STAR,5.75,"['paper', 'lantern', 'point', 'snow', 'star']",Stationery,Luxury
23041,PAPER LANTERN 9 POINT SNOW STAR,4.15,"['paper', 'lantern', 'point', 'snow', 'star']",Stationery,Luxury
23042,PAPER LANTERN 7 POINT SNOW STAR,6.65,"['paper', 'lantern', 'point', 'snow', 'star']",Stationery,Luxury
23043,PAPER LANTERN 9 POINT HOLLY STAR 40,6.25,"['paper', 'lantern', 'point', 'holly', 'star']",Stationery,Luxury
23044,PAPER LANTERN 9 POINT HOLLY STAR S,4.15,"['paper', 'lantern', 'point', 'holly', 'star', 's']",Stationery,Luxury
23045,PAPER LANTERN 5 POINT STAR MOON 30,4.15,"['paper', 'lantern', 'point', 'star', 'moon']",Stationery,Luxury
23046,PAPER LANTERN 9 POINT DELUXE STAR,6.65,"['paper', 'lantern', 'point', 'deluxe', 'star']",Stationery,Luxury
23047,PAPER LANTERN 5 POINT SEQUIN STAR,5.75,"['paper', 'lantern', 'point', 'sequin', 'star']",Stationery,Luxury
23048,SET OF 10 LANTERNS FAIRY LIGHT STAR,4.15,"['lantern', 'fairy', 'light']",Home Decor,Luxury
23049,RECYCLED ACAPULCO MAT RED,8.25,"['recycled', 'acapulco', 'mat', 'red']",Other,Luxury
23050,RECYCLED ACAPULCO MAT GREEN,8.25,"['recycled', 'acapulco', 'mat', 'green']",Other,Luxury
23051,RECYCLED ACAPULCO MAT BLUE,8.25,"['recycled', 'acapulco', 'mat', 'blue']",Other,Luxury
23052,RECYCLED ACAPULCO MAT TURQUOISE,8.25,"['recycled', 'acapulco', 'mat', 'turquoise']",Other,Luxury
23053,RECYCLED ACAPULCO MAT PINK,8.25,"['recycled', 'acapulco', 'mat', 'pink']",Other,Luxury
23054,RECYCLED ACAPULCO MAT LAVENDER,8.25,"['recycled', 'acapulco', 'mat', 'lavender']",Other,Luxury
23055,IVORY CHANDELIER T-LIGHT HOLDER,6.25,"['ivory', 'chandelier', 't', 'light', 'holder']",Home Decor,Luxury
23056,FLOWERS CHANDELIER T-LIGHT HOLDER,6.25,"['flower', 'chandelier', 't', 'light', 'holder']",Home Decor,Luxury
23057,GEMSTONE CHANDELIER T-LIGHT HOLDER,4.95,"['chandelier', 't', 'light', 'holder']",Home Decor,Luxury
23058,CHRISTMAS HANGING SNOWFLAKE,0.79,"['christmas', 'hanging', 'snowflake']",Christmas,Budget
23060,HEART BEADED TRELLIS DECORATION,2.08,"['heart', 'beaded', 'trellis', 'decoration']",Home Decor,Premium
23061,VINTAGE EMBOSSED HEART,1.25,"['vintage', 'embossed', 'heart']",Home Decor,Standard
23064,CINDERELLA CHANDELIER,49.95,"['cinderella', 'chandelier']",Other,Luxury
23065,LARGE DECO JEWELLERY STAND,12.5,"['deco', 'jewellery', 'stand']",Jewellery,Luxury
23066,SMALL DECO JEWELLERY STAND,8.25,"['small', 'deco', 'jewellery', 'stand']",Jewellery,Luxury
23067,HANGING ENGRAVED METAL HEART,4.15,"['metal', 'heart']",Home Decor,Luxury
23068,ALUMINIUM STAMPED HEART,2.49,"['aluminium', 'stamped', 'heart']",Home Decor,Premium
23069,EDWARDIAN PHOTO FRAME,6.25,"['edwardian', 'photo', 'frame']",Home Decor,Luxury
23070,EDWARDIAN HEART PHOTO FRAME,4.15,"['edwardian', 'heart', 'photo', 'frame']",Home Decor,Luxury
23071,MARIE ANTOIENETT TRINKET BOX GOLD,12.5,"['marie', 'antoienett', 'trinket', 'box', 'gold']",Other,Luxury
23072,MARIE ANTOINETTE TRINKET BOX SILVER,12.5,"['marie', 'antoinette', 'trinket', 'box', 'silver']",Other,Luxury
23073,GEORGIAN TRINKET BOX,12.5,"['georgian', 'trinket', 'box']",Other,Luxury
23074,EMBOSSED HEART TRINKET BOX,2.08,"['heart', 'trinket', 'box']",Home Decor,Premium
23075,DOUBLE CERAMIC PARLOUR HOOK,4.15,"['double', 'ceramic', 'hook']",Other,Luxury
23076,ICE CREAM SUNDAE LIP GLOSS,1.25,"['ice', 'cream', 'sundae', 'lip', 'gloss']",Beauty,Standard
23077,DOUGHNUT LIP GLOSS,1.25,"['doughnut', 'lip', 'gloss']",Other,Standard
23078,ICE CREAM PEN LIP GLOSS,1.25,"['ice', 'cream', 'pen', 'lip', 'gloss']",Stationery,Standard
23079,TOADSTOOL BEDSIDE LIGHT,8.95,"['toadstool', 'bedside', 'light']",Home Decor,Luxury
23080,RED METAL BOX TOP SECRET,8.25,"['metal', 'box', 'secret']",Other,Luxury
23081,GREEN METAL BOX ARMY SUPPLIES,8.25,"['metal', 'box', 'army', 'supply']",Other,Luxury
23082,SET 6 PAPER TABLE LANTERN HEARTS,3.75,"['set', 'paper', 'table', 'lantern', 'hearts']",Stationery,Premium
23083,SET 6 PAPER TABLE LANTERN STARS,3.75,"['set', 'paper', 'table', 'lantern', 'star']",Stationery,Premium
23084,RABBIT NIGHT LIGHT,2.08,"['rabbit', 'night', 'light']",Home Decor,Premium
23085,ANTIQUE SILVER BAUBLE LAMP,10.4,"['silver', 'bauble', 'lamp']",Christmas,Luxury
23086,ZINC  STAR T-LIGHT HOLDER,1.25,"['zinc', 'star', 't', 'light', 'holder']",Home Decor,Standard
23087,ZINC  HEART T-LIGHT HOLDER,1.25,"['zinc', 'heart', 't', 'light', 'holder']",Home Decor,Standard
23088,ZINC HEART FLOWER T-LIGHT HOLDER,1.25,"['zinc', 'heart', 'flower', 't', 'light', 'holder']",Home Decor,Standard
23089,GLASS BON BON JAR,1.65,"['glass', 'bon', 'jar']",Kitchen,Standard
23090,VINTAGE GLASS T-LIGHT HOLDER,0.83,"['vintage', 'glass', 't', 'light', 'holder']",Home Decor,Budget
23091,ZINC HERB GARDEN CONTAINER,6.25,"['zinc', 'herb', 'garden', 'container']",Garden,Luxury
23092,LARGE ANTIQUE WHITE PHOTO FRAME,7.9,"['antique', 'white', 'photo', 'frame']",Home Decor,Luxury
23093,SMALL PARISIENNE HEART PHOTO FRAME,2.49,"['small', 'parisienne', 'heart', 'photo', 'frame']",Home Decor,Premium
23094,LE GRAND TRAY CHIC SET,12.5,"['le', 'grand', 'tray', 'chic', 'set']",Kitchen,Luxury
23096,PETIT TRAY CHIC,1.65,"['petit', 'tray', 'chic']",Kitchen,Standard
23099,FRENCH CARRIAGE LANTERN,6.65,"['french', 'carriage', 'lantern']",Home Decor,Luxury
23100,SILVER BELLS TABLE DECORATION,1.25,"['bell', 'table', 'decoration']",Home Decor,Standard
23101,SILVER STARS TABLE DECORATION,0.83,"['stars', 'table', 'decoration']",Home Decor,Budget
23102,SILVER HEARTS TABLE DECORATION,0.83,"['silver', 'hearts', 'table', 'decoration']",Home Decor,Budget
23103,BELL HEART DECORATION,1.65,"['bell', 'heart', 'decoration']",Home Decor,Standard
23104,IVORY PANTRY HANGING LAMP,12.5,"['ivory', 'pantry', 'hanging', 'lamp']",Electronics,Luxury
23106,ZINC HEARTS PLANT POT HOLDER,2.89,"['zinc', 'hearts', 'plant', 'pot', 'holder']",Home Decor,Premium
23107,WHITE WIRE PLANT POT HOLDER,2.89,"['white', 'wire', 'plant', 'pot', 'holder']",Home Decor,Premium
23108,SET OF 10 LED DOLLY LIGHTS,6.25,"['set', 'led', 'dolly', 'lights']",Home Decor,Luxury
23109,LED TEA LIGHTS,2.89,"['tea', 'lights']",Home Decor,Premium
23110,PARISIENNE KEY CABINET,5.75,"['parisienne', 'key', 'cabinet']",Other,Luxury
23111,PARISIENNE SEWING BOX,12.5,"['parisienne', 'sewing', 'box']",Other,Luxury
23112,PARISIENNE CURIO CABINET,7.5,"['parisienne', 'curio', 'cabinet']",Other,Luxury
23113,PANTRY CHOPPING BOARD,4.95,"['pantry', 'chopping', 'board']",Other,Luxury
23114,VINTAGE LEAF CHOPPING BOARD,4.95,"['vintage', 'leaf', 'board']",Other,Luxury
23115,RED APPLES CHOPPING BOARD,4.95,"['apples', 'chopping', 'board']",Other,Luxury
23116,VEGETABLE GARDEN CHOPPING BOARD,4.95,"['vegetable', 'garden', 'board']",Garden,Luxury
23117,POPPY FIELDS CHOPPING BOARD,4.95,"['poppy', 'fields', 'chopping', 'board']",Other,Luxury
23118,PARISIENNE JEWELLERY DRAWER,7.5,"['parisienne', 'jewellery', 'drawer']",Jewellery,Luxury
23119,PACK OF 6 LARGE FRUIT STRAWS,0.62,"['pack', 'fruit', 'straw']",Other,Budget
23120,PACK OF 6 SMALL FRUIT STRAWS,0.42,"['pack', 'fruit', 'straw']",Other,Budget
23121,PACK OF 6 COCKTAIL PARASOL STRAWS,0.42,"['pack', 'cocktail', 'parasol', 'straw']",Other,Budget
23122,PARTY CHARMS 50 PIECES,0.83,"['party', 'charms', 'piece']",Party Supplies,Budget
23123,COCKTAIL SWORDS 50 PIECES,0.83,"['cocktail', 'piece']",Other,Budget
23124,18PC WOODEN CUTLERY SET DISPOSABLE,1.25,"['cutlery', 'set', 'disposable']",Other,Standard
23125,6PC WOOD PLATE SET DISPOSABLE,1.25,"['wood', 'plate', 'set', 'disposable']",Kitchen,Standard
23126,DOLLCRAFT GIRL AMELIE KIT,4.95,"['dollcraft', 'girl', 'amelie', 'kit']",Toys,Luxury
23127,DOLLCRAFT GIRL NICOLE,4.95,"['dollcraft', 'girl', 'nicole']",Toys,Luxury
23128,FELTCRAFT BOY JEAN-PAUL KIT,4.95,"['feltcraft', 'boy', 'jean', 'paul', 'kit']",Other,Luxury
23129,HEART SHAPED HOLLY WREATH,4.15,"['heart', 'shaped', 'holly']",Home Decor,Luxury
23130,MISTLETOE HEART WREATH GREEN,4.15,"['mistletoe', 'heart', 'wreath', 'green']",Home Decor,Luxury
23131,MISTLETOE HEART WREATH CREAM,4.15,"['mistletoe', 'heart', 'wreath', 'cream']",Home Decor,Luxury
23132,SMALL IVORY HEART WALL ORGANISER,5.75,"['small', 'ivory', 'heart', 'wall', 'organiser']",Home Decor,Luxury
23133,LARGE IVORY HEART WALL ORGANISER,8.25,"['ivory', 'heart', 'wall', 'organiser']",Home Decor,Luxury
23134,LARGE ZINC HEART WALL ORGANISER,8.25,"['zinc', 'heart', 'wall', 'organiser']",Home Decor,Luxury
23135,SMALL ZINC HEART WALL ORGANISER,5.75,"['small', 'zinc', 'heart', 'wall', 'organiser']",Home Decor,Luxury
23136,IVORY WIRE SWEETHEART LETTER TRAY,3.75,"['ivory', 'wire', 'sweetheart', 'letter', 'tray']",Home Decor,Premium
23137,ZINC WIRE SWEETHEART LETTER TRAY,3.75,"['zinc', 'wire', 'sweetheart', 'letter', 'tray']",Home Decor,Premium
23138,SINGLE WIRE HOOK IVORY HEART,1.45,"['single', 'wire', 'ivory', 'heart']",Home Decor,Standard
23139,SINGLE WIRE HOOK PINK HEART,1.45,"['single', 'wire', 'hook', 'heart']",Home Decor,Standard
23140,TRIPLE WIRE HOOK IVORY HEART,4.15,"['triple', 'wire', 'ivory', 'heart']",Home Decor,Luxury
23141,TRIPLE WIRE HOOK PINK HEART,4.15,"['triple', 'wire', 'hook', 'heart']",Home Decor,Luxury
23142,IVORY WIRE KITCHEN ORGANISER,10.4,"['ivory', 'wire', 'kitchen', 'organiser']",Other,Luxury
23143,ZINC WIRE KITCHEN ORGANISER,7.175000000000001,"['zinc', 'wire', 'kitchen', 'organiser']",Other,Luxury
23144,ZINC T-LIGHT HOLDER STARS SMALL,0.83,"['zinc', 't', 'light', 'holder', 'small']",Home Decor,Budget
23145,ZINC T-LIGHT HOLDER STAR LARGE,0.95,"['zinc', 't', 'light', 'holder', 'star', 'large']",Home Decor,Standard
23146,TRIPLE HOOK ANTIQUE IVORY ROSE,3.29,"['triple', 'hook', 'ivory', 'rose']",Other,Premium
23147,SINGLE ANTIQUE ROSE HOOK IVORY,1.45,"['single', 'antique', 'rose', 'hook', 'ivory']",Other,Standard
23148,MINIATURE ANTIQUE ROSE HOOK IVORY,0.83,"['miniature', 'antique', 'rose', 'hook', 'ivory']",Other,Budget
23149,ANTIQUE IVORY WIRE BOWL SMALL,2.49,"['antique', 'ivory', 'wire', 'bowl', 'small']",Kitchen,Premium
23150,IVORY SWEETHEART SOAP DISH,2.49,"['ivory', 'sweetheart', 'soap', 'dish']",Home Decor,Premium
23151,ZINC SWEETHEART SOAP DISH,2.49,"['zinc', 'sweetheart', 'soap', 'dish']",Home Decor,Premium
23152,IVORY SWEETHEART WIRE LETTER RACK,3.75,"['ivory', 'sweetheart', 'wire', 'letter', 'rack']",Home Decor,Premium
23153,ZINC SWEETHEART WIRE LETTER RACK,3.75,"['zinc', 'sweetheart', 'wire', 'letter', 'rack']",Home Decor,Premium
23154,SET OF 4 JAM JAR MAGNETS,2.08,"['jam', 'jar']",Kitchen,Premium
23155,KNICKERBOCKERGLORY MAGNET ASSORTED,0.83,"['knickerbockerglory', 'magnet']",Other,Budget
23156,SET OF 5 MINI GROCERY MAGNETS,2.08,"['mini', 'grocery', 'magnets']",Other,Premium
23157,SET OF 6 NATIVITY MAGNETS,2.08,"['nativity', 'magnets']",Other,Premium
23158,SET OF 5 LUCKY CAT MAGNETS,2.08,"['lucky', 'cat', 'magnets']",Other,Premium
23159,SET OF 5 PANCAKE DAY MAGNETS,2.08,"['pancake', 'day', 'magnet']",Food,Premium
23160,REGENCY TEA SPOON,1.25,"['regency', 'tea', 'spoon']",Kitchen,Standard
23161,REGENCY CAKE FORK,1.25,"['regency', 'cake', 'fork']",Kitchen,Standard
23162,REGENCY TEA STRAINER,3.75,"['regency', 'tea', 'strainer']",Food,Premium
23163,REGENCY SUGAR TONGS,2.49,"['regency', 'sugar', 'tongs']",Other,Premium
23164,REGENCY CAKE SLICE,4.95,"['regency', 'cake', 'slice']",Food,Luxury
23165,LARGE CERAMIC TOP STORAGE JAR,1.65,"['ceramic', 'storage', 'jar']",Kitchen,Standard
23166,MEDIUM CERAMIC TOP STORAGE JAR,1.25,"['medium', 'ceramic', 'storage', 'jar']",Kitchen,Standard
23167,SMALL CERAMIC TOP STORAGE JAR,0.83,"['small', 'ceramic', 'storage', 'jar']",Kitchen,Budget
23168,CLASSIC SUGAR DISPENSER,1.25,"['classic', 'sugar', 'dispenser']",Stationery,Standard
23169,CLASSIC GLASS SWEET JAR,4.15,"['classic', 'glass', 'sweet', 'jar']",Kitchen,Luxury
23170,REGENCY TEA PLATE ROSES,1.65,"['regency', 'tea', 'plate', 'rose']",Kitchen,Standard
23171,REGENCY TEA PLATE GREEN,1.65,"['regency', 'tea', 'plate', 'green']",Kitchen,Standard
23172,REGENCY TEA PLATE PINK,1.65,"['regency', 'tea', 'plate', 'pink']",Kitchen,Standard
23173,REGENCY TEAPOT ROSES,9.95,"['regency', 'teapot', 'rose']",Kitchen,Luxury
23174,REGENCY SUGAR BOWL GREEN,4.15,"['regency', 'sugar', 'bowl', 'green']",Kitchen,Luxury
23175,REGENCY MILK JUG PINK,3.25,"['regency', 'milk', 'jug', 'pink']",Kitchen,Premium
23176,ABC TREASURE BOOK BOX,2.25,"['abc', 'treasure', 'box']",Stationery,Premium
23177,TREASURE ISLAND BOOK BOX,2.25,"['treasure', 'island', 'box']",Stationery,Premium
23178,JAM CLOCK MAGNET,2.89,"['jam', 'clock', 'magnet']",Home Decor,Premium
23179,CLOCK MAGNET MUM'S KITCHEN,2.89,"['clock', 'magnet', 'mum', 'kitchen']",Home Decor,Premium
23180,MUM'S KITCHEN CLOCK,4.95,"['mum', 'kitchen', 'clock']",Home Decor,Luxury
23181,BULL DOG BOTTLE TOP WALL CLOCK,8.25,"['bull', 'dog', 'bottle', 'wall', 'clock']",Home Decor,Luxury
23182,TOILET SIGN OCCUPIED OR VACANT,0.83,"['toilet', 'sign']",Home Decor,Budget
23183,MOTHER'S KITCHEN SPOON REST,3.75,"['mother', 'kitchen', 'rest']",Kitchen,Premium
23184,BULL DOG BOTTLE OPENER,4.95,"['bull', 'dog', 'bottle', 'opener']",Stationery,Luxury
23185,FRENCH STYLE STORAGE JAR JAM,0.29,"['style', 'storage', 'jar', 'jam']",Kitchen,Budget
23186,FRENCH STYLE STORAGE JAR CAFE,0.29,"['style', 'storage', 'jar', 'cafe']",Kitchen,Budget
23187,FRENCH STYLE STORAGE JAR BONBONS,0.29,"['style', 'storage', 'jar']",Kitchen,Budget
23188,VINTAGE  2 METER FOLDING RULER,1.65,"['vintage', 'meter', 'folding', 'ruler']",Stationery,Standard
23189,SET OF 12 FORK CANDLES,2.89,"['fork', 'candle']",Home Decor,Premium
23190,BUNDLE OF 3 SCHOOL EXERCISE BOOKS,1.65,"['bundle', 'school', 'exercise']",Stationery,Standard
23191,BUNDLE OF 3 RETRO NOTE BOOKS,1.65,"['bundle', 'retro', 'note', 'book']",Stationery,Standard
23192,BUNDLE OF 3 ALPHABET EXERCISE BOOKS,1.65,"['bundle', 'alphabet', 'book']",Stationery,Standard
23193,BUFFALO BILL TREASURE BOOK BOX,2.25,"['buffalo', 'bill', 'treasure', 'box']",Stationery,Premium
23194,GYMKHANNA TREASURE BOOK BOX,2.25,"['gymkhanna', 'treasure', 'book', 'box']",Stationery,Premium
23196,RETRO LEAVES MAGNETIC NOTEPAD,1.45,"['leaves', 'magnetic', 'notepad']",Other,Standard
23197,SKETCHBOOK MAGNETIC SHOPPING LIST,1.45,"['sketchbook', 'magnetic', 'shopping', 'list']",Stationery,Standard
23198,PANTRY MAGNETIC  SHOPPING LIST,1.45,"['pantry', 'magnetic', 'shopping', 'list']",Other,Standard
23199,JUMBO BAG APPLES,2.08,"['jumbo', 'bag', 'apple']",Bags,Premium
23200,JUMBO BAG PEARS,2.08,"['jumbo', 'bag', 'pear']",Bags,Premium
23201,JUMBO BAG ALPHABET,2.08,"['jumbo', 'bag', 'alphabet']",Bags,Premium
23202,JUMBO BAG VINTAGE LEAF,2.08,"['jumbo', 'bag', 'vintage', 'leaf']",Bags,Premium
23203,JUMBO BAG DOILEY PATTERNS,2.08,"['jumbo', 'bag', 'doiley', 'patterns']",Bags,Premium
23204,CHARLOTTE BAG APPLES DESIGN,0.85,"['charlotte', 'bag', 'apples', 'design']",Home Decor,Budget
23205,CHARLOTTE BAG VINTAGE ALPHABET,0.85,"['charlotte', 'bag', 'vintage', 'alphabet']",Bags,Budget
23206,LUNCH BAG APPLE DESIGN,1.65,"['lunch', 'bag', 'apple', 'design']",Home Decor,Standard
23207,LUNCH BAG ALPHABET DESIGN,1.65,"['lunch', 'bag', 'alphabet']",Home Decor,Standard
23208,LUNCH BAG VINTAGE LEAF DESIGN,1.65,"['lunch', 'bag', 'vintage', 'leaf', 'design']",Home Decor,Standard
23209,LUNCH BAG DOILEY PATTERN,1.65,"['lunch', 'bag', 'doiley', 'pattern']",Bags,Standard
23210,WHITE ROCKING HORSE HAND PAINTED,1.25,"['white', 'horse', 'hand']",Other,Standard
23211,RED ROCKING HORSE HAND PAINTED,1.25,"['horse', 'hand']",Other,Standard
23212,HEART WREATH DECORATION WITH BELL,1.25,"['heart', 'wreath', 'decoration', 'bell']",Home Decor,Standard
23213,STAR WREATH DECORATION WITH BELL,1.25,"['star', 'wreath', 'decoration', 'bell']",Home Decor,Standard
23214,JINGLE BELL HEART ANTIQUE GOLD,2.08,"['jingle', 'bell', 'heart', 'antique', 'gold']",Home Decor,Premium
23215,JINGLE BELL HEART ANTIQUE SILVER,2.08,"['jingle', 'bell', 'heart', 'antique', 'silver']",Home Decor,Premium
23216,LAUREL HEART ANTIQUE GOLD,1.25,"['laurel', 'heart', 'gold']",Home Decor,Standard
23217,LAUREL HEART ANTIQUE SILVER,1.25,"['laurel', 'heart', 'antique', 'silver']",Home Decor,Standard
23218,LAUREL STAR ANTIQUE GOLD,1.25,"['laurel', 'star', 'antique', 'gold']",Other,Standard
23219,LAUREL STAR ANTIQUE SILVER,1.25,"['laurel', 'star', 'antique', 'silver']",Other,Standard
23220,REINDEER HEART DECORATION GOLD,0.83,"['reindeer', 'heart', 'decoration', 'gold']",Home Decor,Budget
23221,REINDEER HEART DECORATION SILVER,0.83,"['reindeer', 'heart', 'decoration', 'silver']",Home Decor,Budget
23222,CHRISTMAS TREE HANGING GOLD,0.83,"['christmas', 'tree', 'gold']",Christmas,Budget
23223,CHRISTMAS TREE HANGING SILVER,0.83,"['christmas', 'tree', 'silver']",Christmas,Budget
23224,CHERUB HEART DECORATION GOLD,0.83,"['cherub', 'heart', 'decoration', 'gold']",Home Decor,Budget
23225,CHERUB HEART DECORATION SILVER,0.83,"['cherub', 'heart', 'decoration', 'silver']",Home Decor,Budget
23226,FILIGREE HEART DAISY WHITE,1.25,"['heart', 'daisy']",Home Decor,Standard
23227,FILIGREE HEART BUTTERFLY WHITE,1.25,"['heart', 'butterfly', 'white']",Home Decor,Standard
23228,FILIGREE HEART BIRD WHITE,1.25,"['heart', 'bird']",Home Decor,Standard
23229,VINTAGE DONKEY TAIL GAME,3.75,"['vintage', 'donkey', 'tail', 'game']",Toys,Premium
23230,WRAP ALPHABET DESIGN,0.42,"['wrap', 'alphabet']",Home Decor,Budget
23231,WRAP DOILEY DESIGN,0.42,"['wrap', 'doiley', 'design']",Home Decor,Budget
23232,WRAP VINTAGE PETALS  DESIGN,0.42,"['wrap', 'vintage', 'petals', 'design']",Home Decor,Budget
23233,WRAP POPPIES  DESIGN,0.42,"['wrap', 'design']",Home Decor,Budget
23234,BISCUIT TIN VINTAGE CHRISTMAS,2.89,"['biscuit', 'tin', 'vintage', 'christmas']",Kitchen,Premium
23235,STORAGE TIN VINTAGE LEAF,2.89,"['storage', 'tin', 'vintage', 'leaf']",Kitchen,Premium
23236,DOILEY STORAGE TIN,2.89,"['doiley', 'storage', 'tin']",Kitchen,Premium
23237,SET OF 4 KNICK KNACK TINS LEAVES,4.15,"['knick', 'knack', 'tin']",Kitchen,Luxury
23238,SET OF 4 KNICK KNACK TINS LONDON,4.15,"['knick', 'knack', 'tin', 'london']",Kitchen,Luxury
23239,SET OF 4 KNICK KNACK TINS POPPIES,4.15,"['knick', 'knack', 'tin']",Kitchen,Luxury
23240,SET OF 4 KNICK KNACK TINS DOILEY,4.15,"['knick', 'knack', 'tin', 'doiley']",Kitchen,Luxury
23241,TREASURE TIN GYMKHANA DESIGN,2.08,"['treasure', 'tin', 'gymkhana', 'design']",Home Decor,Premium
23242,TREASURE TIN BUFFALO BILL,2.08,"['treasure', 'tin', 'buffalo', 'bill']",Kitchen,Premium
23243,SET OF TEA COFFEE SUGAR TINS PANTRY,4.95,"['set', 'tea', 'coffee', 'sugar', 'tins', 'pantry']",Kitchen,Luxury
23244,ROUND STORAGE TIN VINTAGE LEAF,1.95,"['round', 'storage', 'tin', 'vintage', 'leaf']",Kitchen,Premium
23245,SET OF 3 REGENCY CAKE TINS,4.95,"['regency', 'cake', 'tin']",Kitchen,Luxury
23247,BISCUIT TIN 50'S CHRISTMAS,2.89,"['biscuit', 'tin', 'christmas']",Kitchen,Premium
23249,VINTAGE RED ENAMEL TRIM PLATE,1.65,"['vintage', 'enamel', 'trim', 'plate']",Kitchen,Standard
23250,VINTAGE RED TRIM ENAMEL BOWL,1.25,"['vintage', 'red', 'trim', 'enamel', 'bowl']",Kitchen,Standard
23251,VINTAGE RED ENAMEL TRIM MUG,1.25,"['vintage', 'enamel', 'mug']",Kitchen,Standard
23252,VINTAGE RED ENAMEL TRIM JUG,3.75,"['vintage', 'enamel', 'jug']",Kitchen,Premium
23253,16 PIECE CUTLERY SET PANTRY DESIGN,15.95,"['piece', 'cutlery', 'set', 'pantry', 'design']",Home Decor,Luxury
23254,CHILDRENS CUTLERY DOLLY GIRL,4.15,"['childrens', 'cutlery', 'girl']",Toys,Luxury
23255,CHILDRENS CUTLERY CIRCUS PARADE,4.15,"['childrens', 'cutlery', 'circus', 'parade']",Other,Luxury
23256,CHILDRENS CUTLERY SPACEBOY,4.15,"['childrens', 'cutlery', 'spaceboy']",Other,Luxury
23263,SET OF 3 WOODEN HEART DECORATIONS,1.25,"['heart', 'decoration']",Home Decor,Standard
23264,SET OF 3 WOODEN SLEIGH DECORATIONS,1.25,"['sleigh', 'decoration']",Home Decor,Standard
23265,SET OF 3 WOODEN TREE DECORATIONS,1.25,"['tree', 'decoration']",Home Decor,Standard
23266,SET OF 3 WOODEN STOCKING DECORATION,1.25,"['stocking', 'decoration']",Home Decor,Standard
23267,SET OF 4 SANTA PLACE SETTINGS,1.25,"['set', 'santa', 'place', 'setting']",Kitchen,Standard
23268,SET OF 2 CERAMIC CHRISTMAS REINDEER,1.45,"['ceramic', 'christmas', 'reindeer']",Christmas,Standard
23269,SET OF 2 CERAMIC CHRISTMAS TREES,1.45,"['ceramic', 'christmas', 'trees']",Christmas,Standard
23270,SET OF 2 CERAMIC PAINTED HEARTS,1.45,"['ceramic', 'hearts']",Home Decor,Standard
23271,CHRISTMAS TABLE CANDLE SILVER SPIKE,0.83,"['christmas', 'table', 'candle', 'silver', 'spike']",Home Decor,Budget
23272,TREE T-LIGHT HOLDER WILLIE WINKIE,1.65,"['tree', 't', 'light', 'holder', 'willie', 'winkie']",Home Decor,Standard
23273,HEART T-LIGHT HOLDER WILLIE WINKIE,1.65,"['heart', 't', 'light', 'holder', 'willie', 'winkie']",Home Decor,Standard
23274,STAR T-LIGHT HOLDER WILLIE WINKIE,1.65,"['star', 't', 'light', 'holder', 'willie', 'winkie']",Home Decor,Standard
23275,SET OF 3 HANGING OWLS OLLIE BEAK,1.25,"['owls', 'ollie', 'beak']",Other,Standard
23280,FOLDING BUTTERFLY MIRROR HOT PINK,0.83,"['butterfly', 'mirror', 'pink']",Home Decor,Budget
23281,FOLDING BUTTERFLY MIRROR RED,0.83,"['butterfly', 'mirror', 'red']",Home Decor,Budget
23282,FOLDING BUTTERFLY MIRROR IVORY,0.83,"['butterfly', 'mirror', 'ivory']",Home Decor,Budget
23283,DOORMAT VINTAGE LEAVES DESIGN,7.95,"['doormat', 'vintage', 'leaves']",Home Decor,Luxury
23284,DOORMAT KEEP CALM AND COME IN,7.95,"['doormat', 'calm']",Other,Luxury
23285,PINK VINTAGE SPOT BEAKER,0.85,"['pink', 'vintage', 'spot', 'beaker']",Garden,Budget
23286,BLUE VINTAGE SPOT BEAKER,0.85,"['blue', 'vintage', 'spot', 'beaker']",Garden,Budget
23287,RED VINTAGE SPOT BEAKER,0.85,"['red', 'vintage', 'spot', 'beaker']",Garden,Budget
23288,GREEN VINTAGE SPOT BEAKER,0.85,"['green', 'vintage', 'spot', 'beaker']",Garden,Budget
23289,DOLLY GIRL CHILDRENS BOWL,1.25,"['girl', 'childrens', 'bowl']",Kitchen,Standard
23290,SPACEBOY CHILDRENS BOWL,1.25,"['spaceboy', 'bowl']",Kitchen,Standard
23291,DOLLY GIRL CHILDRENS CUP,1.25,"['girl', 'childrens', 'cup']",Kitchen,Standard
23292,SPACE BOY CHILDRENS CUP,1.25,"['space', 'boy', 'childrens', 'cup']",Kitchen,Standard
23293,SET OF 12 FAIRY CAKE BAKING CASES,0.83,"['fairy', 'cake', 'case']",Bags,Budget
23294,SET OF 6 SNACK LOAF BAKING CASES,0.83,"['snack', 'loaf', 'case']",Bags,Budget
23295,SET OF 12 MINI LOAF BAKING CASES,0.83,"['loaf', 'case']",Bags,Budget
23296,SET OF 6 TEA TIME BAKING CASES,1.25,"['tea', 'time', 'case']",Bags,Standard
23297,SET 40 HEART SHAPE PETIT FOUR CASES,1.65,"['set', 'heart', 'petit', 'case']",Home Decor,Standard
23298,SPOTTY BUNTING,4.95,"['spotty', 'bunting']",Kitchen,Luxury
23299,FOOD COVER WITH BEADS SET 2,3.75,"['food', 'cover', 'beads', 'set']",Jewellery,Premium
23300,GARDENERS KNEELING PAD CUP OF TEA,1.65,"['kneeling', 'pad', 'cup', 'tea']",Kitchen,Standard
23301,GARDENERS KNEELING PAD KEEP CALM,1.65,"['kneeling', 'pad', 'calm']",Garden,Standard
23302,KNEELING MAT HOUSEWORK  DESIGN,1.65,"['kneeling', 'mat', 'housework', 'design']",Home Decor,Standard
23303,SET 4 PICNIC CUTLERY FONDANT,1.95,"['set', 'picnic', 'cutlery', 'fondant']",Other,Premium
23304,SET 4 PICNIC CUTLERY CHERRY,1.95,"['set', 'picnic', 'cutlery', 'cherry']",Other,Premium
23305,SET 4 PICNIC CUTLERY BLUEBERRY,1.95,"['set', 'picnic', 'cutlery', 'blueberry']",Other,Premium
23306,SET OF 36 DOILIES PANTRY DESIGN,1.45,"['doilies', 'pantry']",Home Decor,Standard
23307,SET OF 60 PANTRY DESIGN CAKE CASES,0.55,"['pantry', 'design', 'cake', 'case']",Home Decor,Budget
23308,SET OF 60 VINTAGE LEAF CAKE CASES,0.55,"['vintage', 'leaf', 'cake', 'case']",Bags,Budget
23309,SET OF 60 I LOVE LONDON CAKE CASES,0.55,"['love', 'london', 'cake', 'case']",Bags,Budget
23310,BUBBLEGUM RING ASSORTED,0.42,"['bubblegum', 'ring']",Jewellery,Budget
23311,VINTAGE CHRISTMAS STOCKING,2.55,"['vintage', 'christmas', 'stocking']",Christmas,Premium
23312,VINTAGE CHRISTMAS GIFT SACK,4.15,"['vintage', 'christmas', 'gift', 'sack']",Christmas,Luxury
23313,VINTAGE CHRISTMAS BUNTING,4.95,"['vintage', 'christmas', 'bunting']",Kitchen,Luxury
23314,VINTAGE CHRISTMAS TABLECLOTH,12.5,"['vintage', 'christmas', 'tablecloth']",Christmas,Luxury
23315,IVORY REFECTORY CLOCK,9.95,"['ivory', 'refectory', 'clock']",Home Decor,Luxury
23316,RED REFECTORY CLOCK,9.95,"['refectory', 'clock']",Home Decor,Luxury
23317,BLUE REFECTORY CLOCK,9.95,"['blue', 'refectory', 'clock']",Home Decor,Luxury
23318,BOX OF 6 MINI VINTAGE CRACKERS,2.49,"['box', 'mini', 'vintage', 'cracker']",Other,Premium
23319,BOX OF 6 MINI 50'S CRACKERS,2.49,"['box', 'mini', 'cracker']",Other,Premium
23320,GIANT 50'S CHRISTMAS CRACKER,2.89,"['giant', 'christmas', 'cracker']",Christmas,Premium
23321,SMALL WHITE HEART OF WICKER,1.65,"['small', 'white', 'heart', 'wicker']",Home Decor,Standard
23322,LARGE WHITE HEART OF WICKER,2.95,"['heart', 'wicker']",Home Decor,Premium
23323,WHITE WICKER STAR,2.1,"['white', 'wicker', 'star']",Other,Premium
23324,RUSTIC STRAWBERRY JAMPOT LARGE,2.08,"['rustic', 'jampot', 'large']",Garden,Premium
23325,RUSTIC STRAWBERRY JAMPOT SMALL,1.65,"['rustic', 'jampot', 'small']",Garden,Standard
23326,HANGING MINI COLOURED BOTTLES,0.63,"['coloured', 'bottle']",Kitchen,Budget
23327,HANGING CLEAR MINI BOTTLE,0.63,"['clear', 'mini', 'bottle']",Kitchen,Budget
23328,SET 6 SCHOOL MILK BOTTLES IN CRATE,3.75,"['set', 'school', 'milk', 'bottle', 'crate']",Kitchen,Premium
23329,DECORATIVE WICKER HEART LARGE,1.65,"['wicker', 'heart', 'large']",Home Decor,Standard
23330,DECORATIVE WICKER HEART MEDIUM,1.25,"['wicker', 'heart', 'medium']",Home Decor,Standard
23331,DECORATIVE WICKER HEART SMALL,0.63,"['wicker', 'heart']",Home Decor,Budget
23332,IVORY WICKER HEART LARGE,1.65,"['ivory', 'wicker', 'heart', 'large']",Home Decor,Standard
23333,IVORY WICKER HEART MEDIUM,1.25,"['ivory', 'wicker', 'heart', 'medium']",Home Decor,Standard
23334,IVORY WICKER HEART SMALL,0.63,"['ivory', 'wicker', 'heart', 'small']",Home Decor,Budget
23335,EGG FRYING PAN IVORY,2.08,"['egg', 'pan', 'ivory']",Other,Premium
23336,EGG FRYING PAN PINK,2.08,"['egg', 'pan', 'pink']",Other,Premium
23337,EGG FRYING PAN MINT,2.08,"['egg', 'pan', 'mint']",Other,Premium
23338,EGG FRYING PAN RED,2.08,"['egg', 'pan', 'red']",Other,Premium
23339,EGG FRYING PAN BLUE,2.08,"['egg', 'pan', 'blue']",Other,Premium
23340,VINTAGE CHRISTMAS CAKE FRILL,1.65,"['vintage', 'christmas', 'cake', 'frill']",Christmas,Standard
23341,PINK DINER WALL CLOCK,8.5,"['pink', 'diner', 'wall', 'clock']",Home Decor,Luxury
23342,MINT DINER WALL CLOCK,8.5,"['mint', 'diner', 'wall', 'clock']",Home Decor,Luxury
23343,JUMBO BAG VINTAGE CHRISTMAS,2.08,"['jumbo', 'bag', 'vintage', 'christmas']",Bags,Premium
23344,JUMBO BAG 50'S CHRISTMAS,2.08,"['jumbo', 'bag', 'christmas']",Bags,Premium
23345,DOLLY GIRL BEAKER,1.25,"['girl', 'beaker']",Toys,Standard
23346,SPACEBOY BEAKER,1.25,"['spaceboy', 'beaker']",Other,Standard
23347,I LOVE LONDON BEAKER,1.25,"['london', 'beaker']",Other,Standard
23348,CHILDRENS TOY COOKING UTENSIL SET,2.08,"['childrens', 'toy', 'cooking', 'utensil', 'set']",Toys,Premium
23349,ROLL WRAP VINTAGE CHRISTMAS,1.25,"['roll', 'wrap', 'vintage', 'christmas']",Christmas,Standard
23350,ROLL WRAP VINTAGE SPOT,1.25,"['roll', 'wrap', 'vintage', 'spot']",Garden,Standard
23351,ROLL WRAP 50'S CHRISTMAS,1.25,"['roll', 'christmas']",Christmas,Standard
23352,ROLL WRAP 50'S RED CHRISTMAS,1.25,"['roll', 'red', 'christmas']",Christmas,Standard
23353,6 GIFT TAGS VINTAGE CHRISTMAS,0.83,"['gift', 'tags', 'vintage', 'christmas']",Christmas,Budget
23354,6 GIFT TAGS 50'S CHRISTMAS,0.83,"['gift', 'tags', 'christmas']",Christmas,Budget
23355,HOT WATER BOTTLE KEEP CALM,4.95,"['water', 'bottle', 'calm']",Kitchen,Luxury
23356,LOVE HOT WATER BOTTLE,5.95,"['love', 'hot', 'water', 'bottle']",Kitchen,Luxury
23357,HOT WATER BOTTLE SEX BOMB,4.95,"['water', 'bottle', 'sex', 'bomb']",Kitchen,Luxury
23358,HOT STUFF HOT WATER BOTTLE,3.75,"['stuff', 'water', 'bottle']",Kitchen,Premium
23359,SET OF 12 T-LIGHTS VINTAGE DOILEY,1.95,"['t', 'lights', 'vintage', 'doiley']",Home Decor,Premium
23360,SET 8 CANDLES VINTAGE DOILEY,1.95,"['set', 'candles', 'vintage', 'doiley']",Home Decor,Premium
23365,SET 12 COLOUR PENCILS LOVE LONDON,0.65,"['set', 'colour', 'pencils', 'love', 'london']",Stationery,Budget
23366,SET 12 COLOURING PENCILS DOILY,0.65,"['set', 'pencils', 'doily']",Stationery,Budget
23367,SET 12 COLOUR PENCILS SPACEBOY,0.65,"['set', 'colour', 'pencil', 'spaceboy']",Stationery,Budget
23368,SET 12 COLOUR PENCILS DOLLY GIRL,0.65,"['set', 'colour', 'pencil', 'girl']",Stationery,Budget
23369,SET 36 COLOUR PENCILS LOVE LONDON,1.25,"['set', 'colour', 'pencils', 'love', 'london']",Stationery,Standard
23370,SET 36 COLOUR PENCILS DOILEY,1.25,"['set', 'colour', 'pencil', 'doiley']",Stationery,Standard
23371,SET 36 COLOUR PENCILS SPACEBOY,1.25,"['set', 'colour', 'pencil', 'spaceboy']",Stationery,Standard
23372,SET 36 COLOUR PENCILS DOLLY GIRL,1.25,"['set', 'colour', 'pencil', 'girl']",Stationery,Standard
23373,VINTAGE CHRISTMAS PAPER GIFT BAG,0.82,"['vintage', 'christmas', 'paper', 'gift', 'bag']",Stationery,Budget
23374,RED SPOT PAPER GIFT BAG,0.82,"['red', 'spot', 'paper', 'gift', 'bag']",Stationery,Budget
23375,50'S CHRISTMAS PAPER GIFT BAG,0.82,"['christmas', 'paper', 'gift', 'bag']",Stationery,Budget
23376,PACK OF 12 VINTAGE CHRISTMAS TISSUE,0.39,"['pack', 'vintage', 'christmas', 'tissue']",Christmas,Budget
23377,PACK OF 12 DOLLY GIRL TISSUES,0.39,"['pack', 'dolly', 'girl', 'tissue']",Toys,Budget
23378,PACK OF 12 50'S CHRISTMAS TISSUES,0.39,"['pack', 'christmas', 'tissue']",Christmas,Budget
23379,PACK OF 12 RED APPLE TISSUES,0.39,"['pack', 'apple', 'tissue']",Other,Budget
23380,PACK OF 12 VINTAGE DOILY TISSUES,0.39,"['pack', 'vintage', 'doily', 'tissue']",Other,Budget
23381,PACK OF 12 VINTAGE LEAF TISSUES,0.39,"['pack', 'vintage', 'tissue']",Other,Budget
23382,BOX OF 6 CHRISTMAS CAKE DECORATIONS,3.75,"['box', 'christmas', 'cake', 'decoration']",Home Decor,Premium
23388,WOODLAND MINI BACKPACK,4.15,"['woodland', 'mini', 'backpack']",Other,Luxury
23389,SPACEBOY MINI BACKPACK,4.15,"['spaceboy', 'mini', 'backpack']",Other,Luxury
23390,DOLLY GIRL MINI BACKPACK,4.15,"['girl', 'mini', 'backpack']",Toys,Luxury
23391,I LOVE LONDON MINI BACKPACK,4.15,"['london', 'mini', 'backpack']",Other,Luxury
23392,SPACEBOY ROCKET LOLLY MAKERS,2.08,"['spaceboy', 'rocket', 'lolly', 'maker']",Other,Premium
23393,HOME SWEET HOME CUSHION COVER,3.75,"['home', 'sweet', 'cushion', 'cover']",Food,Premium
23394,POSTE FRANCE CUSHION COVER,3.75,"['poste', 'france', 'cushion', 'cover']",Other,Premium
23395,BELLE JARDINIERE CUSHION COVER,3.75,"['belle', 'jardiniere', 'cushion', 'cover']",Kitchen,Premium
23396,BUTTERFLY CUSHION COVER,3.75,"['butterfly', 'cushion', 'cover']",Other,Premium
23397,FOOT STOOL HOME SWEET HOME,9.95,"['foot', 'stool', 'home', 'sweet']",Food,Luxury
23398,HANGING HEART BONHEUR,0.85,"['heart', 'bonheur']",Home Decor,Budget
23399,HOME SWEET HOME HANGING HEART,0.85,"['home', 'sweet', 'heart']",Home Decor,Budget
23400,SHELF WITH 4 HOOKS HOME SWEET HOME,6.25,"['shelf', 'hooks', 'home', 'sweet']",Food,Luxury
23401,RUSTIC MIRROR WITH LACE HEART,6.25,"['lace', 'heart']",Home Decor,Luxury
23402,HOME SWEEET HOME 3 PEG HANGER,3.75,"['home', 'sweeet', 'peg']",Other,Premium
23403,LETTER HOLDER HOME SWEET HOME,3.75,"['letter', 'holder', 'home', 'sweet']",Home Decor,Premium
23404,HOME SWEET HOME BLACKBOARD,4.95,"['home', 'sweet', 'blackboard']",Food,Luxury
23405,HOME SWEET HOME 2 DRAWER CABINET,4.95,"['home', 'sweet', 'drawer', 'cabinet']",Food,Luxury
23406,HOME SWEET HOME KEY HOLDER,6.25,"['home', 'sweet', 'key', 'holder']",Home Decor,Luxury
23407,SET OF 2 TRAYS HOME SWEET HOME,9.95,"['tray', 'home', 'sweet']",Kitchen,Luxury
23408,PHOTO FRAME LINEN AND LACE SMALL,2.08,"['photo', 'frame', 'linen', 'lace']",Home Decor,Premium
23409,PHOTO FRAME LINEN AND LACE LARGE,3.75,"['photo', 'frame', 'linen', 'lace', 'large']",Home Decor,Premium
23410,CURIO CABINET LINEN AND LACE,8.15,"['curio', 'cabinet', 'linen', 'lace']",Other,Luxury
23411,TRELLIS COAT RACK,4.95,"['trellis', 'coat', 'rack']",Clothing,Luxury
23412,HEART MIRROR ANTIQUE WHITE,7.5,"['heart', 'mirror']",Home Decor,Luxury
23413,VINTAGE COFFEE GRINDER BOX,4.95,"['vintage', 'coffee', 'grinder', 'box']",Food,Luxury
23414,ZINC BOX SIGN HOME,9.95,"['zinc', 'box', 'home']",Home Decor,Luxury
23415,HOME SWEET HOME HOOK,1.65,"['home', 'sweet', 'hook']",Food,Standard
23416,CHAMBRE HOOK,1.65,"['chambre', 'hook']",Other,Standard
23417,BATHROOM HOOK,1.65,"['bathroom', 'hook']",Other,Standard
23418,LAVENDER TOILETTE BOTTLE,2.08,['bottle'],Kitchen,Premium
23419,HOME SWEET HOME BOTTLE,2.08,"['home', 'sweet', 'bottle']",Kitchen,Premium
23420,PANTRY HOOK TEA STRAINER,2.08,"['pantry', 'hook', 'tea', 'strainer']",Food,Premium
23421,PANTRY HOOK SPATULA,2.08,"['pantry', 'hook', 'spatula']",Other,Premium
23422,PANTRY HOOK BALLOON WHISK,2.08,"['pantry', 'hook', 'whisk']",Toys,Premium
23423,PANTRY 3 HOOK ROLLING PIN HANGER,3.75,"['pantry', 'hook', 'pin']",Other,Premium
23424,GINGHAM RECIPE BOOK BOX,4.95,"['gingham', 'recipe', 'book', 'box']",Stationery,Luxury
23425,STORAGE TIN HOME SWEET HOME,2.49,"['storage', 'tin', 'home', 'sweet']",Kitchen,Premium
23426,METAL SIGN DROP YOUR PANTS,2.89,"['metal', 'pant']",Home Decor,Premium
23427,STOOL HOME SWEET HOME,12.5,"['home', 'sweet']",Food,Luxury
23428,IVORY RETRO KITCHEN WALL CLOCK,8.15,"['ivory', 'kitchen', 'wall', 'clock']",Home Decor,Luxury
23429,RED RETRO KITCHEN WALL CLOCK,8.15,"['kitchen', 'wall', 'clock']",Home Decor,Luxury
23430,BLUE RETRO KITCHEN WALL CLOCK,8.15,"['blue', 'kitchen', 'wall', 'clock']",Home Decor,Luxury
23431,NATURAL HANGING QUILTED HEARTS,0.83,"['natural', 'heart']",Home Decor,Budget
23432,PRETTY HANGING QUILTED HEARTS,0.83,"['pretty', 'hanging', 'heart']",Home Decor,Budget
23433,HANGING QUILTED PATCHWORK APPLES,0.83,"['hanging', 'quilted', 'patchwork', 'apples']",Other,Budget
23434,3 RAFFIA RIBBONS 50'S CHRISTMAS,0.79,"['raffia', 'ribbon', 'christmas']",Christmas,Budget
23435,3 RAFFIA RIBBONS VINTAGE CHRISTMAS,0.79,"['raffia', 'vintage', 'christmas']",Christmas,Budget
23436,GIFT BAG LARGE VINTAGE CHRISTMAS,1.25,"['gift', 'bag', 'vintage', 'christmas']",Bags,Standard
23437,50'S CHRISTMAS GIFT BAG LARGE,1.25,"['christmas', 'gift', 'bag', 'large']",Bags,Standard
23438,RED SPOT GIFT BAG LARGE,1.25,"['red', 'spot', 'gift', 'bag', 'large']",Garden,Standard
23439,HAND WARMER RED LOVE HEART,2.1,"['hand', 'warmer', 'red', 'love', 'heart']",Home Decor,Premium
23440,PAINT YOUR OWN EGGS IN CRATE,2.08,"['paint', 'eggs', 'crate']",Other,Premium
23441,HAND PAINTED HANGING EASTER EGG,0.42,"['hand', 'easter', 'egg']",Other,Budget
23442,12 HANGING EGGS HAND PAINTED,2.08,"['eggs', 'hand']",Other,Premium
23444,Next Day Carriage,15.0,"['day', 'carriage']",Toys,Luxury
23445,ICE CREAM BUBBLES,0.83,"['ice', 'cream', 'bubbles']",Beauty,Budget
23446,BLUE BUNNY EASTER EGG BASKET,1.65,"['blue', 'bunny', 'easter', 'egg', 'basket']",Other,Standard
23447,PINK BUNNY EASTER EGG BASKET,1.65,"['pink', 'bunny', 'easter', 'egg', 'basket']",Other,Standard
23448,CREAM BUNNY EASTER EGG BASKET,1.65,"['cream', 'bunny', 'easter', 'egg', 'basket']",Beauty,Standard
23449,SET OF 6 EASTER RAINBOW CHICKS,1.25,"['easter', 'rainbow', 'chick']",Other,Standard
23451,SQUARE MINI PORTRAIT FRAME,1.95,"['square', 'mini', 'portrait', 'frame']",Home Decor,Premium
23452,HEART MINI PORTRAIT FRAME,1.95,"['heart', 'portrait', 'frame']",Home Decor,Premium
23453,OVAL  MINI PORTRAIT FRAME,1.95,"['oval', 'mini', 'portrait', 'frame']",Home Decor,Premium
23454,SET OF 3 MINI HANGING PORTRAITS,4.15,"['mini', 'portrait']",Other,Luxury
23455,SMALL PARLOUR PICTURE FRAME,2.89,"['picture', 'frame']",Home Decor,Premium
23456,MEDIUM PARLOUR PICTURE FRAME,4.15,"['medium', 'picture', 'frame']",Home Decor,Luxury
23457,LARGE PARLOUR PICTURE FRAME,4.95,"['picture', 'frame']",Home Decor,Luxury
23458,DOLLY CABINET 3 DRAWERS,14.95,"['dolly', 'cabinet', 'drawer']",Toys,Luxury
23459,DOLLY CABINET 2 DRAWERS,12.5,"['dolly', 'cabinet', 'drawer']",Toys,Luxury
23460,SWEETHEART WALL TIDY,9.95,"['sweetheart', 'wall', 'tidy']",Home Decor,Luxury
23461,SWEETHEART BIRD HOUSE,4.15,"['sweetheart', 'bird', 'house']",Home Decor,Luxury
23462,ROCOCO WALL MIRROR WHITE,19.95,"['rococo', 'wall', 'mirror', 'white']",Home Decor,Luxury
23463,VINTAGE ZINC WATERING CAN,9.95,"['vintage', 'zinc', 'watering']",Garden,Luxury
23464,VINTAGE ZINC WATERING CAN SMALL,4.95,"['vintage', 'zinc', 'watering']",Garden,Luxury
23465,TUSCAN VILLA FEEDING STATION,8.25,"['tuscan', 'villa', 'feeding', 'station']",Other,Luxury
23466,TUSCAN VILLA DOVECOTE,8.25,"['villa', 'dovecote']",Other,Luxury
23467,VINTAGE ZINC PLANTER,3.29,"['vintage', 'zinc', 'planter']",Garden,Premium
23468,TUSCAN VILLA BIRD TABLE,8.25,"['tuscan', 'villa', 'bird', 'table']",Other,Luxury
23469,CARD HOLDER LOVE BIRD SMALL,4.15,"['card', 'holder', 'love', 'bird']",Stationery,Luxury
23470,CARD HOLDER LOVE BIRD LARGE,6.25,"['card', 'holder', 'love', 'bird', 'large']",Stationery,Luxury
23471,SIX DRAWER OFFICE TIDY,9.95,"['drawer', 'office', 'tidy']",Other,Luxury
23472,NINE DRAWER OFFICE TIDY,14.95,"['drawer', 'office', 'tidy']",Other,Luxury
23473,WOODLAND SMALL RED FELT HEART,0.83,"['small', 'red', 'felt', 'heart']",Home Decor,Budget
23474,WOODLAND SMALL BLUE FELT HEART,0.83,"['woodland', 'small', 'blue', 'felt', 'heart']",Home Decor,Budget
23475,WOODLAND SMALL PINK FELT HEART,0.83,"['small', 'pink', 'felt', 'heart']",Home Decor,Budget
23476,WOODLAND LARGE RED FELT HEART,1.25,"['woodland', 'large', 'red', 'felt', 'heart']",Home Decor,Standard
23477,WOODLAND LARGE BLUE FELT HEART,1.25,"['woodland', 'large', 'blue', 'felt', 'heart']",Home Decor,Standard
23478,WOODLAND LARGE PINK FELT HEART,1.25,"['woodland', 'large', 'pink', 'felt', 'heart']",Home Decor,Standard
23479,WIRE EGG BASKET,7.85,"['wire', 'egg']",Other,Luxury
23480,MINI LIGHTS WOODLAND MUSHROOMS,3.75,"['lights', 'woodland', 'mushroom']",Home Decor,Premium
23481,PEARLISED IVORY HEART SMALL,1.25,"['ivory', 'heart', 'small']",Home Decor,Standard
23482,PEARLISED IVORY HEART LARGE,1.65,"['ivory', 'heart', 'large']",Home Decor,Standard
23483,HANGING  BUTTERFLY T-LIGHT HOLDER,1.25,"['butterfly', 't', 'light', 'holder']",Home Decor,Standard
23484,HEART TRELLISTRIPLE T-LIGHT HOLDER,2.89,"['heart', 'trellistriple', 't', 'light', 'holder']",Home Decor,Premium
23485,BOTANICAL GARDENS WALL CLOCK,25.0,"['botanical', 'gardens', 'wall', 'clock']",Home Decor,Luxury
23486,ANTIQUE HEART SHELF UNIT,16.65,"['antique', 'heart', 'shelf', 'unit']",Home Decor,Luxury
23487,SWEET HEART CAKE CARRIER,9.95,"['heart', 'cake', 'carrier']",Home Decor,Luxury
23489,"GARLAND, VINTAGE BELLS",2.89,"['garland', 'vintage', 'bell']",Other,Premium
23490,T-LIGHT HOLDER HANGING LOVE BIRD,3.75,"['t', 'light', 'holder', 'love', 'bird']",Home Decor,Premium
23491,VINTAGE JINGLE BELLS HEART,8.25,"['vintage', 'jingle', 'bells', 'heart']",Home Decor,Luxury
23492,VINTAGE JINGLE BELLS WREATH,8.25,"['vintage', 'jingle', 'bell']",Other,Luxury
23493,VINTAGE DOILY TRAVEL SEWING KIT,1.95,"['vintage', 'doily', 'travel', 'sewing', 'kit']",Other,Premium
23494,VINTAGE DOILY DELUXE SEWING KIT,5.95,"['vintage', 'doily', 'deluxe', 'sewing', 'kit']",Other,Luxury
23495,SET OF 3 PANTRY WOODEN SPOONS,1.25,"['pantry', 'wooden', 'spoon']",Kitchen,Standard
23496,PANTRY KITCHEN THERMOMETER,1.25,"['pantry', 'kitchen', 'thermometer']",Other,Standard
23497,CLASSIC CHROME BICYCLE BELL,1.45,"['classic', 'chrome', 'bicycle', 'bell']",Other,Standard
23498,CLASSIC BICYCLE CLIPS,1.45,"['classic', 'bicycle', 'clips']",Stationery,Standard
23499,SET 12 VINTAGE DOILY CHALK,0.42,"['set', 'vintage', 'doily', 'chalk']",Other,Budget
23500,KEY RING BASEBALL BOOT ASSORTED,1.25,"['key', 'ring', 'baseball', 'boot']",Toys,Standard
23501,KEY RING BASEBALL BOOT UNION JACK,1.25,"['key', 'ring', 'baseball', 'boot', 'union', 'jack']",Toys,Standard
23502,PLAYING CARDS VINTAGE DOILEY,1.25,"['card', 'vintage', 'doiley']",Stationery,Standard
23503,PLAYING CARDS KEEP CALM & CARRY ON,1.25,"['card', 'calm', 'carry']",Stationery,Standard
23504,PLAYING CARDS JUBILEE UNION JACK,1.25,"['cards', 'jubilee', 'union', 'jack']",Stationery,Standard
23505,PLAYING CARDS I LOVE LONDON,1.25,"['cards', 'love', 'london']",Stationery,Standard
23506,MINI PLAYING CARDS SPACEBOY,0.42,"['mini', 'card', 'spaceboy']",Stationery,Budget
23507,MINI PLAYING CARDS BUFFALO BILL,0.42,"['mini', 'card', 'buffalo', 'bill']",Stationery,Budget
23508,MINI PLAYING CARDS DOLLY GIRL,0.42,"['mini', 'card', 'dolly', 'girl']",Stationery,Budget
23509,MINI PLAYING CARDS FUN FAIR,0.42,"['mini', 'card', 'fun', 'fair']",Stationery,Budget
23510,MINI PLAYING CARDS GYMKHANA,0.42,"['mini', 'card', 'gymkhana']",Stationery,Budget
23511,EMBROIDERED RIBBON REEL EMILY,2.08,"['embroidered', 'ribbon', 'reel', 'emily']",Other,Premium
23512,EMBROIDERED RIBBON REEL ROSIE,2.08,"['embroidered', 'ribbon', 'rosie']",Other,Premium
23513,EMBROIDERED RIBBON REEL SUSIE,2.08,"['embroidered', 'ribbon', 'reel', 'susie']",Other,Premium
23514,EMBROIDERED RIBBON REEL SALLY,2.08,"['embroidered', 'ribbon', 'sally']",Other,Premium
23515,EMBROIDERED RIBBON REEL DAISY,2.08,"['embroidered', 'ribbon', 'daisy']",Other,Premium
23516,EMBROIDERED RIBBON REEL SOPHIE,3.75,"['embroidered', 'ribbon', 'sophie']",Other,Premium
23517,EMBROIDERED RIBBON REEL REBECCA,2.89,"['embroidered', 'ribbon', 'rebecca']",Other,Premium
23518,EMBROIDERED RIBBON REEL RACHEL,2.89,"['embroidered', 'ribbon', 'reel', 'rachel']",Other,Premium
23519,EMBROIDERED RIBBON REEL CLAIRE,3.75,"['embroidered', 'ribbon', 'claire']",Other,Premium
23520,EMBROIDERED RIBBON REEL RUBY,3.75,"['embroidered', 'ribbon', 'reel', 'ruby']",Other,Premium
23521,CAT AND BIRD WALL ART,2.89,"['cat', 'bird', 'wall', 'art']",Other,Premium
23522,DOG AND BALL WALL ART,2.89,"['dog', 'ball', 'wall', 'art']",Toys,Premium
23523,TREASURE AHOY WALL ART,3.75,"['treasure', 'ahoy', 'wall', 'art']",Other,Premium
23524,HORSE & PONY WALL ART,3.75,"['horse', 'pony', 'wall', 'art']",Other,Premium
23525,BUFFALO BILL WALL ART,3.75,"['buffalo', 'bill', 'wall', 'art']",Other,Premium
23526,DOG LICENCE WALL ART,5.95,"['dog', 'licence', 'wall', 'art']",Other,Luxury
23527,ANIMALS AND NATURE WALL ART,3.75,"['animal', 'nature', 'wall', 'art']",Toys,Premium
23528,SPACEBOY WALL ART,3.75,"['spaceboy', 'wall', 'art']",Other,Premium
23529,DOLLY GIRL WALL ART,3.75,"['girl', 'wall', 'art']",Toys,Premium
23530,WALL ART ONLY ONE PERSON,4.95,"['wall', 'art', 'person']",Other,Luxury
23531,WALL ART BIG LOVE,6.95,"['wall', 'art', 'big', 'love']",Other,Luxury
23532,WALL ART WORK REST AND PLAY,4.95,"['wall', 'art', 'work', 'rest']",Other,Luxury
23533,WALL ART GARDEN HAVEN,5.95,"['wall', 'art', 'garden', 'haven']",Garden,Luxury
23534,STOP FOR TEA WALL ART,5.95,"['tea', 'wall', 'art']",Food,Luxury
23535,BICYCLE SAFTEY WALL ART,5.95,"['bicycle', 'saftey', 'wall', 'art']",Other,Luxury
23536,VILLAGE SHOW WALL ART,5.95,"['village', 'wall', 'art']",Other,Luxury
23537,I LOVE LONDON WALL ART,4.95,"['london', 'wall', 'art']",Other,Luxury
23538,WALL ART VINTAGE HEART,4.95,"['wall', 'art', 'vintage', 'heart']",Home Decor,Luxury
23539,WALL ART LOVES' SECRET,5.95,"['wall', 'art', 'loves', 'secret']",Other,Luxury
23540,WALL ART THE MAGIC FOREST,6.95,"['wall', 'art', 'magic', 'forest']",Other,Luxury
23541,WALL ART CLASSIC PUDDINGS,8.25,"['wall', 'art', 'classic', 'pudding']",Other,Luxury
23542,70'S ALPHABET WALL ART,8.25,"['alphabet', 'wall', 'art']",Other,Luxury
23543,KEEP CALM WALL ART,8.25,"['calm', 'wall', 'art']",Other,Luxury
23544,WALL ART MID CENTURY MODERN,8.25,"['wall', 'art', 'mid', 'century', 'modern']",Other,Luxury
23545,WRAP RED DOILEY,0.42,"['wrap', 'red', 'doiley']",Other,Budget
23546,WRAP PAISLEY PARK,0.42,"['wrap', 'paisley', 'park']",Other,Budget
23547,WRAP FLOWER SHOP,0.42,"['wrap', 'flower', 'shop']",Garden,Budget
23548,WRAP MAGIC FOREST,0.42,"['wrap', 'magic', 'forest']",Other,Budget
23549,WRAP BIRD GARDEN,0.42,"['wrap', 'bird', 'garden']",Garden,Budget
23550,WRAP ALPHABET POSTER,0.42,"['wrap', 'alphabet', 'poster']",Other,Budget
23551,PACK OF 12 PAISLEY PARK TISSUES,0.39,"['pack', 'paisley', 'park', 'tissue']",Other,Budget
23552,BICYCLE PUNCTURE REPAIR KIT,2.08,"['bicycle', 'puncture', 'repair', 'kit']",Other,Premium
23553,LANDMARK FRAME CAMDEN TOWN,12.5,"['landmark', 'frame', 'camden', 'town']",Home Decor,Luxury
23554,LANDMARK FRAME OXFORD STREET,12.5,"['landmark', 'frame', 'oxford', 'street']",Home Decor,Luxury
23555,LANDMARK FRAME NOTTING HILL,12.5,"['landmark', 'frame', 'notting', 'hill']",Home Decor,Luxury
23556,LANDMARK FRAME COVENT GARDEN,12.5,"['landmark', 'frame', 'covent', 'garden']",Home Decor,Luxury
23557,LANDMARK FRAME BAKER STREET,12.5,"['landmark', 'frame', 'baker', 'street']",Home Decor,Luxury
23558,LANDMARK FRAME LONDON BRIDGE,12.5,"['landmark', 'frame', 'london', 'bridge']",Home Decor,Luxury
23559,WOODLAND BUNNIES LOLLY MAKERS,2.08,"['woodland', 'bunny', 'lolly', 'maker']",Other,Premium
23560,SET OF 6 RIBBONS COUNTRY STYLE,2.89,"['ribbons', 'country', 'style']",Other,Premium
23561,SET OF 6 RIBBONS PARTY,2.89,"['ribbons', 'party']",Party Supplies,Premium
23562,SET OF 6 RIBBONS PERFECTLY PRETTY,2.89,"['ribbons', 'perfectly']",Other,Premium
23564,EGG CUP MILKMAID INGRID,1.25,"['egg', 'cup', 'milkmaid', 'ingrid']",Kitchen,Standard
23565,EGG CUP MILKMAID HELGA,1.25,"['egg', 'cup', 'milkmaid', 'helga']",Kitchen,Standard
23566,EGG CUP MILKMAID HEIDI,1.25,"['egg', 'cup', 'milkmaid', 'heidi']",Kitchen,Standard
23567,EGG CUP HENRIETTA HEN PINK,1.25,"['egg', 'cup', 'hen', 'pink']",Kitchen,Standard
23568,EGG CUP HENRIETTA HEN CREAM,1.25,"['egg', 'cup', 'hen', 'cream']",Kitchen,Standard
23569,TRADTIONAL ALPHABET STAMP SET,4.95,"['tradtional', 'alphabet', 'stamp', 'set']",Other,Luxury
23570,TRADITIONAL PICK UP STICKS GAME,1.25,"['traditional', 'stick', 'game']",Toys,Standard
23571,TRADITIONAL NAUGHTS & CROSSES,1.65,"['traditional', 'naughts', 'crosses']",Other,Standard
23574,PACKING CHARGE,7.5,"['packing', 'charge']",Other,Luxury
23575,SNACK TRAY PAISLEY PARK,1.95,"['snack', 'tray', 'paisley', 'park']",Kitchen,Premium
23576,SNACK TRAY RED VINTAGE DOILY,1.95,"['snack', 'tray', 'red', 'vintage', 'doily']",Kitchen,Premium
23578,SNACK TRAY RED GINGHAM,1.95,"['snack', 'tray', 'red', 'gingham']",Kitchen,Premium
23579,SNACK TRAY I LOVE LONDON,1.95,"['snack', 'tray', 'love', 'london']",Kitchen,Premium
23580,SNACK TRAY HAPPY FOREST,1.95,"['snack', 'tray', 'happy', 'forest']",Kitchen,Premium
23581,JUMBO BAG PAISLEY PARK,2.08,"['jumbo', 'bag', 'paisley', 'park']",Bags,Premium
23582,VINTAGE DOILY JUMBO BAG RED,2.08,"['vintage', 'doily', 'jumbo', 'bag', 'red']",Bags,Premium
23583,LUNCH BAG PAISLEY PARK,1.65,"['lunch', 'bag', 'paisley', 'park']",Bags,Standard
23597,PAPER BUNTING PAISLEY PARK,2.95,"['paper', 'bunting', 'paisley', 'park']",Stationery,Premium
23598,PAPER BUNTING VINTAGE PARTY,2.95,"['paper', 'bunting', 'vintage', 'party']",Stationery,Premium
23630,SET 10 CARDS HANGING BAUBLES 17080,2.99,"['set', 'card', 'bauble']",Stationery,Premium
23660,HENRIETTA HEN MUG,1.65,"['hen', 'mug']",Kitchen,Standard
23661,MILK MAIDS MUG,1.65,"['milk', 'maids', 'mug']",Kitchen,Standard
23664,FLOWER SHOP DESIGN MUG,1.65,"['flower', 'shop', 'design', 'mug']",Home Decor,Standard
23681,LUNCH BAG RED VINTAGE DOILY,1.65,"['lunch', 'bag', 'red', 'vintage', 'doily']",Bags,Standard
23691,KEEP CALM BIRTHDAY WRAP,0.42,"['calm', 'wrap']",Party Supplies,Budget
23692,WRAP A PRETTY THANK YOU,0.42,['wrap'],Other,Budget
23694,PAISLEY PARK CARD,0.42,"['paisley', 'park', 'card']",Stationery,Budget
23695,DOILY THANK YOU CARD,0.42,['doily'],Stationery,Budget
23697,A PRETTY THANK YOU CARD,0.42,['pretty'],Stationery,Budget
23702,High Resolution Image,3.0,"['high', 'resolution', 'image']",Other,Premium
23843,"PAPER CRAFT , LITTLE BIRDIE",2.08,"['paper', 'craft', 'little', 'birdie']",Stationery,Premium
35001G,HAND OPEN SHAPE GOLD,4.25,"['hand', 'open', 'gold']",Stationery,Luxury
35001W,HAND OPEN SHAPE DECO.WHITE,3.49,"['hand', 'open']",Stationery,Premium
35004B,SET OF 3 BLACK FLYING DUCKS,5.45,['ducks'],Other,Luxury
35004C,SET OF 3 COLOURED  FLYING DUCKS,5.45,"['coloured', 'duck']",Other,Luxury
35004G,SET OF 3 GOLD FLYING DUCKS,6.35,"['gold', 'ducks']",Other,Luxury
35004P,SET OF 3 PINK FLYING DUCKS,5.45,"['pink', 'ducks']",Other,Luxury
35095A,BLUE VICTORIAN FABRIC OVAL BOX,0.42,"['blue', 'fabric', 'oval', 'box']",Other,Budget
35095B,RED VICTORIAN FABRIC OVAL BOX,0.42,"['fabric', 'oval', 'box']",Other,Budget
35241,ENAMEL BLUE RIM BISCUIT BIN,4.95,"['enamel', 'blue', 'rim', 'biscuit', 'bin']",Food,Luxury
35265,COLOURFUL FLOWER FRUIT BOWL,1.95,"['colourful', 'flower', 'fruit', 'bowl']",Kitchen,Premium
35271S,GOLD PRINT PAPER BAG,0.19,"['gold', 'print', 'paper', 'bag']",Stationery,Budget
35400,WOODEN BOX ADVENT CALENDAR,8.95,"['wooden', 'box', 'advent', 'calendar']",Other,Luxury
35443,RASTA IN BATH W SPLIFF ASHTRAY,0.85,"['rasta', 'bath', 'w', 'spliff']",Kitchen,Budget
35471D,SET OF 3 BIRD LIGHT PINK FEATHER,0.39,"['bird', 'light', 'pink', 'feather']",Home Decor,Budget
35591T,TURQUOISE CHRISTMAS TREE,1.25,"['turquoise', 'christmas', 'tree']",Christmas,Standard
35597A,DUSTY PINK CHRISTMAS TREE 30CM,1.25,"['dusty', 'pink', 'christmas', 'tree']",Christmas,Standard
35597B,BLACKCHRISTMAS TREE 30CM,1.25,"['blackchristmas', 'tree']",Christmas,Standard
35597D,PINK/WHITE CHRISTMAS TREE 30CM,0.38,"['white', 'christmas', 'tree']",Christmas,Budget
35598A,DUSTY PINK CHRISTMAS TREE 60CM,2.95,"['dusty', 'pink', 'christmas', 'tree']",Christmas,Premium
35598B,BLACK CHRISTMAS TREE 60CM,0.65,"['christmas', 'tree']",Christmas,Budget
35598C,WHITE CHRISTMAS TREE 60CM,2.95,"['white', 'christmas', 'tree']",Christmas,Premium
35598D,PINK/WHITE CHRISTMAS TREE 60CM,0.65,"['christmas', 'tree']",Christmas,Budget
35599B,BLACK CHRISTMAS TREE 120CM,1.95,"['christmas', 'tree']",Christmas,Premium
35599D,PINK AND WHITE CHRISTMAS TREE 120CM,1.95,"['pink', 'christmas', 'tree']",Christmas,Premium
35607A,PINK FLUFFY CHRISTMAS DECORATION,0.19,"['pink', 'fluffy', 'christmas', 'decoration']",Home Decor,Budget
35607B,BLACK FEATHER CHRISTMAS DECORATION,0.19,"['black', 'feather', 'christmas', 'decoration']",Home Decor,Budget
35610A,PINK CHRISTMAS FLOCK DROPLET,1.25,"['pink', 'christmas', 'droplet']",Christmas,Standard
35610B,BLACK CHRISTMAS FLOCK DROPLET,1.25,"['christmas', 'droplet']",Christmas,Standard
35610C,WHITE CHRISTMAS FLOCK DROPLET,1.25,"['white', 'christmas', 'droplet']",Christmas,Standard
35637A,IVORY STRING CURTAIN WITH POLE,1.95,"['ivory', 'string', 'curtain', 'pole']",Jewellery,Premium
35637C,PINK STRING CURTAIN WITH POLE,1.95,"['pink', 'string', 'curtain', 'pole']",Jewellery,Premium
35638A,PINK AND BLACK STRING CURTAIN,1.95,"['pink', 'black', 'string', 'curtain']",Jewellery,Premium
35638B,PINK/BLUE STRING CURTAIN,1.95,"['string', 'curtain']",Jewellery,Premium
35645,VINTAGE BEAD PINK JEWEL BOX,4.25,"['vintage', 'bead', 'pink', 'jewel', 'box']",Jewellery,Luxury
35646,VINTAGE BEAD PINK EVENING BAG,1.25,"['vintage', 'bead', 'evening', 'bag']",Jewellery,Standard
35647,VINTAGE BEAD PINK SHADE,1.25,"['vintage', 'bead', 'pink']",Jewellery,Standard
35648,VINTAGE BEAD PINK PURSE,0.83,"['vintage', 'bead', 'pink', 'purse']",Jewellery,Budget
35649,VINTAGE BEAD COSMETIC BAG,3.35,"['vintage', 'bead', 'cosmetic', 'bag']",Jewellery,Premium
35650,VINTAGE BEAD PINK JEWEL STAND,4.95,"['vintage', 'bead', 'jewel']",Jewellery,Luxury
35651,VINTAGE BEAD PINK SCARF,1.65,"['vintage', 'bead', 'pink', 'scarf']",Toys,Standard
35653,VINTAGE BEAD NOTEBOOK,2.95,"['vintage', 'bead', 'notebook']",Stationery,Premium
35809A,ENAMEL PINK TEA CONTAINER,0.83,"['enamel', 'pink', 'tea', 'container']",Food,Budget
35809B,ENAMEL BLUE RIM TEA CONTAINER,2.1,"['enamel', 'blue', 'rim', 'tea', 'container']",Food,Premium
35810A,ENAMEL PINK COFFEE CONTAINER,0.83,"['enamel', 'pink', 'coffee', 'container']",Food,Budget
35810B,ENAMEL BLUE RIM COFFEE CONTAINER,0.83,"['enamel', 'blue', 'rim', 'coffee', 'container']",Food,Budget
35815P,"ACRYLIC JEWEL SNOWFLAKE, PINK",0.38,"['acrylic', 'jewel', 'snowflake', 'pink']",Other,Budget
35816P,"ACRYLIC JEWEL ANGEL,PINK",0.38,"['acrylic', 'jewel', 'angel', 'pink']",Other,Budget
35817P,"ACRYLIC JEWEL SNOWFLAKE,PINK",1.4649999999999999,"['acrylic', 'jewel', 'snowflake', 'pink']",Other,Standard
35818B,"ACRYLIC JEWEL ICICLE, BLUE",0.38,"['acrylic', 'jewel', 'icicle', 'blue']",Other,Budget
35818P,"ACRYLIC JEWEL ICICLE, PINK",0.38,"['acrylic', 'jewel', 'icicle', 'pink']",Other,Budget
35819B,"ACRYLIC HANGING JEWEL,BLUE",0.38,"['acrylic', 'hanging', 'jewel', 'blue']",Other,Budget
35819P,"ACRYLIC HANGING JEWEL,PINK",0.38,"['acrylic', 'hanging', 'jewel', 'pink']",Other,Budget
35833P,4 PINK FLOCK CHRISTMAS BALLS,1.25,"['pink', 'christmas', 'ball']",Toys,Standard
35909A,RABBIT EASTER DECORATION,2.95,"['easter', 'decoration']",Home Decor,Premium
35909B,PINK FLOWERS RABBIT EASTER,2.95,"['pink', 'flower', 'rabbit', 'easter']",Garden,Premium
35910A,MULTICOLOUR EASTER RABBIT,1.95,"['multicolour', 'easter']",Other,Premium
35910B,PINK FLOWERS RABBIT EASTER,1.95,"['pink', 'flower', 'rabbit', 'easter']",Garden,Premium
35911A,MULTICOLOUR RABBIT EGG WARMER,0.85,"['multicolour', 'egg', 'warmer']",Other,Budget
35911B,PINK/FLOWER RABBIT EGG WARMER,2.1,"['flower', 'rabbit', 'egg', 'warmer']",Garden,Premium
35912B,WHITE/PINK CHICK DECORATION,1.25,"['white', 'pink', 'chick', 'decoration']",Home Decor,Standard
35913B,WHITE/PINK CHICK EASTER DECORATION,0.85,"['white', 'pink', 'chick', 'easter', 'decoration']",Home Decor,Budget
35914,PINK CHICK EGG WARMER + EGG CUP,0.85,"['pink', 'chick', 'egg', 'warmer', 'cup']",Kitchen,Budget
35915B,BLUE KNITTED HEN,1.65,"['blue', 'knitted', 'hen']",Other,Standard
35915C,PEACH KNITTED HEN,1.65,"['peach', 'knitted', 'hen']",Other,Standard
35916A,YELLOW FELT HANGING HEART W FLOWER,0.85,"['yellow', 'felt', 'heart', 'w', 'flower']",Home Decor,Budget
35916B,BLUE FELT HANGING HEART WITH FLOWER,0.85,"['blue', 'felt', 'heart', 'flower']",Home Decor,Budget
35916C,PINK FELT HANGING HEART W FLOWER,0.85,"['pink', 'felt', 'heart', 'w', 'flower']",Home Decor,Budget
35920,FOUR RABBIT EASTER DECORATIONS,1.25,"['rabbit', 'easter', 'decoration']",Home Decor,Standard
35921,EASTER BUNNY HANGING GARLAND,1.25,"['easter', 'bunny', 'garland']",Other,Standard
35922,EASTER BUNNY WREATH,4.95,"['easter', 'bunny', 'wreath']",Other,Luxury
35923,CANDY HEART HANGING DECORATION,0.39,"['candy', 'heart', 'decoration']",Home Decor,Budget
35924,HANGING FAIRY CAKE DECORATION,2.1,"['fairy', 'cake', 'decoration']",Home Decor,Premium
35933,PINK STOCKING CHRISTMAS DECORATION,0.38,"['pink', 'stocking', 'christmas', 'decoration']",Home Decor,Budget
35953,FOLKART STAR CHRISTMAS DECORATIONS,0.39,"['folkart', 'star', 'christmas', 'decoration']",Home Decor,Budget
35954,SMALL FOLKART STAR CHRISTMAS DEC,0.19,"['small', 'folkart', 'star', 'christmas', 'dec']",Christmas,Budget
35957,SMALLFOLKART BAUBLE CHRISTMAS DEC,0.42,"['smallfolkart', 'bauble', 'christmas', 'dec']",Christmas,Budget
35958,FOLKART ZINC STAR CHRISTMAS DEC,0.85,"['folkart', 'zinc', 'star', 'christmas', 'dec']",Christmas,Budget
35961,FOLKART ZINC HEART CHRISTMAS DEC,0.85,"['folkart', 'zinc', 'heart', 'christmas', 'dec']",Home Decor,Budget
35964,FOLKART CLIP ON STARS,0.39,"['folkart', 'clip', 'star']",Stationery,Budget
35965,FOLKART HEART NAPKIN RINGS,0.79,"['folkart', 'heart', 'napkin', 'rings']",Home Decor,Budget
35966,FOLKART CHRISTMAS TREE T-LIGHT HOLD,0.38,"['folkart', 'christmas', 'tree', 't', 'light', 'hold']",Home Decor,Budget
35967,FOLK ART METAL STAR T-LIGHT HOLDER,0.38,"['folk', 'art', 'metal', 'star', 't', 'light', 'holder']",Home Decor,Budget
35968,FOLK ART METAL HEART T-LIGHT HOLDER,0.38,"['folk', 'art', 'metal', 'heart', 't', 'light', 'holder']",Home Decor,Budget
35970,ZINC FOLKART SLEIGH BELLS,1.69,"['zinc', 'folkart', 'sleigh', 'bell']",Other,Standard
35971,ROSE FOLKART HEART DECORATIONS,1.25,"['rose', 'folkart', 'heart', 'decoration']",Home Decor,Standard
35972,DAISY FOLKART HEART DECORATION,1.25,"['daisy', 'folkart', 'heart', 'decoration']",Home Decor,Standard
37327,ASSTD MULTICOLOUR CIRCLES MUG,0.39,"['asstd', 'multicolour', 'circles', 'mug']",Kitchen,Budget
37330,BIG POLKADOT MUG,0.39,"['polkadot', 'mug']",Kitchen,Budget
37333,"RETRO ""TEA FOR ONE""",4.95,['tea'],Food,Luxury
37340,MULTICOLOUR SPRING FLOWER MUG,0.39,"['multicolour', 'spring', 'flower', 'mug']",Kitchen,Budget
37342,POLKADOT COFFEE CUP & SAUCER PINK,0.79,"['coffee', 'cup', 'saucer', 'pink']",Kitchen,Budget
37343,POLKADOT MUG PINK,1.65,"['polkadot', 'mug', 'pink']",Kitchen,Standard
37351,ORANGE FLOWER MUG,0.39,"['orange', 'flower', 'mug']",Kitchen,Budget
37370,RETRO COFFEE MUGS ASSORTED,1.25,"['coffee', 'mugs']",Kitchen,Standard
37379A,PINK CHERRY BLOSSOM CUP & SAUCER,1.25,"['pink', 'cherry', 'cup', 'saucer']",Kitchen,Standard
37413,ICON MUG REVOLUTIONARY,0.39,"['icon', 'mug', 'revolutionary']",Kitchen,Budget
37423,WHITE WITH BLACK CATS PLATE,0.39,"['white', 'black', 'cats', 'plate']",Kitchen,Budget
37444A,YELLOW BREAKFAST CUP AND SAUCER,0.39,"['yellow', 'breakfast', 'cup', 'saucer']",Kitchen,Budget
37444B,BLUE BREAKFAST CUP AND SAUCER,2.95,"['blue', 'breakfast', 'cup', 'saucer']",Kitchen,Premium
37444C,PINK BREAKFAST CUP AND SAUCER,0.39,"['pink', 'breakfast', 'cup', 'saucer']",Kitchen,Budget
37446,MINI CAKE STAND WITH HANGING CAKES,1.45,"['mini', 'cake', 'cakes']",Food,Standard
37447,CERAMIC CAKE DESIGN SPOTTED PLATE,1.49,"['ceramic', 'cake', 'design', 'plate']",Home Decor,Standard
37448,CERAMIC CAKE DESIGN SPOTTED MUG,1.49,"['ceramic', 'cake', 'design', 'spotted', 'mug']",Home Decor,Standard
37449,CERAMIC CAKE STAND + HANGING CAKES,9.95,"['ceramic', 'cake', 'cakes']",Food,Luxury
37450,CERAMIC CAKE BOWL + HANGING CAKES,2.95,"['ceramic', 'cake', 'bowl', 'cakes']",Kitchen,Premium
37461,FUNKY MONKEY MUG,1.25,"['funky', 'monkey', 'mug']",Kitchen,Standard
37462E,"PET MUG, GOLDFISH",0.19,"['pet', 'mug', 'goldfish']",Kitchen,Budget
37464,ROBOT MUG IN DISPLAY BOX,1.25,"['robot', 'mug', 'display', 'box']",Kitchen,Standard
37467,PIG MUG IN TWO COLOUR DESIGNS,0.39,"['pig', 'mug', 'colour', 'design']",Home Decor,Budget
37468,HARDMAN MUG 3 ASSORTED,0.39,"['hardman', 'mug']",Kitchen,Budget
37471,MULTICOLOUR POLKADOT PLATE,0.85,['plate'],Kitchen,Budget
37475,SET/4 COLOURFUL MIXING BOWLS,9.95,"['colourful', 'mixing', 'bowls']",Kitchen,Luxury
37476,CONDIMENT TRAY 4 BOWLS AND 4 SPOONS,9.95,"['tray', 'bowls', 'spoon']",Kitchen,Luxury
37479B,CUBIC MUG FLOCK BLUE ON BROWN,0.39,"['mug', 'blue', 'brown']",Kitchen,Budget
37479P,CUBIC MUG FLOCK PINK ON BROWN,0.39,"['mug', 'flock', 'pink', 'brown']",Kitchen,Budget
37482P,CUBIC MUG PINK POLKADOT,0.39,"['cubic', 'mug', 'pink']",Kitchen,Budget
37487B,YELLOW/ORANGE FLOWER DESIGN PLATE,0.29,"['yellow', 'orange', 'flower', 'design', 'plate']",Home Decor,Budget
37488A,YELLOW PINK FLOWER DESIGN BIG BOWL,0.39,"['yellow', 'pink', 'flower', 'design', 'big', 'bowl']",Home Decor,Budget
37489A,YELLOW/PINK FLOWER DESIGN BIG MUG,0.39,"['yellow', 'pink', 'flower', 'design', 'big', 'mug']",Home Decor,Budget
37489B,BLUE/YELLOW FLOWER DESIGN BIG MUG,0.39,"['blue', 'yellow', 'flower', 'design', 'big', 'mug']",Home Decor,Budget
37489C,GREEN/BLUE FLOWER DESIGN BIG MUG,0.39,"['blue', 'flower', 'design', 'big', 'mug']",Home Decor,Budget
37489D,PINK/GREEN FLOWER DESIGN BIG MUG,0.39,"['green', 'flower', 'design', 'big', 'mug']",Home Decor,Budget
37491B,BLUE/YELLOW CERAMIC CANDLE HOLDER,1.65,"['blue', 'yellow', 'ceramic', 'candle', 'holder']",Home Decor,Standard
37491C,GREEN/BLUE CERAMIC CANDLE HOLDER,1.65,"['blue', 'ceramic', 'candle', 'holder']",Home Decor,Standard
37491D,PURPLE/BLUE CERAMIC CANDLE HOLDER,1.65,"['blue', 'ceramic', 'candle', 'holder']",Home Decor,Standard
37495,FAIRY CAKE BIRTHDAY CANDLE SET,3.75,"['fairy', 'cake', 'candle', 'set']",Home Decor,Premium
37500,TEA TIME TEAPOT IN GIFT BOX,4.95,"['tea', 'time', 'teapot', 'gift', 'box']",Kitchen,Luxury
37501,TEA TIME TEA SET IN GIFT BOX,6.95,"['tea', 'time', 'set', 'gift', 'box']",Food,Luxury
37509,NEW ENGLAND MUG W GIFT BOX,2.55,"['new', 'england', 'mug', 'w', 'gift', 'box']",Kitchen,Premium
40001,WHITE BAMBOO RIBS LAMPSHADE,0.85,"['white', 'bamboo', 'ribs']",Electronics,Budget
40003,WHITE BAMBOO RIBS LAMPSHADE,1.25,"['white', 'bamboo', 'ribs']",Electronics,Standard
40005B,BLUE ORGANDY ROUND LAMPSHADE W BEA,0.85,"['blue', 'organdy', 'round', 'lampshade', 'w', 'bea']",Electronics,Budget
40016,CHINESE DRAGON PAPER LANTERNS,0.42,"['chinese', 'paper', 'lantern']",Stationery,Budget
40046A,RED DAISY PAPER LAMPSHADE,1.25,"['daisy', 'paper']",Stationery,Standard
44089A,PINK GAUZE BUTTERFLY LAMPSHADE,0.42,"['pink', 'gauze', 'butterfly']",Electronics,Budget
44089C,LILAC GAUZE BUTTERFLY LAMPSHADE,0.42,"['lilac', 'gauze', 'butterfly']",Electronics,Budget
44091A,BLUE CRUSOE CHECK LAMPSHADE,0.42,"['blue', 'check']",Electronics,Budget
44092B,BLUE WHITE PLASTIC RINGS LAMPSHADE,0.85,"['blue', 'white', 'plastic', 'ring']",Jewellery,Budget
44092C,PURPLE/COPPER HANGING LAMPSHADE,0.85,"['purple', 'copper']",Electronics,Budget
44228,CANNABIS LEAF BEAD CURTAIN,0.85,"['cannabis', 'bead', 'curtain']",Jewellery,Budget
44234,ASSORTED CIRCULAR MOBILE,0.21,"['assorted', 'circular', 'mobile']",Other,Budget
44235,ASS COL CIRCLE MOBILE,0.42,"['ass', 'col', 'circle', 'mobile']",Other,Budget
44236,PINK/PURPLE CIRCLE CURTAIN,0.79,"['circle', 'curtain']",Other,Budget
44242A,LILAC FEATHERS CURTAIN,0.79,"['lilac', 'curtain']",Other,Budget
44242B,PINK FEATHERS CURTAIN,0.79,"['pink', 'feather', 'curtain']",Other,Budget
44265,M/COLOUR POM-POM CURTAIN,4.25,"['m', 'colour', 'pom', 'curtain']",Other,Luxury
45013,FOLDING SHOE TIDY,2.95,"['folding', 'shoe', 'tidy']",Other,Premium
46000M,POLYESTER FILLER PAD 45x45cm,1.55,"['polyester', 'filler', 'pad', 'cm']",Other,Standard
46000P,POLYESTER FILLER PAD 65CMx65CM,4.25,"['polyester', 'filler', 'pad']",Other,Luxury
46000R,POLYESTER FILLER PAD 45x30cm,1.45,"['polyester', 'filler', 'pad', 'cm']",Other,Standard
46000S,POLYESTER FILLER PAD 40x40cm,1.45,"['polyester', 'pad', 'cm']",Other,Standard
46000U,POLYESTER FILLER PAD 30CMx30CM,1.25,"['polyester', 'pad']",Other,Standard
46115B,GREEN POP ART MAO CUSHION COVER,0.19,"['pop', 'art', 'mao', 'cushion', 'cover']",Other,Budget
46118,FUNKY MONKEY CUSHION COVER,0.85,"['funky', 'monkey', 'cushion', 'cover']",Other,Budget
46126A,ELVIS WALLHANGING / CURTAIN,1.25,"['elvi', 'wallhanging', 'curtain']",Other,Standard
46138B,BLUE CHENILLE SHAGGY CUSHION COVER,0.85,"['blue', 'chenille', 'shaggy', 'cushion', 'cover']",Other,Budget
46775D,SUNSET COLOUR CHUNKY KNITTED THROW,16.95,"['sunset', 'colour', 'knitted', 'throw']",Other,Luxury
46776A,WOVEN BUBBLE GUM CUSHION COVER,4.95,"['woven', 'bubble', 'gum', 'cushion', 'cover']",Other,Luxury
46776B,WOVEN BERRIES CUSHION COVER,4.95,"['woven', 'cushion', 'cover']",Other,Luxury
46776C,WOVEN FROST CUSHION COVER,4.95,"['woven', 'frost', 'cushion', 'cover']",Other,Luxury
46776D,WOVEN SUNSET CUSHION COVER,4.95,"['woven', 'sunset', 'cushion', 'cover']",Other,Luxury
46776E,WOVEN CANDY CUSHION COVER,4.95,"['woven', 'candy', 'cushion', 'cover']",Other,Luxury
46776F,WOVEN ROSE GARDEN CUSHION COVER,4.95,"['woven', 'rose', 'cushion', 'cover']",Garden,Luxury
47013A,WINE BOTTLE DRESSING LT.BLUE,0.205,"['wine', 'bottle', 'dressing']",Kitchen,Budget
47013C,WINE BOTTLE DRESSING DARK BLUE,0.12,"['wine', 'bottle', 'dark']",Kitchen,Budget
47016,LIGHT DECORATION BATTERY OPERATED,2.1,"['light', 'decoration', 'battery']",Home Decor,Premium
47021G,SET/6 BEAD COASTERS GAUZE BAG GOLD,0.39,"['bead', 'coaster', 'gauze', 'bag', 'gold']",Jewellery,Budget
47310M,"SMALL POP BOX,FUNKY MONKEY",1.25,"['small', 'pop', 'box', 'funky', 'monkey']",Other,Standard
47341A,FUSCHIA TABLE RUN FLOWER,1.25,"['fuschia', 'table', 'run', 'flower']",Garden,Standard
47341B,BLUE TABLE RUN FLOWER,1.25,"['blue', 'table', 'run', 'flower']",Garden,Standard
47343A,FUSCHIA FLOWER PURSE WITH BEADS,0.83,"['fuschia', 'flower', 'purse', 'bead']",Garden,Budget
47344B,BLUE FLOWER DES PURSE,0.83,"['blue', 'flower', 'des', 'purse']",Garden,Budget
47348A,FUSCHIA VOILE POINTY SHOE DEC,0.39,"['fuschia', 'voile', 'pointy', 'shoe', 'dec']",Other,Budget
47351B,BLUE  VOILE LAMPSHADE,2.95,"['blue', 'voile']",Electronics,Premium
47367B,PAIR PADDED HANGERS PINK CHECK,3.75,"['pair', 'hangers', 'pink', 'check']",Other,Premium
47369A,PINK GREEN EMBROIDERY COSMETIC BAG,2.95,"['pink', 'embroidery', 'cosmetic', 'bag']",Bags,Premium
47369B,BLUE GREEN EMBROIDERY COSMETIC BAG,2.95,"['blue', 'green', 'embroidery', 'cosmetic', 'bag']",Bags,Premium
47420,ASSORTED COLOUR SUCTION CUP HOOK,0.19,"['assorted', 'colour', 'suction', 'cup', 'hook']",Kitchen,Budget
47421,ASSORTED COLOUR LIZARD SUCTION HOOK,0.42,"['assorted', 'colour', 'lizard', 'suction', 'hook']",Other,Budget
47422,ASSORTED MONKEY SUCTION CUP HOOK,0.42,"['assorted', 'monkey', 'suction', 'cup', 'hook']",Kitchen,Budget
47469,ASSORTED SHAPES PHOTO CLIP SILVER,0.65,"['assorted', 'shapes', 'photo', 'clip', 'silver']",Stationery,Budget
47471,RAINBOW PEGS PHOTO CLIP STRING,0.65,"['rainbow', 'peg', 'string']",Stationery,Budget
47480,HANGING PHOTO CLIP ROPE LADDER,1.65,"['hanging', 'photo', 'clip', 'rope', 'ladder']",Stationery,Standard
47481,50CM METAL STRING WITH  7 CLIPS,0.85,"['metal', 'string', 'clip']",Stationery,Budget
47503A,ASS FLORAL PRINT MULTI SCREWDRIVER,0.42,"['ass', 'floral', 'print', 'multi', 'screwdriver']",Other,Budget
47503H,ASS FLORAL PRINT SPIRIT LEVEL,0.79,"['ass', 'floral', 'print', 'spirit', 'level']",Other,Budget
47503J,SET/3 FLORAL GARDEN TOOLS IN BAG,7.95,"['floral', 'garden', 'tools', 'bag']",Garden,Luxury
47504H,ENGLISH ROSE SPIRIT LEVEL,0.79,"['english', 'rose', 'spirit', 'level']",Other,Budget
47504K,ENGLISH ROSE GARDEN SECATEURS,0.79,"['english', 'rose', 'garden']",Garden,Budget
47518F,ICON PLACEMAT POP ART ELVIS,0.12,"['placemat', 'pop', 'art', 'elvis']",Other,Budget
47556B,TEA TIME TEA TOWELS,2.325,"['tea', 'time', 'towel']",Food,Premium
47559B,TEA TIME OVEN GLOVE,1.25,"['tea', 'time', 'oven', 'glove']",Clothing,Standard
47563A,RETRO LONGBOARD IRONING BOARD COVER,1.25,"['longboard', 'ironing', 'board', 'cover']",Other,Standard
47566,PARTY BUNTING,4.95,"['party', 'bunting']",Kitchen,Luxury
47566B,TEA TIME PARTY BUNTING,4.95,"['tea', 'time', 'party', 'bunting']",Kitchen,Luxury
47567B,TEA TIME KITCHEN APRON,5.95,"['tea', 'time', 'kitchen', 'apron']",Food,Luxury
47570B,TEA TIME TABLE CLOTH,10.65,"['tea', 'time', 'table', 'cloth']",Food,Luxury
47574A,ENGLISH ROSE SCENTED HANGING FLOWER,0.75,"['english', 'rose', 'hanging', 'flower']",Garden,Budget
47574B,ENGLISH ROSE SCENTED HANGING HEART,4.25,"['english', 'rose', 'heart']",Home Decor,Luxury
47578A,ENGLISH ROSE SMALL SCENTED FLOWER,0.85,"['english', 'rose', 'small', 'scented', 'flower']",Garden,Budget
47579,TEA TIME BREAKFAST BASKET,2.1,"['tea', 'time', 'breakfast']",Food,Premium
47580,TEA TIME DES TEA COSY,2.55,"['tea', 'time', 'des', 'cosy']",Food,Premium
47585A,PINK FAIRY CAKE CUSHION COVER,3.75,"['pink', 'fairy', 'cake', 'cushion', 'cover']",Food,Premium
47586A,PINK FAIRY CAKE CUSHION COVER,2.55,"['pink', 'fairy', 'cake', 'cushion', 'cover']",Food,Premium
47589,CONGRATULATIONS BUNTING,5.45,"['congratulation', 'bunting']",Kitchen,Luxury
47590A,BLUE HAPPY BIRTHDAY BUNTING,5.45,"['blue', 'happy', 'bunting']",Kitchen,Luxury
47590B,PINK HAPPY BIRTHDAY BUNTING,5.45,"['pink', 'happy', 'bunting']",Kitchen,Luxury
47591B,SCOTTIES CHILDRENS APRON,1.65,"['scotties', 'childrens', 'apron']",Other,Standard
47591D,PINK FAIRY CAKE CHILDRENS APRON,1.95,"['pink', 'fairy', 'cake', 'childrens', 'apron']",Food,Premium
47593A,CAROUSEL PONIES BABY BIB,0.29,"['pony', 'baby', 'bib']",Toys,Budget
47593B,SCOTTIE DOGS BABY BIB,0.39,"['dogs', 'baby', 'bib']",Other,Budget
47594A,CAROUSEL DESIGN WASHBAG,1.95,"['design', 'washbag']",Home Decor,Premium
47594B,SCOTTIES DESIGN WASHBAG,1.95,"['scotties', 'design', 'washbag']",Home Decor,Premium
47599A,PINK PARTY BAGS,2.1,"['pink', 'party', 'bags']",Bags,Premium
47599B,BLUE PARTY BAGS,2.1,"['blue', 'party', 'bags']",Bags,Premium
48111,DOORMAT 3 SMILEY CATS,7.95,"['doormat', 'smiley', 'cat']",Other,Luxury
48116,DOORMAT MULTICOLOUR STRIPE,7.95,['multicolour'],Other,Luxury
48129,DOORMAT TOPIARY,7.95,"['doormat', 'topiary']",Other,Luxury
48138,DOORMAT UNION FLAG,7.95,"['doormat', 'union', 'flag']",Other,Luxury
48173C,DOORMAT BLACK FLOCK,7.95,"['doormat', 'black', 'flock']",Other,Luxury
48184,DOORMAT ENGLISH ROSE,7.95,"['doormat', 'english', 'rose']",Other,Luxury
48185,DOORMAT FAIRY CAKE,7.95,"['doormat', 'fairy', 'cake']",Food,Luxury
48187,DOORMAT NEW ENGLAND,7.95,"['new', 'england']",Other,Luxury
48188,DOORMAT WELCOME PUPPIES,7.95,"['doormat', 'welcome', 'puppy']",Other,Luxury
48194,DOORMAT HEARTS,7.95,"['doormat', 'hearts']",Home Decor,Luxury
51008,AFGHAN SLIPPER SOCK PAIR,3.45,"['slipper', 'sock', 'pair']",Clothing,Premium
51014A,"FEATHER PEN,HOT PINK",0.39,"['feather', 'pen', 'pink']",Stationery,Budget
51014C,"FEATHER PEN,COAL BLACK",0.39,"['feather', 'pen', 'coal', 'black']",Stationery,Budget
51014L,"FEATHER PEN,LIGHT PINK",0.39,"['feather', 'pen', 'light', 'pink']",Stationery,Budget
51020A,SUMMER FUN DESIGN SHOWER CAP,0.29,"['summer', 'fun', 'design', 'shower', 'cap']",Home Decor,Budget
51020B,STRIPY DESIGN SHOWER CAP,0.29,"['stripy', 'design', 'shower', 'cap']",Home Decor,Budget
62018,SOMBRERO,1.95,['sombrero'],Other,Premium
62043B,BLUE CHECK BAG W HANDLE 34X20CM,0.83,"['bag', 'w', 'handle']",Bags,Budget
62074B,ELEPHANT CLIP W SUCTION CUP,0.42,"['clip', 'w', 'suction', 'cup']",Stationery,Budget
62086A,PINK RETRO BIG FLOWER BAG,1.95,"['pink', 'flower', 'bag']",Garden,Premium
62094B,TURQ ICE CREAM BUM BAG,2.55,"['ice', 'cream', 'bum', 'bag']",Bags,Premium
62096A,PINK/YELLOW FLOWERS HANDBAG,1.25,"['yellow', 'flower', 'handbag']",Garden,Standard
62096B,PURPLE/TURQ FLOWERS HANDBAG,1.25,"['turq', 'flower', 'handbag']",Garden,Standard
62097B,BLUE STRIPES SHOULDER BAG,0.83,"['blue', 'stripes', 'shoulder', 'bag']",Bags,Budget
70006,LOVE HEART POCKET WARMER,1.65,"['love', 'heart', 'pocket', 'warmer']",Home Decor,Standard
70007,HI TEC ALPINE HAND WARMER,1.65,"['hi', 'tec', 'alpine', 'hand', 'warmer']",Other,Standard
71038,WHITE HANGING BEADS CANDLE HOLDER,5.45,"['white', 'beads', 'candle', 'holder']",Home Decor,Luxury
71050,SMALL SINGLE FLAME CANDLE HOLDER,0.35,"['flame', 'candle', 'holder']",Home Decor,Budget
71053,WHITE METAL LANTERN,3.75,"['white', 'metal', 'lantern']",Home Decor,Premium
71101E,STANDING FAIRY POLE SUPPORT,0.85,"['standing', 'fairy', 'pole', 'support']",Other,Budget
71143,SILVER BOOK MARK WITH BEADS,0.85,"['book', 'bead']",Stationery,Budget
71215,METAL BASE FOR CANDLES,0.42,"['metal', 'base', 'candles']",Home Decor,Budget
71270,PHOTO CLIP LINE,1.25,['line'],Stationery,Standard
71279,PINK GLASS CANDLEHOLDER,2.95,"['pink', 'glass', 'candleholder']",Home Decor,Premium
71403,"PINK/WHITE ""KEEP CLEAN"" BULLET BIN",2.95,"['white', 'clean', 'bullet', 'bin']",Other,Premium
71406C,BLACK ORANGE SQUEEZER,0.42,"['black', 'orange']",Other,Budget
71459,HANGING JAM JAR T-LIGHT HOLDER,0.85,"['jam', 'jar', 't', 'light', 'holder']",Home Decor,Standard
71477,COLOUR GLASS. STAR T-LIGHT HOLDER,3.25,"['colour', 'glass', 'star', 't', 'light', 'holder']",Home Decor,Premium
71495A,CD WALL TIDY BLUE OFFICE,0.36,"['cd', 'wall', 'tidy', 'blue', 'office']",Other,Budget
71495B,CD WALL TIDY RED FLOWERS,0.36,"['cd', 'wall', 'tidy', 'red', 'flower']",Garden,Budget
71496A,A4 WALL TIDY BLUE OFFICE,0.53,"['wall', 'tidy', 'blue', 'office']",Other,Budget
71496B,A4 WALL TIDY RED FLOWERS,0.53,"['wall', 'tidy', 'red', 'flower']",Garden,Budget
71510,SQUARE METAL CANDLEHOLDER BASE,0.85,"['candleholder', 'base']",Home Decor,Standard
72024U,LILAC VOTIVE CANDLE,0.21,"['lilac', 'votive', 'candle']",Home Decor,Budget
72051S,BAG OF SILVER STONES,0.42,"['bag', 'silver', 'stones']",Bags,Budget
72122,COFFEE SCENT PILLAR CANDLE,0.95,"['coffee', 'scent', 'pillar', 'candle']",Home Decor,Standard
72127,COLUMBIAN CANDLE ROUND,1.25,"['candle', 'round']",Home Decor,Standard
72128,COLUMBIAN CANDLE ROUND,0.85,"['candle', 'round']",Home Decor,Standard
72130,COLUMBIAN CANDLE ROUND,0.65,"['candle', 'round']",Home Decor,Budget
72131,COLUMBIAN CANDLE RECTANGLE,1.95,"['candle', 'rectangle']",Home Decor,Premium
72132,COLUMBIAN CUBE CANDLE,1.95,"['cube', 'candle']",Home Decor,Premium
72133,COLUMBIAN CANDLE RECTANGLE,1.25,"['candle', 'rectangle']",Home Decor,Standard
72134,COLUMBIAN  CUBE CANDLE,0.85,"['cube', 'candle']",Home Decor,Standard
72140E,BEST DAD CANDLE LETTERS,0.85,"['best', 'dad', 'candle', 'letter']",Home Decor,Standard
72225C,LAVENDER SCENT CAKE CANDLE,0.29,"['scent', 'cake', 'candle']",Home Decor,Budget
72232,FENG SHUI PILLAR CANDLE,0.19,"['feng', 'shui', 'pillar', 'candle']",Home Decor,Budget
72349B,SET/6 PURPLE BUTTERFLY T-LIGHTS,2.1,"['purple', 'butterfly', 't', 'lights']",Home Decor,Premium
72351A,SET/6 TURQUOISE BUTTERFLY T-LIGHTS,2.1,"['turquoise', 'butterfly', 't', 'lights']",Home Decor,Premium
72351B,SET/6 PINK  BUTTERFLY T-LIGHTS,2.1,"['pink', 'butterfly', 't', 'lights']",Home Decor,Premium
72369A,PINK CLEAR GLASS CANDLE PLATE,1.25,"['pink', 'clear', 'glass', 'candle', 'plate']",Home Decor,Standard
72586,SET OF 6 HALLOWEEN GHOST T-LIGHTS,0.42,"['halloween', 'ghost', 't', 'lights']",Home Decor,Budget
72598,SET/12 TAPER CANDLES,0.85,"['taper', 'candles']",Stationery,Standard
72709,IVORY SCULPTED RND CANDLE,0.85,"['ivory', 'sculpted', 'rnd', 'candle']",Home Decor,Standard
72741,GRAND CHOCOLATECANDLE,1.45,"['grand', 'chocolatecandle']",Home Decor,Standard
72760B,VINTAGE CREAM 3 BASKET CAKE STAND,9.95,"['vintage', 'cream', 'basket', 'cake', 'stand']",Beauty,Luxury
72780,BLACK SILOUETTE CANDLE PLATE,0.85,"['black', 'silouette', 'candle', 'plate']",Home Decor,Standard
72783,BLACK SIL'T SQU CANDLE PLATE,2.1,"['black', 'squ', 'candle', 'plate']",Home Decor,Premium
72798C,SET/4 GARDEN ROSE DINNER CANDLE,1.65,"['garden', 'rose', 'dinner', 'candle']",Home Decor,Standard
72799C,PINK PILLAR CANDLE SILVER FLOCK,2.95,"['pink', 'pillar', 'candle', 'silver', 'flock']",Home Decor,Premium
72799E,IVORY PILLAR CANDLE SILVER FLOCK,2.95,"['ivory', 'pillar', 'candle', 'silver', 'flock']",Home Decor,Premium
72799F,IVORY PILLAR CANDLE GOLD FLOCK,2.95,"['ivory', 'pillar', 'candle', 'gold', 'flock']",Home Decor,Premium
72800B,4 PURPLE FLOCK DINNER CANDLES,2.55,"['dinner', 'candle']",Home Decor,Premium
72800C,4 PINK DINNER CANDLE SILVER FLOCK,2.55,"['dinner', 'silver', 'flock']",Home Decor,Premium
72800D,4 BLUE DINNER CANDLES SILVER FLOCK,2.55,"['dinner', 'candles', 'silver', 'flock']",Home Decor,Premium
72800E,4 IVORY DINNER CANDLES SILVER FLOCK,2.55,"['ivory', 'dinner', 'candles', 'silver', 'flock']",Home Decor,Premium
72801C,4 ROSE PINK DINNER CANDLES,1.25,"['rose', 'pink', 'dinner', 'candle']",Home Decor,Standard
72801D,4 SKY BLUE DINNER CANDLES,1.25,"['sky', 'dinner', 'candle']",Home Decor,Standard
72801G,4 BURGUNDY WINE DINNER CANDLES,1.25,"['wine', 'dinner', 'candle']",Home Decor,Standard
72802A,ROSE SCENT CANDLE IN JEWELLED BOX,4.25,"['rose', 'scent', 'candle', 'jewelled', 'box']",Home Decor,Luxury
72802B,OCEAN SCENT CANDLE IN JEWELLED BOX,4.25,"['ocean', 'scent', 'candle', 'jewelled', 'box']",Home Decor,Luxury
72802C,VANILLA SCENT CANDLE JEWELLED BOX,4.25,"['vanilla', 'scent', 'candle', 'jewelled', 'box']",Home Decor,Luxury
72803A,ROSE SCENT CANDLE JEWELLED DRAWER,4.25,"['rose', 'scent', 'candle', 'jewelled', 'drawer']",Home Decor,Luxury
72807A,SET/3 ROSE CANDLE IN JEWELLED BOX,4.25,"['rose', 'candle', 'jewelled', 'box']",Home Decor,Luxury
72807B,SET/3 OCEAN SCENT CANDLE JEWEL BOX,4.25,"['ocean', 'scent', 'candle', 'jewel', 'box']",Home Decor,Luxury
72807C,SET/3 VANILLA SCENTED CANDLE IN BOX,4.25,"['vanilla', 'scented', 'candle', 'box']",Home Decor,Luxury
72811,SMALL ZINC/GLASS CANDLEHOLDER,1.49,"['small', 'zinc', 'glass', 'candleholder']",Home Decor,Standard
72812,LARGE ZINC GLASS CANDLEHOLDER,3.115,"['zinc', 'glass', 'candleholder']",Home Decor,Premium
72815,3 WICK CHRISTMAS BRIAR CANDLE,3.75,"['wick', 'christmas', 'briar', 'candle']",Home Decor,Premium
72816,SET/3 CHRISTMAS DECOUPAGE CANDLES,1.06,"['christmas', 'decoupage', 'candle']",Home Decor,Standard
72817,SET OF 2 CHRISTMAS DECOUPAGE CANDLE,0.79,"['christmas', 'decoupage', 'candle']",Home Decor,Budget
72818,CHRISTMAS DECOUPAGE CANDLE,0.39,"['christmas', 'decoupage', 'candle']",Home Decor,Budget
72819,CUPID DESIGN SCENTED CANDLES,2.55,"['cupid', 'candle']",Home Decor,Premium
72821,CUPID SCENTED CANDLE IN GLASS,1.65,"['cupid', 'candle', 'glass']",Home Decor,Standard
75011,BLUE DAISY MOBILE,0.79,"['blue', 'daisy', 'mobile']",Other,Budget
75013B,"STRING OF 8 BUTTERFLIES,PINK",1.65,"['string', 'butterfly', 'pink']",Jewellery,Standard
75049L,LARGE CIRCULAR MIRROR MOBILE,1.25,"['circular', 'mirror', 'mobile']",Home Decor,Standard
75131,METAL TUBE CHIME ON BAMBOO,1.69,"['metal', 'tube', 'chime', 'bamboo']",Other,Standard
75172,PAINTED SEA SHELL METAL WINDCHIME,0.79,"['painted', 'sea', 'shell', 'metal', 'windchime']",Other,Budget
75178,ASSTD COL BUTTERFLY/CRYSTAL W/CHIME,1.25,"['asstd', 'col', 'butterfly', 'crystal', 'w', 'chime']",Other,Standard
77079,DOLPHIN WINDMILL,2.12,"['dolphin', 'windmill']",Other,Premium
77101A,UNION FLAG WINDSOCK,1.25,"['union', 'flag', 'windsock']",Clothing,Standard
78033,FLAG OF ST GEORGE CHAIR,5.95,"['flag', 'st', 'george', 'chair']",Other,Luxury
78034B,BLUE NETTING STORAGE HANGER,1.95,"['blue', 'netting', 'storage', 'hanger']",Kitchen,Premium
78124,MAGAZINE RACK GEBRA ASSORTED,1.25,"['magazine', 'rack', 'gebra']",Other,Standard
79000,MOROCCAN TEA GLASS,0.85,"['moroccan', 'tea', 'glass']",Kitchen,Standard
79026B,"S/4 ICON COASTER,ELVIS LIVES",0.39,"['icon', 'coaster', 'elvis']",Other,Budget
79030D,"TUMBLER, BAROQUE",0.39,['baroque'],Other,Budget
79030G,"TUMBLER, NEW ENGLAND",0.39,"['new', 'england']",Other,Budget
79051A,SMOKEY GREY COLOUR D.O.F. GLASS,0.29,"['smokey', 'grey', 'colour', 'glass']",Kitchen,Budget
79062D,"RETRO TIN ASHTRAY,REVOLUTIONARY",0.29,"['tin', 'ashtray', 'revolutionary']",Kitchen,Budget
79063C,"RETRO PILL BOX KEY CHAIN,THE KING",0.19,"['pill', 'box', 'key', 'chain', 'king']",Other,Budget
79063D,"RETRO PILL BOX , REVOLUTIONARY",0.19,"['pill', 'box', 'revolutionary']",Other,Budget
79066K,RETRO MOD TRAY,0.85,"['mod', 'tray']",Kitchen,Standard
79067,CORONA MEXICAN TRAY,3.75,"['corona', 'mexican', 'tray']",Kitchen,Premium
79071B,ENGLISH ROSE METAL WASTE BIN,2.95,"['english', 'rose', 'metal', 'waste', 'bin']",Other,Premium
79144B,PAINTED LIGHTBULB STAR+ MOON,0.42,"['lightbulb', 'moon']",Home Decor,Budget
79144C,PAINTED LIGHTBULB RAINBOW DESIGN,0.42,"['lightbulb', 'rainbow', 'design']",Home Decor,Budget
79149B,SILICON STAR BULB  BLUE,0.42,"['silicon', 'star', 'bulb', 'blue']",Other,Budget
79151B,"SILICON CUBE 25W, BLUE",0.42,"['silicon', 'cube', 'blue']",Other,Budget
79157B,UBO-LIGHT TRIOBASE BLUE,0.85,"['ubo', 'light', 'triobase', 'blue']",Home Decor,Standard
79157V,UBO-LIGHT TRIOBASE PURPLE,0.85,"['ubo', 'light', 'triobase']",Home Decor,Standard
79160,HEART SHAPE WIRELESS DOORBELL,2.1,"['heart', 'wireless', 'doorbell']",Home Decor,Premium
79161A,ST GEORGE SET OF 10 PARTY LIGHTS,2.95,"['st', 'george', 'set', 'party', 'lights']",Home Decor,Premium
79163,BLACK CHAMPAGNE GLASS,0.39,"['black', 'champagne', 'glass']",Kitchen,Budget
79164,BLACK WINE GLASS,0.39,"['black', 'wine', 'glass']",Kitchen,Budget
79190A,RETRO PLASTIC 70'S TRAY,0.42,"['plastic', 'tray']",Kitchen,Budget
79190B,RETRO PLASTIC POLKA TRAY,0.42,"['polka', 'tray']",Kitchen,Budget
79190D,RETRO PLASTIC DAISY TRAY,0.42,"['daisy', 'tray']",Kitchen,Budget
79191B,RETRO PLASTIC POLKA TRAY,0.85,"['polka', 'tray']",Kitchen,Standard
79191C,RETRO PLASTIC ELEPHANT TRAY,0.85,"['elephant', 'tray']",Kitchen,Standard
79191D,RETRO PLASTIC DAISY TRAY,0.85,"['daisy', 'tray']",Kitchen,Standard
79192A,RETRO PLASTIC 70'S TRAY,1.25,"['plastic', 'tray']",Kitchen,Standard
79302M,"ART LIGHTS,FUNK MONKEY",2.95,"['art', 'lights', 'funk', 'monkey']",Home Decor,Premium
79321,CHILLI LIGHTS,5.75,['lights'],Home Decor,Luxury
79323B,BLACK CHERRY LIGHTS,6.75,"['cherry', 'lights']",Home Decor,Luxury
79323P,PINK CHERRY LIGHTS,6.75,"['pink', 'cherry', 'lights']",Home Decor,Luxury
79329,PINK FLOCK GLASS CANDLEHOLDER,1.015,"['pink', 'glass', 'candleholder']",Home Decor,Standard
79331,PINK FLOCK GLASS CANDLEHOLDER,0.38,"['pink', 'glass', 'candleholder']",Home Decor,Budget
79336,LIGHT PINK FLOCK GLASS CANDLEHOLDER,0.38,"['light', 'pink', 'glass', 'candleholder']",Home Decor,Budget
79337,BLUE FLOCK GLASS CANDLEHOLDER,0.38,"['glass', 'candleholder']",Home Decor,Budget
79403,FROSTED WHITE BASE,0.85,"['frosted', 'white', 'base']",Other,Standard
79406,FROSTED WHITE BASE,0.22,"['frosted', 'white', 'base']",Other,Budget
81950B,FLOWER BLUE CLOCK WITH SUCKER,0.29,"['flower', 'clock', 'sucker']",Home Decor,Budget
81950V,FLOWER PURPLE CLOCK W/SUCKER,0.57,"['flower', 'clock', 'w', 'sucker']",Home Decor,Budget
81952B,ROUND BLUE CLOCK WITH SUCKER,0.19,"['round', 'clock', 'sucker']",Home Decor,Budget
81952V,ROUND PURPLE CLOCK WITH SUCKER,0.19,"['round', 'clock', 'sucker']",Home Decor,Budget
81953B,ROUND BLUE CLOCK WITH SUCKER,0.19,"['round', 'clock', 'sucker']",Home Decor,Budget
81953P,ROUND ARTICULATED PINK CLOCK W/SUCK,0.19,"['round', 'articulated', 'pink', 'clock', 'w', 'suck']",Home Decor,Budget
82001S,VINYL RECORD FRAME SILVER,3.75,"['vinyl', 'record', 'frame', 'silver']",Home Decor,Premium
82011A,"BATHROOM SCALES, TROPICAL BEACH",3.75,"['bathroom', 'scales', 'tropical', 'beach']",Other,Premium
82011B,BATHROOM SCALES RUBBER DUCKS,3.75,"['bathroom', 'rubber', 'duck']",Toys,Premium
82011C,BATHROOM SCALES FOOTPRINTS IN SAND,3.75,"['bathroom', 'footprint', 'sand']",Other,Premium
82095,HEART BUTTONS JEWELLERY BOX,7.65,"['heart', 'jewellery', 'box']",Home Decor,Luxury
82482,WOODEN PICTURE FRAME WHITE FINISH,2.55,"['picture', 'frame', 'white']",Home Decor,Premium
82483,WOOD 2 DRAWER CABINET WHITE FINISH,6.95,"['wood', 'drawer', 'cabinet', 'white', 'finish']",Other,Luxury
82484,WOOD BLACK BOARD ANT WHITE FINISH,7.95,"['wood', 'black', 'board', 'ant']",Other,Luxury
82486,WOOD S/3 CABINET ANT WHITE FINISH,8.95,"['wood', 'cabinet', 'ant', 'white']",Other,Luxury
82494L,WOODEN FRAME ANTIQUE WHITE,2.95,"['wooden', 'frame']",Home Decor,Premium
82551,LAUNDRY 15C METAL SIGN,1.45,"['laundry', 'metal']",Home Decor,Standard
82552,WASHROOM METAL SIGN,1.45,"['washroom', 'metal']",Home Decor,Standard
82567,"AIRLINE LOUNGE,METAL SIGN",2.1,"['airline', 'lounge', 'metal']",Home Decor,Premium
82578,KITCHEN METAL SIGN,0.55,['kitchen'],Home Decor,Budget
82580,BATHROOM METAL SIGN,0.55,"['bathroom', 'metal']",Home Decor,Budget
82581,TOILET METAL SIGN,0.55,"['toilet', 'metal']",Home Decor,Budget
82582,AREA PATROLLED METAL SIGN,2.1,"['area', 'metal']",Home Decor,Premium
82583,HOT BATHS METAL SIGN,2.1,"['baths', 'metal']",Home Decor,Premium
82599,FANNY'S REST STOPMETAL SIGN,2.1,"['fanny', 'rest', 'stopmetal', 'sign']",Home Decor,Premium
82600,NO SINGING METAL SIGN,2.1,"['singing', 'metal']",Home Decor,Premium
82605,OLD DOC RUSSEL METAL SIGN,2.1,"['old', 'doc', 'russel', 'metal']",Home Decor,Premium
82613A,"METAL SIGN,CUPCAKE SINGLE HOOK",1.25,"['metal', 'cupcake', 'hook']",Home Decor,Standard
82613B,"METAL SIGN,CUPCAKE SINGLE HOOK",1.25,"['metal', 'cupcake', 'hook']",Home Decor,Standard
82613C,"METAL SIGN,CUPCAKE SINGLE HOOK",1.25,"['metal', 'cupcake', 'hook']",Home Decor,Standard
82613D,METAL SIGN CUPCAKE SINGLE HOOK,1.25,"['cupcake', 'hook']",Home Decor,Standard
82615,PINK MARSHMALLOW SCARF KNITTING KIT,2.55,"['pink', 'marshmallow', 'scarf', 'knitting', 'kit']",Kitchen,Premium
82616B,FRAPPUCINO SCARF KNITTING KIT,1.25,"['frappucino', 'scarf', 'knitting', 'kit']",Kitchen,Standard
82616C,MIDNIGHT GLAMOUR SCARF KNITTING KIT,1.25,"['midnight', 'glamour', 'scarf', 'knitting', 'kit']",Kitchen,Standard
84006,MAGIC TREE -PAPER FLOWERS,0.85,"['magic', 'tree', 'flower']",Stationery,Standard
84012,MAGIC SHEEP WOOL GROWING FROM PAPER,0.85,"['magic', 'sheep', 'wool', 'paper']",Stationery,Standard
84016,FLAG OF ST GEORGE CAR FLAG,0.42,"['flag', 'st', 'george', 'car']",Toys,Budget
84029E,RED WOOLLY HOTTIE WHITE HEART.,4.25,"['red', 'woolly', 'hottie', 'white', 'heart']",Home Decor,Luxury
84029G,KNITTED UNION FLAG HOT WATER BOTTLE,3.75,"['knitted', 'union', 'flag', 'hot', 'water', 'bottle']",Kitchen,Premium
84030E,ENGLISH ROSE HOT WATER BOTTLE,4.25,"['english', 'rose', 'hot', 'water', 'bottle']",Kitchen,Luxury
84031A,CHARLIE+LOLA RED HOT WATER BOTTLE,4.65,"['water', 'bottle']",Kitchen,Luxury
84031B,CHARLIE LOLA BLUE HOT WATER BOTTLE,4.65,"['charlie', 'lola', 'blue', 'hot', 'water', 'bottle']",Kitchen,Luxury
84032A,CHARLIE+LOLA PINK HOT WATER BOTTLE,2.95,"['water', 'bottle']",Kitchen,Premium
84032B,CHARLIE + LOLA RED HOT WATER BOTTLE,2.95,"['charlie', 'hot', 'water', 'bottle']",Kitchen,Premium
84033,FLAG OF ST GEORGE,1.65,"['flag', 'st', 'george']",Other,Standard
84050,PINK HEART SHAPE EGG FRYING PAN,1.65,"['pink', 'heart', 'egg', 'pan']",Home Decor,Standard
84051,ASS COLOUR GLOWING TIARAS,0.85,"['ass', 'colour', 'tiaras']",Other,Standard
84077,WORLD WAR 2 GLIDERS ASSTD DESIGNS,0.29,"['world', 'war', 'asstd', 'design']",Home Decor,Budget
84078A,SET/4 WHITE RETRO STORAGE CUBES,39.95,"['white', 'retro', 'storage', 'cubes']",Other,Luxury
84086B,YELLOW/BLUE RETRO RADIO,2.95,"['blue', 'retro', 'radio']",Electronics,Premium
84086C,PINK/PURPLE RETRO RADIO,2.95,"['retro', 'radio']",Electronics,Premium
84192,ASSORTED COLOUR METAL CAT,1.25,"['assorted', 'colour', 'metal', 'cat']",Other,Standard
84199,GLOW IN DARK DOLPHINS,0.21,"['dark', 'dolphin']",Other,Budget
84201B,HAPPY BIRTHDAY CARD STRIPEY TEDDY,0.19,"['happy', 'birthday', 'card', 'stripey', 'teddy']",Stationery,Budget
84201C,HAPPY BIRTHDAY CARD TEDDY/CAKE,0.19,"['happy', 'birthday', 'card', 'teddy', 'cake']",Stationery,Budget
84206A,3 BLACK CATS W HEARTS BLANK CARD,0.19,"['cats', 'w', 'hearts', 'blank', 'card']",Stationery,Budget
84206B,CAT WITH SUNGLASSES BLANK CARD,0.19,"['cat', 'sunglasses', 'blank', 'card']",Stationery,Budget
84206C,CHAMPAGNE TRAY BLANK CARD,0.19,"['champagne', 'tray', 'blank', 'card']",Stationery,Budget
84212,"ASSORTED FLOWER COLOUR ""LEIS""",0.65,"['assorted', 'flower', 'colour', 'leis']",Garden,Budget
84218,BOX/12 CHICK & EGG IN BASKET,1.95,"['chick', 'egg', 'basket']",Other,Premium
84226,HEN HOUSE W FAMILY IN BARN & NEST,0.85,"['hen', 'house', 'w', 'family', 'barn', 'nest']",Other,Standard
84227,HEN HOUSE W CHICK IN NEST,0.42,"['hen', 'house', 'w', 'chick', 'nest']",Other,Budget
84228,HEN HOUSE W CHICK STANDING,0.42,"['hen', 'house', 'w', 'chick']",Other,Budget
84231,EASTER BUNNY WITH BASKET ON BACK,0.65,"['easter', 'bunny', 'basket']",Other,Budget
84247E,PACK/12 XMAS FUN CARD,2.95,"['xmas', 'fun', 'card']",Stationery,Premium
84247G,"DECOUPAGE,GREETING CARD,",0.42,"['decoupage', 'greeting', 'card']",Stationery,Budget
84247K,"FOLK ART GREETING CARD,pack/12",2.95,"['folk', 'art', 'greeting', 'card']",Stationery,Premium
84247L,FAWN AND MUSHROOM GREETING CARD,0.42,"['fawn', 'mushroom', 'greeting']",Stationery,Budget
84247N,PACK/12 BLUE FOLKART CARDS,2.95,"['blue', 'folkart', 'cards']",Stationery,Premium
84249A,"GREETING CARD,SQUARE, DOUGHNUTS",0.42,"['greeting', 'card', 'square', 'doughnuts']",Stationery,Budget
84251B,"GREETING CARD, STICKY GORDON",0.19,"['greeting', 'card', 'sticky', 'gordon']",Stationery,Budget
84251C,"GREETING CARD, TWO SISTERS.",0.19,"['greeting', 'card', 'sister']",Stationery,Budget
84251G,"GREETING CARD, OVERCROWDED POOL.",0.19,"['greeting', 'card', 'overcrowded', 'pool']",Stationery,Budget
84279B,CHERRY BLOSSOM DECORATIVE FLASK,3.75,"['cherry', 'decorative', 'flask']",Other,Premium
84279P,CHERRY BLOSSOM  DECORATIVE FLASK,3.75,"['cherry', 'flask']",Other,Premium
84306,S/3 PINK SQUARE PLANTERS ROSES,10.95,"['pink', 'square', 'planters', 'rose']",Garden,Luxury
84313B,BLUE TV TRAY TABLE,4.25,"['blue', 'tv', 'tray', 'table']",Kitchen,Luxury
84313C,ORANGE TV TRAY TABLE,1.95,"['orange', 'tv', 'tray', 'table']",Kitchen,Premium
84341B,SMALL PINK MAGIC CHRISTMAS TREE,0.38,"['small', 'pink', 'magic', 'christmas', 'tree']",Christmas,Budget
84347,ROTATING SILVER ANGELS T-LIGHT HLDR,2.55,"['silver', 'angels', 't', 'light', 'hldr']",Home Decor,Premium
84352,SILVER CHRISTMAS TREE BAUBLE STAND,16.95,"['christmas', 'tree', 'bauble']",Christmas,Luxury
84356,POMPOM CURTAIN,6.95,"['pompom', 'curtain']",Other,Luxury
84358,FLOOR LAMP SHADE WOOD BASE,9.95,"['floor', 'lamp', 'wood', 'base']",Electronics,Luxury
84360,TABLE LAMP WHITE SHADE WOOD BASE,5.95,"['table', 'lamp', 'shade', 'wood', 'base']",Electronics,Luxury
84375,SET OF 20 KIDS COOKIE CUTTERS,2.1,"['kids', 'cookie', 'cutter']",Other,Premium
84378,SET OF 3 HEART COOKIE CUTTERS,1.25,"['heart', 'cookie', 'cutter']",Home Decor,Standard
84380,SET OF 3 BUTTERFLY COOKIE CUTTERS,1.25,"['butterfly', 'cookie', 'cutter']",Other,Standard
84387A,BIRD ON BRANCH CANVAS SCREEN,1.95,"['bird', 'branch', 'canvas', 'screen']",Other,Premium
84388,WISE MAN STAR SHAPE EGG PAN,1.02,"['wise', 'man', 'star', 'egg', 'pan']",Other,Standard
84402B,PURPLE DRESS JEWELLERY STAND,0.79,"['dress', 'stand']",Clothing,Budget
84406B,CREAM CUPID HEARTS COAT HANGER,4.15,"['cream', 'cupid', 'hearts', 'coat', 'hanger']",Home Decor,Luxury
84415A,PINK FLOCK SUEDE CUSHION COVER,1.25,"['pink', 'suede', 'cushion', 'cover']",Other,Standard
84415B,BLUE FLOCK CUSHION COVER,2.5,"['blue', 'cushion', 'cover']",Other,Premium
84422,PINK/BLUE DISC/MIRROR STRING,0.39,"['blue', 'disc', 'mirror', 'string']",Home Decor,Budget
84429A,MEDIUM PINK BUDDHA HEAD,2.95,"['medium', 'pink', 'buddha']",Other,Premium
84452,METAL RABBIT LADDER EASTER,0.85,"['metal', 'ladder', 'easter']",Other,Standard
84457,SET/3 RABBITS FLOWER SKIPPPING ROPE,0.85,"['rabbits', 'flower', 'skippping', 'rope']",Garden,Standard
84459A,PINK METAL CHICKEN HEART,1.49,"['metal', 'chicken', 'heart']",Home Decor,Standard
84459B,YELLOW METAL CHICKEN HEART,1.49,"['yellow', 'metal', 'chicken', 'heart']",Home Decor,Standard
84461,12 PINK HEN+CHICKS IN BASKET,2.55,"['pink', 'basket']",Other,Premium
84462,3 PINK HEN+CHICKS IN BASKET,1.25,"['pink', 'basket']",Other,Standard
84465,15 PINK FLUFFY CHICKS IN BOX,2.95,"['pink', 'chick', 'box']",Other,Premium
84466,TOP SECRET PEN SET,1.25,"['secret', 'pen', 'set']",Stationery,Standard
84497,BUTTONS AND STRIPES NOTEBOOK,3.75,"['buttons', 'stripes', 'notebook']",Stationery,Premium
84499,BLACK FLOWER CANDLE PLATE,0.85,"['flower', 'candle', 'plate']",Home Decor,Standard
84507B,STRIPES DESIGN MONKEY DOLL,2.55,"['stripes', 'design', 'monkey', 'doll']",Home Decor,Premium
84507C,BLUE CIRCLES DESIGN MONKEY DOLL,2.55,"['blue', 'circles', 'design', 'monkey', 'doll']",Home Decor,Premium
84508A,CAMOUFLAGE DESIGN TEDDY,2.55,"['camouflage', 'design', 'teddy']",Home Decor,Premium
84508B,STRIPES DESIGN TEDDY,2.55,"['stripes', 'design', 'teddy']",Home Decor,Premium
84508C,BLUE CIRCLES DESIGN TEDDY,2.55,"['blue', 'circles', 'design', 'teddy']",Home Decor,Premium
84509A,SET OF 4 ENGLISH ROSE PLACEMATS,3.75,"['english', 'rose', 'placemats']",Other,Premium
84509B,SET OF 4 FAIRY CAKE PLACEMATS,3.75,"['fairy', 'cake', 'placemats']",Food,Premium
84509C,SET OF 4 POLKADOT PLACEMATS,3.75,[],Other,Premium
84509E,SET OF 4 CAROUSEL PLACEMATS,2.5,"['carousel', 'placemat']",Toys,Premium
84509G,SET OF 4 FAIRY CAKE PLACEMATS,3.75,"['fairy', 'cake', 'placemats']",Food,Premium
84510A,SET OF 4 ENGLISH ROSE COASTERS,1.25,"['english', 'rose', 'coasters']",Other,Standard
84510C,SET OF 4 POLKADOT COASTERS,1.25,['coaster'],Other,Standard
84510E,SET OF 4 GREEN CAROUSEL COASTERS,1.25,['coaster'],Toys,Standard
84519A,TOMATO CHARLIE+LOLA COASTER SET,1.25,"['tomato', 'coaster', 'set']",Other,Standard
84519B,CARROT CHARLIE+LOLA COASTER SET,1.25,"['carrot', 'coaster', 'set']",Toys,Standard
84520B,PACK 20 ENGLISH ROSE PAPER NAPKINS,0.85,"['pack', 'english', 'rose', 'paper', 'napkin']",Stationery,Standard
84522,PINK PARTY SUNGLASSES,1.95,"['pink', 'party', 'sunglass']",Kitchen,Premium
84527,FLAMES SUNGLASSES PINK LENSES,1.95,"['flames', 'sunglasses', 'pink', 'lens']",Kitchen,Premium
84531A,PINK KNITTED EGG COSY,0.39,"['pink', 'knitted', 'egg', 'cosy']",Other,Budget
84531B,BLUE KNITTED EGG COSY,0.39,"['blue', 'knitted', 'egg', 'cosy']",Other,Budget
84534B,FAIRY CAKE NOTEBOOK A5 SIZE,0.85,"['fairy', 'cake', 'notebook', 'size']",Stationery,Standard
84535A,ENGLISH ROSE NOTEBOOK A6 SIZE,0.65,"['english', 'rose', 'notebook', 'size']",Stationery,Budget
84535B,FAIRY CAKES NOTEBOOK A6 SIZE,0.65,"['fairy', 'cakes', 'notebook', 'size']",Stationery,Budget
84536A,ENGLISH ROSE NOTEBOOK A7 SIZE,0.42,"['english', 'rose', 'notebook', 'size']",Stationery,Budget
84536B,FAIRY CAKES NOTEBOOK A7 SIZE,0.42,"['fairy', 'cakes', 'notebook', 'size']",Stationery,Budget
84539,KNITTED RABBIT DOLL,1.65,"['knitted', 'rabbit', 'doll']",Toys,Standard
84548,CROCHET BEAR RED/BLUE  KEYRING,1.65,"['crochet', 'bear', 'red', 'blue', 'keyring']",Toys,Standard
84549,CROCHET WHITE RABBIT KEYRING,1.65,"['crochet', 'white', 'rabbit', 'keyring']",Jewellery,Standard
84550,CROCHET LILAC/RED BEAR KEYRING,1.65,"['crochet', 'lilac', 'red', 'bear', 'keyring']",Toys,Standard
84551,CROCHET DOG KEYRING,1.65,"['crochet', 'dog', 'keyring']",Jewellery,Standard
84558A,3D DOG PICTURE PLAYING CARDS,2.95,"['dog', 'picture', 'card']",Stationery,Premium
84559A,3D SHEET OF DOG STICKERS,0.85,"['sheet', 'dog', 'sticker']",Stationery,Standard
84559B,3D SHEET OF CAT STICKERS,0.85,"['sheet', 'cat', 'sticker']",Stationery,Standard
84562A,PINK/WHITE RIBBED MELAMINE JUG,7.95,"['white', 'ribbed', 'melamine', 'jug']",Kitchen,Luxury
84563A,PINK & WHITE BREAKFAST TRAY,2.95,"['pink', 'white', 'breakfast', 'tray']",Kitchen,Premium
84563B,BLUE & WHITE BREAKFAST TRAY,2.95,"['blue', 'white', 'breakfast', 'tray']",Kitchen,Premium
84568,GIRLS ALPHABET IRON ON PATCHES,0.21,"['girls', 'alphabet', 'patches']",Other,Budget
84569A,PACK 3 IRON ON DOG PATCHES,1.25,"['pack', 'iron', 'dog', 'patches']",Other,Standard
84569B,PACK 3 FIRE ENGINE/CAR PATCHES,1.25,"['pack', 'fire', 'engine', 'car', 'patch']",Toys,Standard
84569C,PACK 4 FLOWER/BUTTERFLY PATCHES,1.25,"['pack', 'flower', 'butterfly', 'patches']",Garden,Standard
84569D,PACK 6 HEART/ICE-CREAM PATCHES,1.25,"['pack', 'heart', 'ice', 'cream', 'patch']",Home Decor,Standard
84575A,PINK DOG CANNISTER,3.95,"['pink', 'dog', 'cannister']",Other,Luxury
84576,BLUE CAT BISCUIT BARREL PINK HEART,1.95,"['blue', 'cat', 'biscuit', 'barrel', 'pink', 'heart']",Home Decor,Premium
84580,MOUSE TOY WITH PINK T-SHIRT,3.75,"['mouse', 'toy', 'pink', 't', 'shirt']",Toys,Premium
84581,DOG TOY WITH PINK CROCHET SKIRT,3.75,"['dog', 'toy', 'pink', 'crochet', 'skirt']",Toys,Premium
84584,PINK GINGHAM CAT WITH SCARF,2.55,"['pink', 'gingham', 'cat', 'scarf']",Toys,Premium
84592,CROCHET ROSE PURSE WITH SUEDE BACK,2.95,"['crochet', 'rose', 'purse', 'suede']",Bags,Premium
84593,CROCHET ROSE DES CLOTHES HANGER,2.95,"['crochet', 'rose', 'des', 'clothes']",Other,Premium
84595E,LARGE TORTILLA DESIGN RED BOWL,1.65,"['tortilla', 'red', 'bowl']",Home Decor,Standard
84596B,SMALL DOLLY MIX DESIGN ORANGE BOWL,0.42,"['small', 'mix', 'orange', 'bowl']",Home Decor,Budget
84596E,SMALL LICORICE DES PINK BOWL,0.42,"['small', 'licorice', 'des', 'pink', 'bowl']",Kitchen,Budget
84596F,SMALL MARSHMALLOWS PINK BOWL,0.42,"['small', 'marshmallows', 'pink', 'bowl']",Kitchen,Budget
84596G,SMALL CHOCOLATES PINK BOWL,0.42,"['chocolate', 'pink', 'bowl']",Kitchen,Budget
84596J,MIXED NUTS LIGHT GREEN BOWL,0.42,"['light', 'green', 'bowl']",Home Decor,Budget
84596L,BISCUITS SMALL BOWL LIGHT BLUE,0.42,"['bowl', 'light', 'blue']",Home Decor,Budget
84597B,RETRO BROWN BALL ASHTRAY,1.25,"['brown', 'ball', 'ashtray']",Kitchen,Standard
84597C,RETRO PINK BALL ASHTRAY,1.25,"['pink', 'ball', 'ashtray']",Kitchen,Standard
84598,BOYS ALPHABET IRON ON PATCHES,0.21,"['boy', 'alphabet', 'patches']",Other,Budget
84600,NEW BAROQUE JEWELLERY BOX,7.95,"['baroque', 'jewellery', 'box']",Jewellery,Luxury
84609,TALL ROCOCO CANDLE HOLDER,8.5,"['rococo', 'candle', 'holder']",Home Decor,Luxury
84613A,PINK NEW BAROQUE FLOCK CANDLESTICK,4.65,"['baroque', 'candlestick']",Home Decor,Luxury
84613C,BLUE NEW BAROQUE FLOCK CANDLESTICK,4.65,"['baroque', 'candlestick']",Home Decor,Luxury
84614A,PINK BAROQUE FLOCK CANDLE HOLDER,5.95,"['baroque', 'candle', 'holder']",Home Decor,Luxury
84616,SILVER ROCCOCO CHANDELIER,29.95,"['silver', 'roccoco', 'chandelier']",Other,Luxury
84617,NEW BAROQUE BLACK BOXES,12.75,"['baroque', 'black', 'boxes']",Other,Luxury
84620,BLUE GINGHAM ROSE CUSHION COVER,5.95,"['gingham', 'rose', 'cushion', 'cover']",Other,Luxury
84625A,PINK NEW BAROQUECANDLESTICK CANDLE,0.85,"['pink', 'new', 'baroquecandlestick', 'candle']",Home Decor,Standard
84625C,BLUE NEW BAROQUE CANDLESTICK CANDLE,0.85,"['baroque', 'candlestick', 'candle']",Home Decor,Standard
84629,WHITE 3 FRAME BIRDS AND TREE,4.95,"['white', 'frame', 'bird', 'tree']",Home Decor,Luxury
84631,FRUIT TREE AND BIRDS WALL PLAQUE,7.95,"['fruit', 'tree', 'birds', 'wall', 'plaque']",Christmas,Luxury
84632,DECORATIVE HANGING SHELVING UNIT,59.95,['unit'],Other,Luxury
84637,KITCHEN FLOWER POTS WALL PLAQUE,5.95,"['kitchen', 'flower', 'pots', 'wall', 'plaque']",Garden,Luxury
84638,SMALL KITCHEN FLOWER POTS PLAQUE,6.95,"['small', 'kitchen', 'flower', 'pots', 'plaque']",Garden,Luxury
84658,WHITE STITCHED CUSHION COVER,6.95,"['white', 'stitched', 'cushion', 'cover']",Other,Luxury
84659A,WHITE TRAVEL ALARM CLOCK,2.55,"['white', 'travel', 'alarm', 'clock']",Home Decor,Premium
84660A,WHITE STITCHED WALL CLOCK,0.79,"['white', 'stitched', 'wall', 'clock']",Home Decor,Budget
84660B,BLACK STITCHED WALL CLOCK,0.79,"['black', 'stitched', 'wall', 'clock']",Home Decor,Budget
84660C,PINK STITCHED WALL CLOCK,0.79,"['pink', 'stitched', 'wall', 'clock']",Home Decor,Budget
84661A,WHITE SQUARE TABLE CLOCK,2.55,"['white', 'square', 'table', 'clock']",Home Decor,Premium
84661B,BLACK SQUARE TABLE CLOCK,2.55,"['black', 'square', 'table', 'clock']",Home Decor,Premium
84661C,PINK SQUARE TABLE CLOCK,0.79,"['pink', 'square', 'table', 'clock']",Home Decor,Budget
84663A,GRASS HOPPER WOODEN WALL CLOCK,0.79,"['grass', 'hopper', 'wooden', 'wall', 'clock']",Home Decor,Budget
84665,SQUARE CHERRY BLOSSOM CABINET,5.95,"['square', 'cherry', 'blossom', 'cabinet']",Other,Luxury
84666,SQUARE CHERRY BLOSSOM CABINET,3.95,"['square', 'cherry', 'blossom', 'cabinet']",Other,Luxury
84673A,PINK FLY SWAT,0.65,"['pink', 'fly', 'swat']",Other,Budget
84673B,BLUE FLY SWAT,0.65,"['blue', 'fly', 'swat']",Other,Budget
84674,FLYING PIG WATERING CAN,2.95,"['pig', 'watering']",Garden,Premium
84675,FROG KING WATERING CAN,2.95,"['king', 'watering']",Garden,Premium
84678,CLASSICAL ROSE SMALL VASE,2.55,"['classical', 'rose', 'vase']",Home Decor,Premium
84679,CLASSICAL ROSE TABLE LAMP,11.95,"['classical', 'rose', 'table', 'lamp']",Electronics,Luxury
84683,CLASSICAL ROSE CANDLESTAND,1.25,"['classical', 'rose', 'candlestand']",Home Decor,Standard
84685,BEACH HUT KEY CABINET,3.75,"['beach', 'hut', 'key', 'cabinet']",Other,Premium
84686,BEACH HUT MIRROR,4.25,"['beach', 'hut', 'mirror']",Home Decor,Luxury
84687,BEACH HUT SHELF W 3 DRAWERS,5.95,"['beach', 'hut', 'shelf', 'w', 'drawer']",Other,Luxury
84688,BEACH HUT DESIGN BLACKBOARD,4.25,"['beach', 'hut', 'design', 'blackboard']",Home Decor,Luxury
84689,S/2 BEACH HUT TREASURE CHESTS,3.975,"['beach', 'hut', 'treasure', 'chests']",Other,Luxury
84691,PACK 20 DOLLY PEGS,0.72,"['pack', 'peg']",Toys,Budget
84692,BOX OF 24 COCKTAIL PARASOLS,0.42,"['box', 'cocktail', 'parasols']",Other,Budget
84705C,PINK FLOCK PHOTO FRAME,1.25,"['pink', 'photo', 'frame']",Home Decor,Standard
84706D,CHERRY BLOSSOM TABLE CLOCK,1.95,"['cherry', 'table', 'clock']",Home Decor,Premium
84706F,RED PEONY TABLE CLOCK,2.95,"['red', 'peony', 'table', 'clock']",Home Decor,Premium
84707A,SILVER JEWELLED MIRROR TRINKET TRAY,9.95,"['jewelled', 'mirror', 'trinket', 'tray']",Home Decor,Luxury
84707B,PINK JEWELLED MIRROR TRINKET TRAY,9.95,"['pink', 'mirror', 'trinket', 'tray']",Home Decor,Luxury
84708B,PINK JEWELLED PHOTO FRAME,4.95,"['pink', 'jewelled', 'photo', 'frame']",Home Decor,Luxury
84709B,PINK OVAL JEWELLED MIRROR,5.95,"['pink', 'oval', 'mirror']",Home Decor,Luxury
84711A,SILVER OVAL SHAPE TRINKET BOX,9.95,"['silver', 'oval', 'trinket', 'box']",Other,Luxury
84711B,PINK OVAL SHAPE TRINKET BOX,9.95,"['pink', 'oval', 'trinket', 'box']",Other,Luxury
84712B,PINK JEWELLED PHOTO FRAME,7.95,"['pink', 'jewelled', 'photo', 'frame']",Home Decor,Luxury
84715,SET OF 6 ICE CREAM SKITTLES,2.95,"['ice', 'cream', 'skittle']",Beauty,Premium
84723,CHERRY BLOSSOM CANVAS ART PICTURE,1.95,"['cherry', 'canvas', 'art', 'picture']",Other,Premium
84725,FREESTYLE CANVAS ART PICTURE,0.75,"['freestyle', 'canvas', 'art', 'picture']",Other,Budget
84731,3 BIRDS CANVAS SCREEN,1.02,"['birds', 'canvas', 'screen']",Other,Standard
84732B,CUTE BIRD CEATURE SCREEN,0.39,"['cute', 'bird', 'ceature', 'screen']",Other,Budget
84732D,CUTE RABBIT CEATURE SCREEN,0.39,"['rabbit', 'ceature', 'screen']",Other,Budget
84741C,CITRUS GARLAND FELT FLOWERS,1.95,"['citrus', 'garland', 'felt', 'flower']",Garden,Premium
84743C,ORANGE FELT VASE + FLOWERS,1.25,"['orange', 'felt', 'vase', 'flower']",Home Decor,Standard
84744,S/6 SEW ON CROCHET FLOWERS,1.25,"['sew', 'crochet', 'flower']",Garden,Standard
84745A,PINK HANGING GINGHAM EASTER HEN,0.42,"['pink', 'easter', 'hen']",Other,Budget
84745B,BLUE HANGING GINGHAM EASTER HEN,0.42,"['blue', 'easter', 'hen']",Other,Budget
84746,PINK EASTER HENS+FLOWER,3.75,"['pink', 'easter']",Garden,Premium
84748,FOLK FELT HANGING MULTICOL GARLAND,3.75,"['folk', 'felt', 'multicol', 'garland']",Other,Premium
84750A,PINK SMALL GLASS CAKE STAND,1.95,"['glass', 'cake', 'stand']",Kitchen,Premium
84750B,BLACK SMALL GLASS CAKE STAND,1.17,"['glass', 'cake', 'stand']",Kitchen,Standard
84751B,BLACK MEDIUM GLASS CAKE STAND,0.79,"['medium', 'glass', 'cake', 'stand']",Kitchen,Budget
84754,S/15 SILVER GLASS BAUBLES IN BAG,1.25,"['glass', 'baubles', 'bag']",Kitchen,Standard
84755,COLOUR GLASS T-LIGHT HOLDER HANGING,0.65,"['colour', 'glass', 't', 'light', 'holder', 'hanging']",Home Decor,Budget
84760S,SMALL HANGING GLASS+ZINC LANTERN,1.45,['lantern'],Home Decor,Standard
84763,ZINC FINISH 15CM PLANTER POTS,1.25,"['zinc', 'planter', 'pots']",Garden,Standard
84766,SILVER ROCOCO CANDLE STICK,1.95,"['silver', 'rococo', 'candle', 'stick']",Home Decor,Premium
84773,RED ROSE AND LACE C/COVER,2.95,"['red', 'rose', 'lace', 'c', 'cover']",Other,Premium
84789,ENCHANTED BIRD PLANT CAGE,3.75,"['bird', 'plant', 'cage']",Garden,Premium
84792,ENCHANTED BIRD COATHANGER 5 HOOK,4.65,"['bird', 'coathanger', 'hook']",Clothing,Luxury
84795B,SUNSET CHECK HAMMOCK,7.95,"['sunset', 'check', 'hammock']",Other,Luxury
84795C,OCEAN STRIPE HAMMOCK,7.95,"['ocean', 'stripe', 'hammock']",Other,Luxury
84796A,PINK HAWAIIAN PICNIC HAMPER FOR 2,12.75,"['pink', 'hawaiian', 'picnic', 'hamper']",Other,Luxury
84796B,BLUE SAVANNAH PICNIC HAMPER FOR 2,12.75,"['blue', 'savannah', 'picnic', 'hamper']",Other,Luxury
84798A,PINK FOXGLOVE ARTIIFCIAL FLOWER,2.55,"['pink', 'foxglove', 'artiifcial', 'flower']",Garden,Premium
84798B,PURPLE FOXGLOVE ARTIIFCIAL FLOWER,2.55,"['foxglove', 'artiifcial', 'flower']",Garden,Premium
84799,SPRIG LAVENDER ARTIFICIAL FLOWER,1.25,"['artificial', 'flower']",Garden,Standard
84800L,LARGE WHITE/PINK ROSE ART FLOWER,2.12,"['white', 'pink', 'rose', 'art', 'flower']",Garden,Premium
84800M,MEDIUM WHITE/PINK ROSE ART FLOWER,1.69,"['medium', 'white', 'pink', 'rose', 'art', 'flower']",Garden,Standard
84800S,SMALL WHITE/PINK ROSE ART FLOWER,1.25,"['small', 'white', 'pink', 'rose', 'art', 'flower']",Garden,Standard
84801A,PINK HYDRANGEA ART FLOWER,2.1,"['pink', 'hydrangea', 'art', 'flower']",Garden,Premium
84801B,WHITE HYDRANGEA ART FLOWER,2.1,"['white', 'hydrangea', 'art', 'flower']",Garden,Premium
84802A,WHITE ANEMONE ARTIFICIAL FLOWER,1.69,"['white', 'anemone', 'artificial', 'flower']",Garden,Standard
84802B,PURPLE ANEMONE ARTIFICIAL FLOWER,1.69,"['anemone', 'artificial', 'flower']",Garden,Standard
84803B,WHITE ALLIUM  ARTIFICIAL FLOWER,1.69,"['white', 'allium', 'artificial', 'flower']",Garden,Standard
84804A,CREAM DELPHINIUM ARTIFICIAL FLOWER,2.95,"['cream', 'delphinium', 'artificial', 'flower']",Garden,Premium
84804B,BLUE DELPHINIUM ARTIFICIAL FLOWER,2.95,"['blue', 'delphinium', 'artificial', 'flower']",Garden,Premium
84805A,CREAM CLIMBING HYDRANGA ART FLOWER,1.25,"['hydranga', 'art', 'flower']",Garden,Standard
84805B,BLUE CLIMBING HYDRANGA ART FLOWER,1.25,"['blue', 'hydranga', 'art', 'flower']",Garden,Standard
84806A,PINK CANDYSTUFT ARTIFICIAL FLOWER,1.45,"['pink', 'candystuft', 'artificial', 'flower']",Garden,Standard
84806B,WHITE CANDYSTUFT ARTIFICIAL FLOWER,1.45,"['white', 'candystuft', 'artificial', 'flower']",Garden,Standard
84809A,WHITE CHRYSANTHEMUMS ART FLOWER,2.1,"['white', 'chrysanthemums', 'art', 'flower']",Garden,Premium
84809B,PINK CHRYSANTHEMUMS ART FLOWER,2.1,"['pink', 'chrysanthemums', 'art', 'flower']",Garden,Premium
84813,SET OF 4 DIAMOND NAPKIN RINGS,11.85,"['diamond', 'napkin', 'rings']",Jewellery,Luxury
84816,DANISH ROSE BEDSIDE CABINET,39.95,"['danish', 'rose', 'bedside', 'cabinet']",Other,Luxury
84817,DANISH ROSE DECORATIVE PLATE,2.1,"['danish', 'rose', 'decorative', 'plate']",Kitchen,Premium
84818,DANISH ROSE PHOTO FRAME,0.79,"['danish', 'rose', 'photo', 'frame']",Home Decor,Budget
84819,DANISH ROSE ROUND SEWING BOX,0.85,"['danish', 'rose', 'round', 'sewing', 'box']",Other,Standard
84820,DANISH ROSE TRINKET TRAYS,5.95,"['danish', 'rose', 'trinket', 'tray']",Kitchen,Luxury
84821,DANISH ROSE DELUXE COASTER,0.85,"['danish', 'rose', 'deluxe', 'coaster']",Other,Standard
84823,DANISH ROSE FOLDING CHAIR,7.95,"['danish', 'rose', 'chair']",Other,Luxury
84824,DANISH ROSE UMBRELLA STAND,15.95,"['danish', 'rose', 'umbrella', 'stand']",Other,Luxury
84826,ASSTD DESIGN 3D PAPER STICKERS,0.85,"['asstd', 'design', 'paper', 'sticker']",Stationery,Standard
84827,ASS DES PHONE SPONGE CRAFT STICKER,0.65,"['ass', 'des', 'phone', 'sponge', 'sticker']",Stationery,Budget
84828,JUNGLE POPSICLES ICE LOLLY HOLDERS,1.25,"['jungle', 'popsicles', 'ice', 'lolly', 'holder']",Home Decor,Standard
84832,ZINC WILLIE WINKIE  CANDLE STICK,0.85,"['zinc', 'willie', 'winkie', 'candle', 'stick']",Home Decor,Standard
84836,ZINC METAL HEART DECORATION,1.25,"['zinc', 'metal', 'heart', 'decoration']",Home Decor,Standard
84840,SWEETHEART CARRY-ALL BASKET,8.5,"['sweetheart', 'carry', 'basket']",Home Decor,Luxury
84842,HELLO SAILOR BATHROOM SET,3.75,"['bathroom', 'set']",Other,Premium
84843,WHITE SOAP RACK WITH 2 BOTTLES,5.95,"['white', 'soap', 'rack', 'bottle']",Kitchen,Luxury
84846A,SCENTED CANDLE IN DIGITALIS TIN,2.1,"['candle', 'digitalis', 'tin']",Home Decor,Premium
84847,FLORAL BATHROOM SET,3.75,"['floral', 'bathroom', 'set']",Other,Premium
84849A,HELLO SAILOR BLUE SOAP HOLDER,1.69,"['blue', 'soap', 'holder']",Home Decor,Standard
84849B,FAIRY SOAP SOAP HOLDER,1.69,"['fairy', 'soap', 'holder']",Home Decor,Standard
84849D,HOT BATHS SOAP HOLDER,1.69,"['baths', 'soap', 'holder']",Home Decor,Standard
84854,GIRLY PINK TOOL SET,4.95,"['girly', 'pink', 'tool', 'set']",Other,Luxury
84857B,BLUE MONTE CARLO HANDBAG,1.95,"['blue', 'monte', 'carlo', 'handbag']",Toys,Premium
84857C,PINK MONTE CARLO HANDBAG,1.95,"['pink', 'monte', 'carlo', 'handbag']",Toys,Premium
84858C,PINK RIVIERA HANDBAG,5.95,"['pink', 'riviera', 'handbag']",Bags,Luxury
84859A,SILVER DISCO HANDBAG,1.95,"['disco', 'handbag']",Bags,Premium
84859B,BLUE DISCO HANDBAG,1.95,"['blue', 'disco', 'handbag']",Bags,Premium
84859C,PINK DISCO HANDBAG,1.95,"['pink', 'disco', 'handbag']",Bags,Premium
84865,NEW BAROQUE BLACK PHOTO ALBUM,8.5,"['baroque', 'black', 'photo', 'album']",Other,Luxury
84870B,BLUE GEISHA GIRL,3.75,['girl'],Other,Premium
84870C,GREEN GEISHA GIRL,3.75,['girl'],Other,Premium
84872A,TEATIME FUNKY FLOWER BACKPACK FOR 2,16.95,"['teatime', 'funky', 'flower', 'backpack']",Garden,Luxury
84873A,FUNKY FLOWER PICNIC BAG FOR 4,16.95,"['funky', 'flower', 'picnic', 'bag']",Garden,Luxury
84874B,BLUE TRAVEL FIRST AID KIT,1.65,"['blue', 'travel', 'aid', 'kit']",Other,Standard
84875B,GREEN SQUARE COMPACT MIRROR,1.25,"['green', 'compact', 'mirror']",Home Decor,Standard
84875D,BLUE SQUARE COMPACT MIRROR,1.25,"['blue', 'square', 'compact', 'mirror']",Home Decor,Standard
84876B,GREEN HEART COMPACT MIRROR,1.25,"['heart', 'compact', 'mirror']",Home Decor,Standard
84876D,BLUE HEART COMPACT MIRROR,1.25,"['blue', 'heart', 'compact', 'mirror']",Home Decor,Standard
84877A,PINK ROUND COMPACT MIRROR,1.25,"['pink', 'compact', 'mirror']",Home Decor,Standard
84877B,GREEN ROUND COMPACT MIRROR,1.25,"['compact', 'mirror']",Home Decor,Standard
84877D,BLUE ROUND COMPACT MIRROR,1.25,"['blue', 'compact', 'mirror']",Home Decor,Standard
84879,ASSORTED COLOUR BIRD ORNAMENT,1.69,"['assorted', 'colour', 'bird', 'ornament']",Home Decor,Standard
84880,WHITE WIRE EGG HOLDER,7.5,"['white', 'wire', 'egg', 'holder']",Home Decor,Luxury
84881,BLUE WIRE SPIRAL CANDLE HOLDER,6.35,"['blue', 'wire', 'spiral', 'candle', 'holder']",Home Decor,Luxury
84882,GREEN WIRE STANDING CANDLE HOLDER,3.75,"['green', 'wire', 'standing', 'candle', 'holder']",Home Decor,Premium
84884A,ANT WHITE WIRE HEART SPIRAL,3.95,"['ant', 'wire', 'heart']",Home Decor,Luxury
84898F,YELLOW FLOWERS FELT HANDBAG KIT,2.1,"['yellow', 'flower', 'felt', 'handbag', 'kit']",Garden,Premium
84905,PINK BUTTERFLY CUSHION COVER,4.95,"['pink', 'butterfly', 'cushion', 'cover']",Other,Luxury
84906,PINK B'FLY C/COVER W BOBBLES,5.95,"['pink', 'c', 'cover', 'w', 'bobbles']",Other,Luxury
84907,PINK YELLOW PATCH CUSHION COVER,7.65,"['pink', 'yellow', 'patch', 'cushion', 'cover']",Other,Luxury
84910A,PINK PAISLEY CUSHION COVER,5.95,"['pink', 'paisley', 'cushion', 'cover']",Other,Luxury
84912A,PINK ROSE WASHBAG,3.75,"['pink', 'rose', 'washbag']",Bags,Premium
84912B,GREEN ROSE WASHBAG,3.75,"['rose', 'washbag']",Bags,Premium
84913A,SOFT PINK ROSE TOWEL,4.65,"['pink', 'rose', 'towel']",Other,Luxury
84913B,MINT GREEN ROSE TOWEL,4.65,"['mint', 'green', 'rose', 'towel']",Other,Luxury
84915,HAND TOWEL PINK FLOWER AND DAISY,1.25,"['hand', 'towel', 'flower', 'daisy']",Garden,Standard
84916,HAND TOWEL PALE BLUE W FLOWERS,5.45,"['hand', 'towel', 'pale', 'blue', 'w', 'flower']",Garden,Luxury
84917,WHITE HAND TOWEL WITH BUTTERFLY,1.25,"['hand', 'towel', 'butterfly']",Other,Standard
84919,BLUE CUSHION COVER WITH FLOWER,6.95,"['cushion', 'cover', 'flower']",Garden,Luxury
84920,PINK FLOWER FABRIC PONY,3.75,"['pink', 'flower', 'fabric', 'pony']",Garden,Premium
84921,CREAM AND PINK FLOWERS PONY,3.75,"['cream', 'flower', 'pony']",Garden,Premium
84922,PINK BUTTERFLY WASHBAG,4.25,"['pink', 'butterfly', 'washbag']",Bags,Luxury
84924A,WAKE UP COCKEREL CALENDAR SIGN,3.75,"['cockerel', 'calendar', 'sign']",Home Decor,Premium
84924F,PSYCHEDELIC METAL SIGN CALENDAR,0.79,"['metal', 'calendar']",Home Decor,Budget
84925D,LA PALMIERA WALL THERMOMETER,2.55,"['la', 'palmiera', 'wall', 'thermometer']",Other,Premium
84925F,PSYCHEDELIC WALL THERMOMETER,2.55,"['psychedelic', 'wall', 'thermometer']",Other,Premium
84926A,WAKE UP COCKEREL TILE COASTER,0.29,"['cockerel', 'tile', 'coaster']",Other,Budget
84926D,LA PALMIERA TILE COASTER,0.29,"['la', 'palmiera', 'tile', 'coaster']",Other,Budget
84926E,FLOWERS TILE COASTER,0.29,"['flower', 'tile', 'coaster']",Garden,Budget
84926F,PSYCHEDELIC TILE COASTER,0.29,"['tile', 'coaster']",Other,Budget
84927A,WAKE UP COCKEREL TILE HOOK,2.1,"['cockerel', 'tile', 'hook']",Other,Premium
84927D,LA PALMIERA TILE HOOK,0.39,"['la', 'palmiera', 'tile', 'hook']",Other,Budget
84927E,FLOWERS TILE HOOK,2.1,"['flower', 'tile', 'hook']",Garden,Premium
84927F,PSYCHEDELIC TILE HOOK,0.39,"['tile', 'hook']",Other,Budget
84929,ASSTD FRUIT+FLOWERS FRIDGE MAGNETS,0.19,"['asstd', 'fridge', 'magnets']",Garden,Budget
84931A,PINK SCOTTIE DOG W FLOWER PATTERN,2.55,"['pink', 'scottie', 'dog', 'w', 'flower', 'pattern']",Garden,Premium
84931B,BLUE SCOTTIE DOG W FLOWER PATTERN,2.55,"['blue', 'scottie', 'dog', 'w', 'flower', 'pattern']",Garden,Premium
84944,SET OF 6 KASHMIR FOLKART BAUBLES,1.65,"['kashmir', 'folkart', 'bauble']",Christmas,Standard
84945,MULTI COLOUR SILVER T-LIGHT HOLDER,0.85,"['colour', 'silver', 't', 'light', 'holder']",Home Decor,Standard
84946,ANTIQUE SILVER TEA GLASS ETCHED,1.25,"['antique', 'silver', 'tea', 'glass']",Kitchen,Standard
84947,ANTIQUE SILVER TEA GLASS ENGRAVED,1.25,"['silver', 'tea', 'glass']",Kitchen,Standard
84949,SILVER HANGING T-LIGHT HOLDER,1.65,"['hanging', 't', 'light', 'holder']",Home Decor,Standard
84950,ASSORTED COLOUR T-LIGHT HOLDER,0.65,"['assorted', 'colour', 't', 'light', 'holder']",Home Decor,Budget
84951A,SET OF 4 PISTACHIO LOVEBIRD COASTER,0.79,"['pistachio', 'lovebird', 'coaster']",Other,Budget
84951B,SET OF 4 BLACK LOVEBIRD COASTERS,0.79,"['black', 'lovebird', 'coasters']",Other,Budget
84952A,CLEAR LOVE BIRD T-LIGHT HOLDER,3.75,"['clear', 'love', 'bird', 't', 'light', 'holder']",Home Decor,Premium
84952B,BLACK LOVE BIRD T-LIGHT HOLDER,3.75,"['black', 'love', 'bird', 't', 'light', 'holder']",Home Decor,Premium
84952C,MIRROR LOVE BIRD T-LIGHT HOLDER,3.75,"['mirror', 'love', 'bird', 't', 'light', 'holder']",Home Decor,Luxury
84963A,PINK PAINTED KASHMIRI CHAIR,42.95,"['pink', 'kashmiri', 'chair']",Other,Luxury
84963B,BLUE PAINTED KASHMIRI CHAIR,49.95,"['blue', 'kashmiri', 'chair']",Other,Luxury
84968A,SET OF 16 VINTAGE ROSE CUTLERY,12.75,"['vintage', 'rose', 'cutlery']",Other,Luxury
84968B,SET OF 16 VINTAGE IVORY CUTLERY,12.75,"['vintage', 'ivory', 'cutlery']",Other,Luxury
84968C,SET OF 16 VINTAGE PISTACHIO CUTLERY,12.75,"['vintage', 'pistachio', 'cutlery']",Other,Luxury
84968D,SET OF 16 VINTAGE RED CUTLERY,12.75,"['vintage', 'red', 'cutlery']",Other,Luxury
84968E,SET OF 16 VINTAGE BLACK CUTLERY,12.75,"['vintage', 'black', 'cutlery']",Other,Luxury
84968F,SET OF 16 VINTAGE SKY BLUE CUTLERY,12.75,"['vintage', 'sky', 'blue', 'cutlery']",Other,Luxury
84969,BOX OF 6 ASSORTED COLOUR TEASPOONS,4.25,"['box', 'colour']",Kitchen,Luxury
84970L,SINGLE HEART ZINC T-LIGHT HOLDER,0.95,"['heart', 'zinc', 't', 'light', 'holder']",Home Decor,Standard
84970S,HANGING HEART ZINC T-LIGHT HOLDER,0.85,"['heart', 'zinc', 't', 'light', 'holder']",Home Decor,Standard
84971S,SMALL HEART FLOWERS HOOK,0.85,"['heart', 'flower', 'hook']",Home Decor,Standard
84974,S/2 ZINC HEART DESIGN PLANTERS,9.95,"['zinc', 'heart', 'design', 'planter']",Home Decor,Luxury
84975,HEART SHAPED MIRROR,1.69,"['heart', 'shaped', 'mirror']",Home Decor,Standard
84976,RECTANGULAR SHAPED MIRROR,0.79,"['rectangular', 'shaped', 'mirror']",Home Decor,Budget
84978,HANGING HEART JAR T-LIGHT HOLDER,1.25,"['heart', 'jar', 't', 'light', 'holder']",Home Decor,Standard
84984A,GREEN PEONY CUSHION COVER,4.65,"['peony', 'cushion', 'cover']",Other,Luxury
84984B,RED PEONY CUSHION COVER,4.65,"['peony', 'cushion', 'cover']",Other,Luxury
84984D,ORIENTAL RED CUSHION COVER,4.65,"['cushion', 'cover']",Other,Luxury
84985A,SET OF 72 GREEN PAPER DOILIES,1.45,"['paper', 'doily']",Stationery,Standard
84987,SET OF 36 TEATIME PAPER DOILIES,1.45,"['teatime', 'paper', 'doily']",Stationery,Standard
84988,SET OF 72 PINK HEART PAPER DOILIES,1.45,"['heart', 'paper', 'doily']",Stationery,Standard
84989A,75 GREEN FAIRY CAKE CASES,0.55,"['fairy', 'cake', 'case']",Bags,Budget
84990,60 GOLD AND SILVER FAIRY CAKE CASES,0.55,"['gold', 'silver', 'fairy', 'cake', 'case']",Bags,Budget
84991,60 TEATIME FAIRY CAKE CASES,0.55,"['teatime', 'fairy', 'cake', 'case']",Bags,Budget
84992,72 SWEETHEART FAIRY CAKE CASES,0.55,"['sweetheart', 'fairy', 'cake', 'case']",Home Decor,Budget
84993A,75 GREEN PETIT FOUR CASES,0.42,"['petit', 'case']",Bags,Budget
84993B,75 BLACK PETIT FOUR CASES,0.42,"['petit', 'case']",Bags,Budget
84997A,GREEN 3 PIECE POLKADOT CUTLERY SET,4.15,"['piece', 'cutlery', 'set']",Other,Luxury
84997B,RED 3 PIECE RETROSPOT CUTLERY SET,4.15,"['red', 'piece', 'retrospot', 'cutlery', 'set']",Garden,Luxury
84997C,BLUE 3 PIECE POLKADOT CUTLERY SET,4.15,"['blue', 'piece', 'cutlery', 'set']",Other,Luxury
84997D,PINK 3 PIECE POLKADOT CUTLERY SET,4.15,"['pink', 'piece', 'cutlery', 'set']",Other,Luxury
85006,SET 4 NURSERY DES ROUND BOXES,0.85,"['set', 'nursery', 'des', 'round', 'boxes']",Other,Standard
85008,SET OF 3 CONEY ISLAND OVAL BOXES,4.95,"['coney', 'island', 'oval', 'boxes']",Other,Luxury
85014A,BLACK/BLUE POLKADOT UMBRELLA,5.95,['umbrella'],Other,Luxury
85014B,RED RETROSPOT UMBRELLA,5.95,"['red', 'retrospot', 'umbrella']",Garden,Luxury
85015,SET OF 12  VINTAGE POSTCARD SET,0.65,"['vintage', 'postcard', 'set']",Stationery,Budget
85016,SET OF 6 VINTAGE NOTELETS KIT,2.55,"['vintage', 'notelets', 'kit']",Other,Premium
85017A,ENVELOPE 50 ROMANTIC IMAGES,0.85,"['envelope', 'romantic', 'image']",Other,Standard
85017B,ENVELOPE 50 BLOSSOM IMAGES,0.42,"['envelope', 'blossom', 'images']",Other,Budget
85017C,ENVELOPE 50 CURIOUS IMAGES,0.42,"['envelope', 'curious', 'images']",Other,Budget
85018D,YULETIDE IMAGES S/6 PAPER BOXES,2.55,"['images', 'paper', 'boxes']",Stationery,Premium
85019A,ROMANTIC IMAGES NOTEBOOK SET,1.25,"['romantic', 'images', 'notebook', 'set']",Stationery,Standard
85019B,BLOSSOM  IMAGES NOTEBOOK SET,1.25,"['blossom', 'images', 'notebook', 'set']",Stationery,Standard
85019C,CURIOUS  IMAGES NOTEBOOK SET,1.25,"['images', 'notebook', 'set']",Stationery,Standard
85020,ROUND PINK HEART MIRROR,2.1,"['round', 'pink', 'heart', 'mirror']",Home Decor,Premium
85023B,EAU DE NILE JEWELLED PHOTOFRAME,2.55,"['eau', 'de', 'nile', 'jewelled', 'photoframe']",Home Decor,Premium
85024B,EAU DE NILE JEWELLED PHOTOFRAME,1.65,"['eau', 'de', 'nile', 'jewelled', 'photoframe']",Home Decor,Standard
85024C,PINK SMALL JEWELLED PHOTOFRAME,1.65,"['jewelled', 'photoframe']",Home Decor,Standard
85025B,EAU DE NILE HEART SHAPE PHOTO FRAME,1.65,"['eau', 'de', 'nile', 'heart', 'photo', 'frame']",Home Decor,Standard
85025C,PINK HEART SHAPE PHOTO FRAME,1.65,"['pink', 'heart', 'photo', 'frame']",Home Decor,Standard
85026B,EAU DE NILE JEWELLED T-LIGHT HOLDER,0.85,"['eau', 'de', 'nile', 'jewelled', 't', 'light', 'holder']",Home Decor,Standard
85027L,FRENCH CHATEAU LARGE PLATTER,1.95,"['large', 'platter']",Clothing,Premium
85028L,FRENCH CHATEAU LARGE FRUIT BOWL,1.95,"['large', 'fruit', 'bowl']",Kitchen,Premium
85028S,FRENCH CHATEAU SMALL FRUITBOWL,1.95,"['small', 'fruitbowl']",Kitchen,Premium
85030,FRENCH CHATEAU OVAL PLATTER,1.95,"['oval', 'platter']",Clothing,Premium
85031A,ROMANTIC IMAGES SCRAP BOOK SET,4.95,"['romantic', 'images', 'scrap', 'book', 'set']",Stationery,Luxury
85031B,BLOSSOM IMAGES SCRAP BOOK SET,4.95,"['blossom', 'images', 'scrap', 'book', 'set']",Stationery,Luxury
85031C,CURIOUS IMAGES SCRAP BOOK SET,4.95,"['curious', 'images', 'scrap', 'book', 'set']",Stationery,Luxury
85032A,ROMANTIC IMAGES GIFT WRAP SET,0.65,"['romantic', 'images', 'gift', 'wrap', 'set']",Other,Budget
85032B,BLOSSOM IMAGES GIFT WRAP SET,0.65,"['images', 'gift', 'wrap', 'set']",Other,Budget
85032C,CURIOUS IMAGES GIFT WRAP SET,0.65,"['curious', 'images', 'gift', 'wrap', 'set']",Other,Budget
85032D,YULETIDE IMAGES GIFT WRAP SET,0.65,"['yuletide', 'images', 'gift', 'wrap', 'set']",Other,Budget
85034A,3 GARDENIA MORRIS BOXED CANDLES,1.25,"['gardenia', 'morris', 'candle']",Home Decor,Standard
85034B,3 WHITE CHOC MORRIS BOXED CANDLES,1.25,"['choc', 'morris', 'candle']",Home Decor,Standard
85034C,3 ROSE MORRIS BOXED CANDLES,1.25,"['rose', 'morris', 'candle']",Home Decor,Standard
85035A,GARDENIA 3 WICK MORRIS BOXED CANDLE,4.25,"['gardenia', 'wick', 'morris', 'candle']",Home Decor,Luxury
85035B,CHOCOLATE 3 WICK MORRIS BOX CANDLE,1.25,"['chocolate', 'wick', 'morris', 'box', 'candle']",Home Decor,Standard
85035C,ROSE 3 WICK MORRIS BOX CANDLE,1.25,"['rose', 'wick', 'morris', 'box', 'candle']",Home Decor,Standard
85036A,GARDENIA 1 WICK MORRIS BOXED CANDLE,4.25,"['gardenia', 'wick', 'morris', 'candle']",Home Decor,Luxury
85036B,CHOCOLATE 1 WICK MORRIS BOX CANDLE,1.25,"['chocolate', 'wick', 'morris', 'box', 'candle']",Home Decor,Standard
85036C,ROSE 1 WICK MORRIS BOXED CANDLE,1.25,"['rose', 'wick', 'morris', 'candle']",Home Decor,Standard
85038,6 CHOCOLATE LOVE HEART T-LIGHTS,2.1,"['chocolate', 'love', 'heart', 't', 'lights']",Home Decor,Premium
85039A,SET/4 RED MINI ROSE CANDLE IN BOWL,1.65,"['red', 'mini', 'rose', 'candle', 'bowl']",Home Decor,Standard
85039B,S/4 IVORY MINI ROSE CANDLE IN BOWL,1.65,"['ivory', 'mini', 'rose', 'candle', 'bowl']",Home Decor,Standard
85039C,S/4 BLACK MINI ROSE CANDLE IN BOWL,1.63,"['black', 'mini', 'rose', 'candle', 'bowl']",Home Decor,Standard
85040A,S/4 PINK FLOWER CANDLES IN BOWL,1.65,"['pink', 'flower', 'candles', 'bowl']",Home Decor,Standard
85040B,SET/4 BLUE FLOWER CANDLES IN BOWL,1.65,"['blue', 'flower', 'candles', 'bowl']",Home Decor,Standard
85045,GREEN CHRISTMAS TREE STRING 20LIGHT,4.95,"['christmas', 'tree', 'string']",Home Decor,Luxury
85047,WHITE BEADED GARLAND STRING 20LIGHT,6.35,"['white', 'beaded', 'garland', 'string']",Home Decor,Luxury
85048,15CM CHRISTMAS GLASS BALL 20 LIGHTS,7.95,"['christmas', 'glass', 'ball', 'lights']",Home Decor,Luxury
85049A,TRADITIONAL CHRISTMAS RIBBONS,1.25,"['traditional', 'christmas', 'ribbon']",Christmas,Standard
85049B,LUSH GREENS RIBBONS,1.25,['ribbon'],Other,Standard
85049C,ROMANTIC PINKS RIBBONS,1.25,"['romantic', 'pink', 'ribbon']",Other,Standard
85049D,BRIGHT BLUES RIBBONS,1.25,"['blues', 'ribbon']",Other,Standard
85049E,SCANDINAVIAN REDS RIBBONS,1.25,"['scandinavian', 'reds', 'ribbon']",Other,Standard
85049F,BABY BOOM RIBBONS,1.25,"['baby', 'boom', 'ribbon']",Other,Standard
85049G,CHOCOLATE BOX RIBBONS,1.25,"['chocolate', 'box', 'ribbon']",Food,Standard
85049H,URBAN BLACK RIBBONS,1.25,"['urban', 'black', 'ribbon']",Other,Standard
85053,FRENCH ENAMEL CANDLEHOLDER,2.1,"['french', 'enamel', 'candleholder']",Home Decor,Premium
85054,FRENCH ENAMEL POT W LID,2.95,"['enamel', 'pot', 'w', 'lid']",Garden,Premium
85055,FRENCH ENAMEL UTENSIL HOLDER,3.75,"['enamel', 'utensil', 'holder']",Home Decor,Luxury
85059,FRENCH ENAMEL WATER BASIN,3.75,"['french', 'enamel', 'water', 'basin']",Other,Luxury
85061W,WHITE JEWELLED HEART DECORATION,0.85,"['white', 'jewelled', 'heart', 'decoration']",Home Decor,Standard
85062,PEARL CRYSTAL PUMPKIN T-LIGHT HLDR,1.65,"['pearl', 'crystal', 'pumpkin', 't', 'light', 'hldr']",Home Decor,Standard
85064,CREAM SWEETHEART LETTER RACK,5.45,"['cream', 'sweetheart', 'letter', 'rack']",Home Decor,Luxury
85066,CREAM SWEETHEART MINI CHEST,12.75,"['cream', 'sweetheart', 'mini', 'chest']",Home Decor,Luxury
85067,CREAM SWEETHEART WALL CABINET,18.95,"['cream', 'sweetheart', 'wall', 'cabinet']",Home Decor,Luxury
85071A,BLUE CHARLIE+LOLA PERSONAL DOORSIGN,0.39,"['blue', 'personal', 'doorsign']",Home Decor,Budget
85071B,RED CHARLIE+LOLA PERSONAL DOORSIGN,0.39,"['red', 'personal', 'doorsign']",Home Decor,Budget
85071C,"CHARLIE+LOLA""EXTREMELY BUSY"" SIGN",0.39,"['busy', 'sign']",Home Decor,Budget
85071D,CHARLIE+LOLA MY ROOM DOOR SIGN,0.39,"['room', 'door']",Home Decor,Budget
85078,SCANDINAVIAN 3 HEARTS NAPKIN RING,0.19,"['scandinavian', 'hearts', 'napkin', 'ring']",Home Decor,Budget
85084,HOLLY TOP CHRISTMAS STOCKING,0.85,"['holly', 'christmas', 'stocking']",Christmas,Standard
85086A,CANDY SPOT HEART DECORATION,0.85,"['candy', 'spot', 'heart', 'decoration']",Home Decor,Standard
85087,CANDY SPOT CUSHION COVER,2.95,"['candy', 'spot', 'cushion', 'cover']",Garden,Premium
85088,CANDY SPOT HAND BAG,2.1,"['candy', 'spot', 'hand', 'bag']",Garden,Premium
85089,CANDY SPOT BUNNY,2.95,"['candy', 'spot', 'bunny']",Garden,Premium
85092,CANDY SPOT TEA COSY,2.3,"['candy', 'spot', 'tea', 'cosy']",Garden,Premium
85093,CANDY SPOT EGG WARMER HARE,0.39,"['candy', 'spot', 'egg', 'warmer', 'hare']",Garden,Budget
85094,CANDY SPOT EGG WARMER RABBIT,0.19,"['candy', 'spot', 'egg', 'warmer']",Garden,Budget
85095,THREE CANVAS LUGGAGE TAGS,1.95,"['canvas', 'luggage', 'tags']",Other,Premium
85096,HILDA CANDY SPOT RABBIT,3.75,"['hilda', 'candy', 'spot']",Garden,Luxury
85099B,JUMBO BAG RED RETROSPOT,2.08,"['jumbo', 'bag', 'red', 'retrospot']",Garden,Premium
85099C,JUMBO  BAG BAROQUE BLACK WHITE,2.08,"['jumbo', 'bag', 'baroque', 'black', 'white']",Bags,Premium
85099F,JUMBO BAG STRAWBERRY,2.08,"['jumbo', 'bag']",Bags,Premium
85103,SILVER T-LIGHT SETTING,6.35,"['silver', 't', 'light', 'setting']",Home Decor,Luxury
85104,SILVER GLASS T-LIGHT SET,2.95,"['glass', 't', 'light', 'set']",Home Decor,Premium
85106,CUT GLASS HEXAGON T-LIGHT HOLDER,2.55,"['cut', 'glass', 'hexagon', 't', 'light', 'holder']",Home Decor,Premium
85107,CUT GLASS T-LIGHT HOLDER OCTAGON,2.55,"['cut', 'glass', 't', 'light', 'holder', 'octagon']",Home Decor,Premium
85109,PINK BOUDOIR T-LIGHT HOLDER,0.85,"['pink', 'boudoir', 't', 'light', 'holder']",Home Decor,Standard
85111,SILVER GLITTER FLOWER VOTIVE HOLDER,0.29,"['glitter', 'flower', 'votive', 'holder']",Home Decor,Budget
85114A,BLACK ENCHANTED FOREST PLACEMAT,1.65,"['black', 'enchanted', 'forest', 'placemat']",Other,Standard
85114B,IVORY ENCHANTED FOREST PLACEMAT,1.65,"['ivory', 'enchanted', 'forest', 'placemat']",Other,Standard
85114C,RED ENCHANTED FOREST PLACEMAT,1.65,"['enchanted', 'forest', 'placemat']",Other,Standard
85116,BLACK CANDELABRA T-LIGHT HOLDER,0.65,"['black', 'candelabra', 't', 'light', 'holder']",Home Decor,Budget
85118,HEART T-LIGHT HOLDER,1.25,"['heart', 't', 'light', 'holder']",Home Decor,Standard
85123A,WHITE HANGING HEART T-LIGHT HOLDER,2.95,"['white', 'heart', 't', 'light', 'holder']",Home Decor,Premium
85124B,BLUE JUICY FRUIT PHOTO FRAME,2.55,"['blue', 'juicy', 'fruit', 'photo', 'frame']",Home Decor,Premium
85124C,GREEN JUICY FRUIT PHOTO FRAME,2.55,"['juicy', 'fruit', 'photo', 'frame']",Home Decor,Premium
85125,SMALL ROUND CUT GLASS CANDLESTICK,4.95,"['small', 'round', 'cut', 'glass', 'candlestick']",Home Decor,Luxury
85127,SMALL SQUARE CUT GLASS CANDLESTICK,4.95,"['small', 'square', 'cut', 'glass', 'candlestick']",Home Decor,Luxury
85129B,BEADED CRYSTAL HEART GREEN SMALL,1.25,"['beaded', 'crystal', 'heart']",Home Decor,Standard
85129C,BEADED CRYSTAL HEART BLUE SMALL,1.25,"['beaded', 'crystal', 'heart']",Home Decor,Standard
85129D,BEADED CRYSTAL HEART PINK SMALL,1.25,"['beaded', 'crystal', 'heart']",Home Decor,Standard
85130A,BEADED PEARL HEART WHITE LARGE,1.65,"['beaded', 'pearl', 'heart', 'large']",Home Decor,Standard
85130B,BEADED CRYSTAL HEART GREEN LARGE,0.79,"['beaded', 'crystal', 'heart', 'large']",Home Decor,Budget
85130C,BEADED CRYSTAL HEART BLUE  LARGE,0.79,"['beaded', 'crystal', 'heart', 'blue', 'large']",Home Decor,Budget
85130D,BEADED CRYSTAL HEART PINK LARGE,0.79,"['beaded', 'crystal', 'heart', 'large']",Home Decor,Budget
85131A,BEADED PEARL HEART WHITE ON STICK,1.25,"['beaded', 'pearl', 'heart', 'stick']",Home Decor,Standard
85131B,BEADED CRYSTAL HEART GREEN ON STICK,0.83,"['beaded', 'crystal', 'heart', 'stick']",Home Decor,Budget
85131C,BEADED CRYSTAL HEART BLUE ON STICK,0.83,"['beaded', 'crystal', 'heart', 'blue', 'stick']",Home Decor,Budget
85131D,BEADED CRYSTAL HEART PINK ON STICK,0.83,"['beaded', 'crystal', 'heart', 'pink', 'stick']",Home Decor,Budget
85132A,CHARLIE + LOLA BISCUITS TINS,1.95,"['charlie', 'biscuit', 'tin']",Kitchen,Premium
85132B,CHARLIE AND LOLA TABLE TINS,1.95,"['charlie', 'lola', 'table', 'tin']",Kitchen,Premium
85132C,CHARLIE AND LOLA FIGURES TINS,1.95,"['charlie', 'lola', 'figures', 'tin']",Kitchen,Premium
85135A,YELLOW DRAGONFLY HELICOPTER,7.95,"['yellow', 'dragonfly', 'helicopter']",Other,Luxury
85135B,BLUE DRAGONFLY HELICOPTER,7.95,"['blue', 'dragonfly', 'helicopter']",Other,Luxury
85135C,RED DRAGONFLY HELICOPTER,7.95,"['red', 'dragonfly', 'helicopter']",Other,Luxury
85136A,YELLOW SHARK HELICOPTER,7.95,"['yellow', 'shark', 'helicopter']",Other,Luxury
85136B,BLUE SHARK HELICOPTER,7.95,"['blue', 'shark', 'helicopter']",Other,Luxury
85136C,RED SHARK HELICOPTER,7.95,"['red', 'shark', 'helicopter']",Other,Luxury
85141,JARDIN ETCHED GLASS FRUITBOWL,3.95,"['jardin', 'etched', 'glass', 'fruitbowl']",Kitchen,Luxury
85144,JARDIN ETCHED GLASS BUTTER DISH,1.95,"['jardin', 'etched', 'glass', 'butter', 'dish']",Kitchen,Premium
85145,JARDIN ETCHED GLASS LARGE BELL JAR,3.95,"['jardin', 'etched', 'glass', 'large', 'bell', 'jar']",Kitchen,Luxury
85146,JARDIN ETCHED GLASS SMALL BELL JAR,1.95,"['jardin', 'etched', 'glass', 'small', 'bell', 'jar']",Kitchen,Premium
85150,LADIES & GENTLEMEN METAL SIGN,2.55,"['ladies', 'gentlemen']",Home Decor,Premium
85152,HAND OVER THE CHOCOLATE   SIGN,2.1,"['hand', 'chocolate', 'sign']",Home Decor,Premium
85159A,"BLACK TEA,COFFEE,SUGAR JARS",1.95,"['black', 'tea', 'coffee', 'sugar', 'jars']",Kitchen,Premium
85159B,"WHITE TEA,COFFEE,SUGAR JARS",1.95,"['white', 'tea', 'coffee', 'sugar', 'jars']",Kitchen,Premium
85160B,BLACK BIRD GARDEN DESIGN MUG,0.39,"['black', 'bird', 'garden', 'design', 'mug']",Home Decor,Budget
85161,ACRYLIC GEOMETRIC LAMP,18.95,"['acrylic', 'geometric', 'lamp']",Electronics,Luxury
85163A,WHITE BAROQUE WALL CLOCK,12.75,"['baroque', 'wall', 'clock']",Home Decor,Luxury
85163B,BLACK BAROQUE WALL CLOCK,12.75,"['baroque', 'wall', 'clock']",Home Decor,Luxury
85167B,BLACK GRAND BAROQUE PHOTO FRAME,4.25,"['baroque', 'photo', 'frame']",Home Decor,Luxury
85168B,BLACK BAROQUE CARRIAGE CLOCK,8.5,"['baroque', 'carriage', 'clock']",Home Decor,Luxury
85169A,IVORY LOVE BIRD CANDLE,1.25,"['ivory', 'love', 'bird', 'candle']",Home Decor,Standard
85169B,BLACK LOVE BIRD CANDLE,1.25,"['black', 'love', 'bird', 'candle']",Home Decor,Standard
85169C,EAU DE NIL LOVE BIRD CANDLE,1.25,"['eau', 'de', 'nil', 'love', 'bird', 'candle']",Home Decor,Standard
85169D,PINK LOVE BIRD CANDLE,1.25,"['pink', 'love', 'bird', 'candle']",Home Decor,Standard
85170A,SET/6 IVORY BIRD T-LIGHT CANDLES,2.1,"['ivory', 'bird', 't', 'light', 'candle']",Home Decor,Premium
85170B,SET/6 BLACK BIRD T-LIGHT CANDLES,2.1,"['black', 'bird', 't', 'light', 'candle']",Home Decor,Premium
85170C,SET/6 EAU DE NIL BIRD T-LIGHTS,2.1,"['eau', 'de', 'nil', 'bird', 't', 'lights']",Home Decor,Premium
85170D,SET/6 PINK BIRD T-LIGHT CANDLES,2.1,"['pink', 'bird', 't', 'light', 'candle']",Home Decor,Premium
85172,HYACINTH BULB T-LIGHT CANDLES,0.42,"['hyacinth', 'bulb', 't', 'light', 'candle']",Home Decor,Budget
85173,SET/6 FROG PRINCE T-LIGHT CANDLES,2.55,"['frog', 'prince', 't', 'light', 'candle']",Home Decor,Premium
85174,S/4 CACTI CANDLES,4.95,"['cacti', 'candles']",Home Decor,Luxury
85175,CACTI T-LIGHT CANDLES,0.42,"['cacti', 't', 'light', 'candle']",Home Decor,Budget
85176,SEWING SUSAN 21 NEEDLE SET,0.85,"['sewing', 'susan', 'needle', 'set']",Other,Standard
85177,BASKET OF FLOWERS SEWING KIT,0.85,"['flower', 'sewing', 'kit']",Garden,Standard
85178,VICTORIAN SEWING KIT,1.25,"['sewing', 'kit']",Other,Standard
85179A,GREEN BITTY LIGHT CHAIN,1.25,"['bitty', 'light', 'chain']",Home Decor,Standard
85179C,PINK BITTY LIGHT CHAIN,1.25,"['pink', 'bitty', 'light', 'chain']",Home Decor,Standard
85180A,RED HEARTS LIGHT CHAIN,1.25,"['hearts', 'light', 'chain']",Home Decor,Standard
85180B,PINK HEARTS LIGHT CHAIN,4.65,"['pink', 'hearts', 'light', 'chain']",Home Decor,Luxury
85183A,CHARLIE & LOLA WASTEPAPER BIN BLUE,1.25,"['charlie', 'lola', 'wastepaper', 'bin', 'blue']",Stationery,Standard
85183B,CHARLIE & LOLA WASTEPAPER BIN FLORA,1.25,"['charlie', 'lola', 'wastepaper', 'bin', 'flora']",Stationery,Standard
85184C,S/4 VALENTINE DECOUPAGE HEART BOX,2.95,"['valentine', 'decoupage', 'heart']",Home Decor,Premium
85185B,PINK HORSE SOCK PUPPET,2.95,"['pink', 'horse', 'sock', 'puppet']",Clothing,Premium
85185D,FROG SOCK PUPPET,2.95,"['frog', 'sock', 'puppet']",Clothing,Premium
85186A,EASTER BUNNY GARLAND OF FLOWERS,0.42,"['easter', 'bunny', 'garland', 'flower']",Garden,Budget
85186C,BUNNY EGG GARLAND,0.42,"['bunny', 'egg', 'garland']",Other,Budget
85187,S/12 MINI RABBIT EASTER,1.65,"['mini', 'rabbit', 'easter']",Other,Standard
85188A,GREEN METAL SWINGING BUNNY,0.85,"['metal', 'bunny']",Other,Standard
85188B,PINK METAL SWINGING BUNNY,0.85,"['metal', 'bunny']",Other,Standard
85189,HANGING BUTTERFLY  EGG,0.85,"['butterfly', 'egg']",Other,Standard
85194L,HANGING SPRING FLOWER EGG LARGE,0.85,"['spring', 'flower', 'egg', 'large']",Garden,Standard
85194S,HANGING SPRING FLOWER EGG SMALL,0.65,"['spring', 'flower', 'egg']",Garden,Budget
85195,HANGING HEART BASKET,2.1,"['heart', 'basket']",Home Decor,Premium
85197,SET OF 12 MINI BUNNIES IN A BUCKET,2.1,"['mini', 'bunny']",Other,Premium
85198,ASSORTED FARMYARD ANIMALS IN BUCKET,0.85,"['assorted', 'farmyard', 'animals', 'bucket']",Toys,Standard
85199L,LARGE HANGING IVORY & RED WOOD BIRD,0.65,"['hanging', 'ivory', 'red', 'wood', 'bird']",Other,Budget
85199S,SMALL HANGING IVORY/RED WOOD BIRD,0.42,"['small', 'hanging', 'ivory', 'red', 'wood', 'bird']",Other,Budget
85200,BUNNY EGG BOX,1.25,"['bunny', 'egg', 'box']",Other,Standard
85202,HANGING WOOD AND FELT HEART,0.42,"['wood', 'felt', 'heart']",Home Decor,Budget
85203,HANGING WOOD AND FELT BUTTERFLY,0.42,"['wood', 'felt', 'butterfly']",Other,Budget
85204,HANGING WOOD AND FELT FLOWER,0.12,"['wood', 'felt', 'flower']",Garden,Budget
85205B,PINK FELT EASTER RABBIT GARLAND,2.55,"['pink', 'felt', 'easter', 'rabbit']",Other,Premium
85206A,CREAM FELT EASTER EGG BASKET,1.65,"['cream', 'felt', 'easter', 'egg']",Beauty,Standard
85206B,PINK FELT EASTER EGG BASKET,1.65,"['pink', 'felt', 'easter', 'egg']",Other,Standard
85208,SET/12 FUNKY FELT FLOWER PEG IN BAG,2.1,"['funky', 'felt', 'flower', 'peg', 'bag']",Garden,Premium
85211,S/4 GROOVY CAT MAGNETS,1.45,"['groovy', 'cat', 'magnets']",Other,Standard
85212,MINI PAINTED GARDEN DECORATION,0.29,"['garden', 'decoration']",Home Decor,Budget
85213,MINI  ZINC GARDEN DECORATIONS,0.29,"['zinc', 'garden', 'decoration']",Home Decor,Budget
85214,TUB 24 PINK FLOWER PEGS,1.65,"['pink', 'flower', 'peg']",Garden,Standard
85215,ASSORTED CHEESE FRIDGE MAGNETS,0.65,"['assorted', 'cheese', 'fridge', 'magnets']",Other,Budget
85216,ASSORTED CAKES FRIDGE MAGNETS,0.65,"['assorted', 'cakes', 'fridge', 'magnets']",Food,Budget
85224,ASSORTED COLOUR SILK GLASSES CASE,2.1,"['assorted', 'colour', 'glasses', 'case']",Kitchen,Premium
85225,BLING KEY RING STAND,1.0,"['bling', 'key', 'ring', 'stand']",Jewellery,Standard
85227,SET OF 6 3D KIT CARDS FOR KIDS,0.85,"['kit', 'card', 'kids']",Stationery,Standard
85230A,OPIUM SCENTED VOTIVE CANDLE,0.29,"['opium', 'votive', 'candle']",Home Decor,Budget
85230B,CINNAMON SCENTED VOTIVE CANDLE,0.29,"['cinnamon', 'votive', 'candle']",Home Decor,Budget
85230E,STRAWBRY SCENTED VOTIVE CANDLE,0.29,"['strawbry', 'votive', 'candle']",Home Decor,Budget
85230F,JASMINE VOTIVE CANDLE,0.29,"['jasmine', 'votive', 'candle']",Home Decor,Budget
85230G,ORANGE VOTIVE CANDLE,0.29,"['orange', 'votive', 'candle']",Home Decor,Budget
85231B,CINAMMON SET OF 9 T-LIGHTS,0.85,"['set', 't', 'lights']",Home Decor,Standard
85231G,ORANGE SCENTED SET/9 T-LIGHTS,0.85,"['orange', 'scented', 't', 'lights']",Home Decor,Standard
85232A,SET/3 POLKADOT STACKING TINS,4.95,['tin'],Kitchen,Luxury
85232B,SET OF 3 BABUSHKA STACKING TINS,4.95,"['babushka', 'tin']",Kitchen,Luxury
85232D,SET/3 DECOUPAGE STACKING TINS,4.95,"['decoupage', 'tin']",Kitchen,Luxury
90000A,RASPBERRY ANT COPPER FLOWER NECKLAC,5.95,"['raspberry', 'copper', 'flower', 'necklac']",Garden,Luxury
90000B,MIDNIGHT BLUE COPPER FLOWER NECKLAC,5.95,"['midnight', 'blue', 'copper', 'flower', 'necklac']",Garden,Luxury
90000D,COPPER/OLIVE GREEN FLOWER NECKLACE,5.95,"['copper', 'olive', 'green', 'flower', 'necklace']",Garden,Luxury
90001A,ANTIQUE RASPBERRY FLOWER EARRINGS,4.25,"['antique', 'raspberry', 'flower', 'earring']",Garden,Luxury
90001B,ANTIQUE MID BLUE FLOWER EARRINGS,4.25,"['mid', 'blue', 'flower', 'earring']",Garden,Luxury
90001C,ANTIQUE OPAL WHITE FLOWER EARRINGS,4.25,"['antique', 'flower', 'earring']",Garden,Luxury
90001D,ANTIQUE OLIVE GREEN FLOWER EARRINGS,4.25,"['antique', 'flower', 'earring']",Garden,Luxury
90002D,FLOWER BURST SILVER RING CRYSTAL,3.75,"['flower', 'burst', 'silver', 'ring', 'crystal']",Garden,Luxury
90003B,ROSE COLOUR PAIR HEART HAIR SLIDES,3.75,"['rose', 'colour', 'pair', 'heart', 'hair', 'slides']",Home Decor,Luxury
90003C,MIDNIGHT BLUE PAIR HEART HAIR SLIDE,3.75,"['midnight', 'blue', 'pair', 'heart', 'hair', 'slide']",Home Decor,Luxury
90003D,CRYSTAL PAIR HEART HAIR SLIDES,3.75,"['crystal', 'pair', 'heart', 'hair', 'slides']",Home Decor,Luxury
90003E,GREEN PAIR HEART HAIR SLIDES,3.75,"['green', 'pair', 'heart', 'hair', 'slides']",Home Decor,Luxury
90010A,MIDNIGHT BLUE GLASS/SILVER BRACELET,8.95,"['midnight', 'blue', 'glass', 'silver', 'bracelet']",Kitchen,Luxury
90010B,BLACK/WHITE GLASS/SILVER BRACELET,8.95,"['black', 'white', 'glass', 'silver', 'bracelet']",Kitchen,Luxury
90010E,AMBER GLASS/SILVER BRACELET,8.95,"['amber', 'glass', 'silver', 'bracelet']",Kitchen,Luxury
90011A,MIDNIGHT BLUE CRYSTAL DROP EARRINGS,2.95,"['midnight', 'crystal', 'drop', 'earring']",Jewellery,Premium
90011B,BLACK CRYSTAL DROP EARRINGS,2.95,"['crystal', 'drop', 'earring']",Jewellery,Premium
90012A,MIDNIGHT BLUE DROP CRYSTAL NECKLACE,2.95,"['midnight', 'drop', 'necklace']",Jewellery,Premium
90012B,BLACK DROP CRYSTAL NECKLACE,2.95,"['drop', 'necklace']",Jewellery,Premium
90013A,MIDNIGHT BLUE VINTAGE EARRINGS,3.75,"['midnight', 'blue', 'vintage', 'earring']",Jewellery,Luxury
90013C,GREEN VINTAGE EARRINGS,3.75,"['vintage', 'earring']",Jewellery,Luxury
90014A,SILVER/MOP ORBIT NECKLACE,9.95,"['silver', 'mop', 'orbit', 'necklace']",Jewellery,Luxury
90014B,GOLD M PEARL  ORBIT NECKLACE,9.95,"['gold', 'm', 'pearl', 'orbit', 'necklace']",Jewellery,Luxury
90014C,SILVER/BLACK ORBIT NECKLACE,9.95,"['silver', 'black', 'orbit', 'necklace']",Jewellery,Luxury
90016A,SILVER/M.O.P PENDANT ORBIT NECKLACE,8.5,"['silver', 'pendant', 'orbit', 'necklace']",Stationery,Luxury
90016B,GOLD/M.O.P PENDANT ORBIT NECKLACE,8.5,"['gold', 'pendant', 'orbit', 'necklace']",Stationery,Luxury
90018A,SILVER M.O.P ORBIT DROP EARRINGS,4.25,"['silver', 'orbit', 'drop', 'earring']",Jewellery,Luxury
90018B,GOLD M.O.P ORBIT DROP EARRINGS,4.25,"['gold', 'orbit', 'drop', 'earring']",Jewellery,Luxury
90018C,SILVER BLACK ORBIT DROP EARRINGS,4.25,"['silver', 'black', 'orbit', 'drop', 'earring']",Jewellery,Luxury
90019A,SILVER M.O.P ORBIT BRACELET,4.95,"['silver', 'orbit', 'bracelet']",Jewellery,Luxury
90019B,GOLD M.O.P ORBIT BRACELET,4.95,"['gold', 'orbit', 'bracelet']",Jewellery,Luxury
90019C,SILVER BLACK ORBIT BRACELET,4.95,"['silver', 'black', 'orbit', 'bracelet']",Jewellery,Luxury
90021,LASER CUT MULTI STRAND NECKLACE,11.95,"['laser', 'cut', 'multi', 'strand', 'necklace']",Jewellery,Luxury
90022,EDWARDIAN DROP EARRINGS JET BLACK,3.75,"['edwardian', 'drop', 'earrings', 'jet', 'black']",Jewellery,Luxury
90023,FILIGREE DIAMANTE EARRINGS,4.25,"['diamante', 'earring']",Jewellery,Luxury
90024B,NEW BAROQUE B'FLY NECKLACE RED,8.5,"['baroque', 'necklace', 'red']",Jewellery,Luxury
90024C,NEW BAROQUE B'FLY NECKLACE GREEN,8.5,"['baroque', 'necklace', 'green']",Jewellery,Luxury
90024D,NEW BAROQUE B'FLY NECKLACE PINK,8.5,"['baroque', 'necklace', 'pink']",Jewellery,Luxury
90024F,NEW BAROQUE B'FLY NECKLACE CRYSTAL,8.5,"['baroque', 'necklace', 'crystal']",Jewellery,Luxury
90025A,BAROQUE BUTTERFLY EARRINGS BLACK,3.75,"['baroque', 'butterfly', 'earring', 'black']",Jewellery,Luxury
90025F,BAROQUE BUTTERFLY EARRINGS CRYSTAL,3.75,"['baroque', 'butterfly', 'earring']",Jewellery,Luxury
90026A,GLASS BEAD HOOP NECKLACE BLACK,8.5,"['glass', 'bead', 'hoop', 'necklace', 'black']",Kitchen,Luxury
90026B,GLASS BEAD HOOP NECKLACE MONTANA,8.5,"['glass', 'bead', 'hoop', 'necklace', 'montana']",Kitchen,Luxury
90026C,GLASS BEAD HOOP NECKLACE GREEN,8.5,"['glass', 'bead', 'hoop', 'necklace', 'green']",Kitchen,Luxury
90026D,GLASS BEAD HOOP NECKLACE AMETHYST,8.5,"['glass', 'bead', 'hoop', 'necklace', 'amethyst']",Kitchen,Luxury
90027A,GLASS BEAD HOOP EARRINGS BLACK,2.95,"['glass', 'bead', 'hoop', 'earring', 'black']",Kitchen,Premium
90027D,GLASS BEAD HOOP EARRINGS AMETHYST,2.95,"['glass', 'bead', 'hoop', 'earring']",Kitchen,Premium
90028,NEW BAROQUE LARGE NECKLACE BLK/WHIT,8.5,"['baroque', 'necklace', 'blk', 'whit']",Jewellery,Luxury
90029,NEW BAROQUE SMALL NECKLACE BLACK,8.5,"['baroque', 'small', 'necklace', 'black']",Jewellery,Luxury
90030A,SPOTTED WHITE NATURAL SEED NECKLACE,1.0,"['white', 'natural', 'seed', 'necklace']",Garden,Standard
90030B,RED KUKUI COCONUT SEED NECKLACE,1.0,"['red', 'kukui', 'coconut', 'seed', 'necklace']",Garden,Standard
90030C,BROWN KUKUI COCONUT SEED NECKLACE,1.0,"['brown', 'kukui', 'coconut', 'seed', 'necklace']",Garden,Standard
90031,BILI NUT AND WOOD NECKLACE,1.0,"['nut', 'wood', 'necklace']",Jewellery,Standard
90032,IVORY SHELL HEART NECKLACE,6.25,"['ivory', 'shell', 'heart', 'necklace']",Home Decor,Luxury
90033,IVORY SHELL HEART EARRINGS,2.55,"['ivory', 'shell', 'heart', 'earrings']",Home Decor,Premium
90035A,"PEARL & SHELL 42""NECKL. GREEN",10.75,"['pearl', 'shell', 'green']",Other,Luxury
90035C,"PEARL & SHELL 42""NECKL. IVORY",10.75,"['pearl', 'shell', 'ivory']",Other,Luxury
90036A,FLOWER GARLAND NECKLACE RED,7.95,"['flower', 'garland', 'necklace', 'red']",Garden,Luxury
90036B,"FLOWER GLASS GARLAND NECKL.36""GREEN",7.95,"['flower', 'glass', 'garland']",Kitchen,Luxury
90036C,"FLOWER GLASS GARLAND NECKL.36""BLUE",7.95,"['flower', 'glass']",Kitchen,Luxury
90036D,"FLOWER GLASS GARLAND NECKL.36""BLACK",7.95,"['flower', 'glass', 'garland']",Kitchen,Luxury
90036E,"FLOWER GLASS GARLD NECKL36""AMETHYST",7.95,"['flower', 'glass', 'garld']",Kitchen,Luxury
90036F,"FLOWER GLASS GARLD NECKL36""TURQUOIS",7.95,"['flower', 'glass', 'garld']",Kitchen,Luxury
90037B,TINY CRYSTAL BRACELET GREEN,2.55,"['crystal', 'bracelet', 'green']",Kitchen,Premium
90038A,GLASS AND PAINTED BEADS BRACELET TO,3.75,"['glass', 'painted', 'beads', 'bracelet']",Kitchen,Luxury
90038B,GLASS AND PAINTED BEADS BRACELET OL,3.75,"['glass', 'painted', 'beads', 'bracelet', 'ol']",Kitchen,Luxury
90038C,GLASS AND BEADS BRACELET IVORY,3.75,"['glass', 'beads', 'bracelet', 'ivory']",Kitchen,Luxury
90039A,FIRE POLISHED GLASS BRACELET RED,3.75,"['fire', 'polished', 'glass', 'bracelet', 'red']",Kitchen,Luxury
90039B,FIRE POLISHED GLASS BRACELET MONTAN,3.75,"['fire', 'polished', 'glass', 'bracelet', 'montan']",Kitchen,Luxury
90039C,FIRE POLISHED GLASS BRACELET BLACK,3.75,"['fire', 'polished', 'glass', 'bracelet', 'black']",Kitchen,Luxury
90039D,FIRE POLISHED GLASS BRACELET GREEN,3.75,"['fire', 'polished', 'glass', 'bracelet', 'green']",Kitchen,Luxury
90040A,MURANO STYLE GLASS BRACELET RED,3.5,"['murano', 'style', 'glass', 'bracelet', 'red']",Kitchen,Premium
90040B,MURANO STYLE GLASS BRACELET BLACK,3.5,"['murano', 'style', 'glass', 'bracelet', 'black']",Kitchen,Premium
90040C,MURANO STYLE GLASS BRACELET GOLD,3.5,"['murano', 'style', 'glass', 'bracelet', 'gold']",Kitchen,Premium
90041,PEARL AND CHERRY QUARTZ BRACLET,3.5,"['pearl', 'cherry', 'quartz', 'braclet']",Other,Premium
90042A,FRESHWATER PEARL BRACELET GOLD,2.55,"['freshwater', 'pearl', 'bracelet', 'gold']",Jewellery,Premium
90043,COPPER AND BRASS BAG CHARM,7.455,"['copper', 'brass', 'bag', 'charm']",Bags,Luxury
90046,WHITE WITH METAL BAG CHARM,4.95,"['metal', 'bag', 'charm']",Bags,Luxury
90048,GREEN WITH METAL BAG CHARM,4.95,"['metal', 'bag', 'charm']",Bags,Luxury
90049,IVORY GOLD METAL BAG CHARM,9.96,"['ivory', 'gold', 'metal', 'bag', 'charm']",Bags,Luxury
90050,CRACKED GLAZE NECKLACE IVORY,6.95,"['glaze', 'necklace', 'ivory']",Jewellery,Luxury
90051,CRACKED GLAZE NECKLACE RED,6.95,"['glaze', 'necklace', 'red']",Jewellery,Luxury
90054,CRACKED GLAZE EARRINGS RED,2.55,"['glaze', 'earring']",Jewellery,Premium
90055,CRACKED GLAZE EARRINGS BROWN,2.55,"['glaze', 'earring', 'brown']",Jewellery,Premium
90057,DIAMANTE RING ASSORTED IN BOX.,1.25,"['diamante', 'ring', 'box']",Jewellery,Standard
90058A,CRYSTAL STUD EARRINGS CLEAR DISPLAY,0.38,"['crystal', 'stud', 'clear', 'display']",Jewellery,Budget
90058B,CRYSTAL STUD EARRINGS ASSORTED COL,0.38,"['crystal', 'stud', 'earrings', 'assorted', 'col']",Jewellery,Budget
90059A,DIAMANTE HAIR GRIP PACK/2 CRYSTAL,1.65,"['diamante', 'hair', 'grip', 'crystal']",Other,Standard
90059B,DIAMANTE HAIR GRIP PACK/2 BLACK DIA,1.65,"['diamante', 'hair', 'grip', 'black', 'dia']",Other,Standard
90059C,DIAMANTE HAIR GRIP PACK/2 MONTANA,1.65,"['diamante', 'hair', 'grip', 'montana']",Other,Standard
90059D,DIAMANTE HAIR GRIP PACK/2 PERIDOT,1.65,"['diamante', 'hair', 'grip']",Other,Standard
90059E,DIAMANTE HAIR GRIP PACK/2 RUBY,1.65,"['diamante', 'hair', 'grip', 'ruby']",Other,Standard
90059F,DIAMANTE HAIR GRIP PACK/2 LT ROSE,1.65,"['diamante', 'hair', 'grip', 'lt', 'rose']",Other,Standard
90060B,FIRE POLISHED GLASS NECKL GOLD,5.95,"['fire', 'polished', 'glass', 'neckl', 'gold']",Kitchen,Luxury
90060D,FIRE POLISHED GLASS NECKL BRONZE,5.95,"['fire', 'polished', 'glass', 'neckl', 'bronze']",Kitchen,Luxury
90062,CARNIVAL BRACELET,12.75,"['carnival', 'bracelet']",Toys,Luxury
90063A,WHITE VINT ART DECO CRYSTAL NECKLAC,8.5,"['white', 'vint', 'art', 'deco', 'crystal']",Other,Luxury
90063B,BLACK VINT ART DEC CRYSTAL NECKLACE,8.5,"['black', 'vint', 'art', 'dec', 'crystal', 'necklace']",Jewellery,Luxury
90064A,WHITE VINTAGE CRYSTAL EARRINGS,3.75,"['white', 'vintage', 'crystal', 'earring']",Jewellery,Luxury
90064B,BLACK VINTAGE  CRYSTAL EARRINGS,3.75,"['black', 'vintage', 'crystal', 'earring']",Jewellery,Luxury
90065A,WHITE VINTAGE CRYSTAL BRACELET,6.75,"['white', 'vintage', 'crystal', 'bracelet']",Jewellery,Luxury
90065B,BLACK VINT ART DEC CRYSTAL BRACELET,6.75,"['black', 'vint', 'art', 'dec', 'crystal', 'bracelet']",Jewellery,Luxury
90067A,PINK VINTAGE VICTORIAN EARRINGS,2.95,"['pink', 'vintage', 'earring']",Jewellery,Premium
90069,RUBY GLASS CLUSTER NECKLACE,7.5,"['ruby', 'glass', 'cluster', 'necklace']",Kitchen,Luxury
90070,RUBY GLASS CLUSTER BRACELET,5.95,"['ruby', 'glass', 'cluster', 'bracelet']",Kitchen,Luxury
90071,RUBY GLASS CLUSTER EARRINGS,1.25,"['ruby', 'glass', 'cluster', 'earring']",Kitchen,Standard
90072,RUBY DROP CHANDELIER EARRINGS,3.75,"['ruby', 'drop', 'chandelier', 'earrings']",Jewellery,Luxury
90073,VINTAGE ENAMEL & CRYSTAL EARRINGS,4.95,"['vintage', 'enamel', 'crystal', 'earring']",Jewellery,Luxury
90074,BLACK DIAMOND CLUSTER NECKLACE,8.95,"['black', 'diamond', 'cluster', 'necklace']",Jewellery,Luxury
90076,MONTANA DIAMOND CLUSTER EARRINGS,2.55,"['montana', 'diamond', 'cluster', 'earrings']",Jewellery,Premium
90078,PINK/WHITE GLASS DEMI CHOKER,7.5,"['glass', 'demi', 'choker']",Kitchen,Luxury
90079,VINTAGE ENAMEL & CRYSTAL NECKLACE,4.95,"['vintage', 'enamel', 'crystal', 'necklace']",Jewellery,Luxury
90081A,LILY BROOCH AMETHYST COLOUR,4.95,"['lily', 'brooch', 'amethyst', 'colour']",Other,Luxury
90081C,LILY BROOCH OLIVE COLOUR,4.95,"['lily', 'brooch', 'olive', 'colour']",Other,Luxury
90082A,DIAMANTE BOW BROOCH GREEN COLOUR,6.35,"['diamante', 'bow', 'brooch', 'green', 'colour']",Other,Luxury
90082B,DIAMANTE BOW BROOCH RED COLOUR,6.35,"['diamante', 'bow', 'brooch', 'red', 'colour']",Other,Luxury
90082D,DIAMANTE BOW BROOCH BLACK COLOUR,6.35,"['diamante', 'bow', 'brooch', 'black', 'colour']",Other,Luxury
90083,CRYSTAL CZECH CROSS PHONE CHARM,1.63,"['crystal', 'czech', 'phone', 'charm']",Electronics,Standard
90084,PINK CRYSTAL GUITAR PHONE CHARM,0.85,"['pink', 'crystal', 'guitar', 'phone', 'charm']",Electronics,Standard
90085,CRYSTAL STILETTO PHONE CHARM,0.85,"['stiletto', 'phone', 'charm']",Electronics,Standard
90086,CRYSTAL FROG PHONE CHARM,1.63,"['crystal', 'phone', 'charm']",Electronics,Standard
90087,CRYSTAL SEA HORSE PHONE CHARM,1.63,"['crystal', 'sea', 'horse', 'phone', 'charm']",Electronics,Standard
90089,PINK CRYSTAL SKULL PHONE CHARM,0.19,"['crystal', 'skull', 'phone', 'charm']",Electronics,Budget
90093,CLEAR CRYSTAL STAR PHONE CHARM,0.85,"['clear', 'crystal', 'star', 'phone', 'charm']",Electronics,Standard
90094,NECKLACE+BRACELET SET FRUIT SALAD,2.55,"['set', 'fruit', 'salad']",Jewellery,Premium
90096,NECKLACE+BRACELET SET BLUE BLOSSOM,2.55,"['set', 'blue', 'blossom']",Jewellery,Premium
90098,NECKLACE+BRACELET PINK BUTTERFLY,2.55,"['pink', 'butterfly']",Jewellery,Premium
90099,NECKLACE+BRACELET SET BLUE HIBISCUS,2.55,"['set', 'blue', 'hibiscus']",Jewellery,Premium
90100,NECKLACE+BRACELET SET PINK DAISY,2.55,"['set', 'pink', 'daisy']",Jewellery,Premium
90101,WHITE FRANGIPANI NECKLACE,2.55,"['white', 'frangipani', 'necklace']",Jewellery,Premium
90102,WHITE FRANGIPANI HAIR CLIP,0.85,"['white', 'frangipani', 'hair', 'clip']",Stationery,Standard
90103,PURPLE FRANGIPANI NECKLACE,2.55,"['frangipani', 'necklace']",Jewellery,Premium
90104,PURPLE FRANGIPANI HAIRCLIP,0.85,"['frangipani', 'hairclip']",Stationery,Standard
90108,BLUE BLOSSOM HAIR CLIP,1.05,"['blue', 'blossom', 'hair', 'clip']",Stationery,Standard
90114,SUMMER DAISIES BAG CHARM,2.55,"['summer', 'daisies', 'bag', 'charm']",Bags,Premium
90116,FRUIT SALAD BAG CHARM,1.69,"['fruit', 'salad', 'bag', 'charm']",Bags,Standard
90118,PINK DAISY BAG CHARM,2.55,"['pink', 'daisy', 'bag', 'charm']",Bags,Premium
90119,METALIC LEAVES BAG CHARMS,2.46,"['bag', 'charms']",Bags,Premium
90120B,BLUE MURANO TWIST BRACELET,4.25,"['blue', 'murano', 'twist', 'bracelet']",Jewellery,Luxury
90120C,GREEN MURANO TWIST BRACELET,4.25,"['murano', 'twist', 'bracelet']",Jewellery,Luxury
90120D,WHITE MURANO TWIST BRACELET,4.25,"['white', 'murano', 'twist', 'bracelet']",Jewellery,Luxury
90122A,PINK CRYSTAL+GLASS BRACELET,4.95,"['pink', 'bracelet']",Kitchen,Luxury
90122B,JADE CRYSTAL+GLASS BRACELET,4.95,['bracelet'],Kitchen,Luxury
90122C,TURQUOISE CRYSTAL+GLASS BRACELET,4.95,"['turquoise', 'bracelet']",Kitchen,Luxury
90123A,PINK HEART OF GLASS BRACELET,5.95,"['heart', 'glass', 'bracelet']",Home Decor,Luxury
90123B,TURQUOISE HEART OF GLASS BRACELET,5.95,"['heart', 'glass', 'bracelet']",Home Decor,Luxury
90123C,GREEN HEART OF GLASS BRACELET,5.95,"['heart', 'glass', 'bracelet']",Home Decor,Luxury
90123D,WHITE HEART OF GLASS BRACELET,5.95,"['white', 'heart', 'glass', 'bracelet']",Home Decor,Luxury
90124A,PINK MURANO TWIST NECKLACE,9.95,"['pink', 'murano', 'twist', 'necklace']",Jewellery,Luxury
90124B,BLUE MURANO TWIST NECKLACE,9.95,"['blue', 'murano', 'twist', 'necklace']",Jewellery,Luxury
90124C,GREEN MURANO TWIST NECKLACE,9.95,"['murano', 'twist', 'necklace']",Jewellery,Luxury
90125A,PINK BERTIE GLASS BEAD BAG CHARM,0.85,"['pink', 'glass', 'bag', 'charm']",Kitchen,Standard
90125B,AQUA BERTIE GLASS BEAD BAG CHARM,2.1,"['glass', 'bag', 'charm']",Kitchen,Premium
90125C,TURQUOISE BERTIE GLASS BEAD CHARM,0.85,"['turquoise', 'glass', 'bead', 'charm']",Kitchen,Standard
90125D,PURPLE BERTIE GLASS BEAD BAG CHARM,0.85,"['glass', 'bag', 'charm']",Kitchen,Standard
90125E,AMBER BERTIE GLASS BEAD BAG CHARM,2.1,"['amber', 'glass', 'bag', 'charm']",Kitchen,Premium
90128B,BLUE LEAVES AND BEADS PHONE CHARM,1.25,"['blue', 'leaves', 'beads', 'phone', 'charm']",Jewellery,Standard
90129A,PINK GLASS TASSLE BAG CHARM,2.95,"['glass', 'bag', 'charm']",Kitchen,Premium
90129B,TURQUOISE GLASS TASSLE BAG CHARM,2.95,"['glass', 'bag', 'charm']",Kitchen,Premium
90129C,GREEN GLASS TASSLE BAG CHARM,2.95,"['glass', 'bag', 'charm']",Kitchen,Premium
90129D,AMBER GLASS TASSLE BAG CHARM,2.95,"['amber', 'glass', 'bag', 'charm']",Kitchen,Premium
90129E,PURPLE GLASS TASSLE BAG CHARM,2.95,"['glass', 'bag', 'charm']",Kitchen,Premium
90129F,RED GLASS TASSLE BAG CHARM,2.95,"['glass', 'bag', 'charm']",Kitchen,Premium
90130A,WHITE STONE/CRYSTAL EARRINGS,2.95,"['white', 'stone', 'crystal', 'earring']",Jewellery,Premium
90130B,TURQ STONE/CRYSTAL EARRINGS,2.95,"['stone', 'crystal', 'earring']",Jewellery,Premium
90131,PINK/AMETHYST/GOLD NECKLACE,6.95,"['amethyst', 'gold', 'necklace']",Jewellery,Luxury
90133,TEAL/FUSCHIA COL BEAD NECKLACE,4.95,"['teal', 'fuschia', 'col', 'bead', 'necklace']",Jewellery,Luxury
90135,ORANGE/WHT/FUSCHIA STONES NECKLACE,4.95,"['orange', 'wht', 'fuschia', 'stones', 'necklace']",Jewellery,Luxury
90136,PALE PINK/AMETHYST STONE NECKLACE,9.95,"['pale', 'pink', 'amethyst', 'stone', 'necklace']",Jewellery,Luxury
90138,WHITE/PINK MINI CRYSTALS NECKLACE,4.95,"['white', 'pink', 'mini', 'crystals', 'necklace']",Jewellery,Luxury
90141A,GREEN PENDANT TRIPLE SHELL NECKLACE,4.95,"['pendant', 'triple', 'shell', 'necklace']",Stationery,Luxury
90141B,IVORY PENDANT TRIPLE SHELL NECKLACE,4.95,"['ivory', 'pendant', 'triple', 'shell', 'necklace']",Stationery,Luxury
90141C,TURQ PENDANT TRIPLE SHELL NECKLACE,4.95,"['pendant', 'triple', 'shell', 'necklace']",Stationery,Luxury
90141D,ROSE PENDANT TRIPLE SHELL NECKLACE,4.95,"['rose', 'pendant', 'triple', 'shell', 'necklace']",Stationery,Luxury
90141E,ORANGE PENDANT TRIPLE SHELL NECKLAC,4.95,"['orange', 'pendant', 'shell', 'necklac']",Stationery,Luxury
90142D,MOP PENDANT SHELL NECKLACE,4.95,"['mop', 'pendant', 'shell', 'necklace']",Stationery,Luxury
90143,SILVER BRACELET W PASTEL FLOWER,7.5,"['silver', 'bracelet', 'w', 'pastel', 'flower']",Garden,Luxury
90144,SILVER DROP EARRINGS WITH FLOWER,3.75,"['drop', 'earring', 'flower']",Garden,Luxury
90145,SILVER HOOP EARRINGS WITH FLOWER,5.95,"['silver', 'hoop', 'earring', 'flower']",Garden,Luxury
90146,FINE SILVER NECKLACE W PASTEL FLOWE,7.5,"['silver', 'necklace', 'w', 'pastel', 'flowe']",Jewellery,Luxury
90147,CHUNKY SILVER NECKLACE PASTEL FLOWE,9.95,"['silver', 'necklace', 'pastel', 'flowe']",Jewellery,Luxury
90148,LONG SILVER NECKLACE PASTEL FLOWER,12.75,"['silver', 'necklace', 'pastel', 'flower']",Garden,Luxury
90149,SILVER FLOWR PINK SHELL NECKLACE,7.5,"['silver', 'flowr', 'pink', 'shell', 'necklace']",Jewellery,Luxury
90151,SILVER/NATURAL SHELL NECKLACE,8.5,"['silver', 'natural', 'shell', 'necklace']",Jewellery,Luxury
90152A,SILVER/NAT SHELL NECKLACE W PENDANT,5.95,"['silver', 'nat', 'shell', 'necklace', 'w', 'pendant']",Stationery,Luxury
90152B,BLUE/GREEN SHELL NECKLACE W PENDANT,5.95,"['blue', 'green', 'shell', 'necklace', 'w', 'pendant']",Stationery,Luxury
90152C,BLUE/NAT SHELL NECKLACE W PENDANT,5.95,"['blue', 'nat', 'shell', 'necklace', 'w', 'pendant']",Stationery,Luxury
90154,LAZER CUT NECKLACE W PASTEL BEADS,8.95,"['lazer', 'cut', 'necklace', 'w', 'pastel', 'bead']",Jewellery,Luxury
90155,RESIN NECKLACE W PASTEL BEADS,7.5,"['resin', 'necklace', 'w', 'pastel', 'bead']",Jewellery,Luxury
90156,RESIN BRACELET W PASTEL BEADS,4.95,"['resin', 'bracelet', 'w', 'pastel', 'bead']",Jewellery,Luxury
90157,RIVIERA NECKLACE,4.95,"['riviera', 'necklace']",Jewellery,Luxury
90158,ST TROPEZ NECKLACE,4.95,"['st', 'tropez', 'necklace']",Jewellery,Luxury
90159,COTE D'AZURE NECKLACE,4.95,['necklace'],Jewellery,Luxury
90160A,PURPLE BOUDICCA LARGE BRACELET,6.95,"['boudicca', 'large', 'bracelet']",Jewellery,Luxury
90160B,RED BOUDICCA LARGE BRACELET,6.95,"['boudicca', 'bracelet']",Jewellery,Luxury
90160C,TURQ+RED BOUDICCA LARGE BRACELET,6.95,"['boudicca', 'bracelet']",Jewellery,Luxury
90160D,PINK BOUDICCA LARGE BRACELET,6.95,"['pink', 'bracelet']",Jewellery,Luxury
90161A,ANT COPPER RED BOUDICCA BRACELET,4.95,"['copper', 'red', 'boudicca', 'bracelet']",Jewellery,Luxury
90161B,ANT COPPER TURQ BOUDICCA BRACELET,4.95,"['copper', 'boudicca', 'bracelet']",Jewellery,Luxury
90161C,ANT COPPER LIME BOUDICCA BRACELET,4.95,"['copper', 'lime', 'boudicca', 'bracelet']",Jewellery,Luxury
90161D,ANT COPPER PINK BOUDICCA BRACELET,4.95,"['copper', 'pink', 'boudicca', 'bracelet']",Jewellery,Luxury
90162A,ANT SILVER TURQUOISE BOUDICCA RING,2.95,"['turquoise', 'boudicca', 'ring']",Jewellery,Premium
90162B,ANT SILVER LIME GREEN BOUDICCA RING,2.95,"['lime', 'boudicca', 'ring']",Jewellery,Premium
90162C,ANT SILVER FUSCHIA BOUDICCA RING,2.95,"['fuschia', 'boudicca', 'ring']",Jewellery,Premium
90162D,ANT SILVER PURPLE BOUDICCA RING,2.95,"['boudicca', 'ring']",Jewellery,Premium
90163A,PINK ROSEBUD & PEARL NECKLACE,7.5,"['pink', 'rosebud', 'pearl', 'necklace']",Jewellery,Luxury
90163B,WHITE ROSEBUD & PEARL NECKLACE,7.5,"['white', 'rosebud', 'pearl', 'necklace']",Jewellery,Luxury
90164A,PINK ROSEBUD PEARL BRACELET,4.725,"['pink', 'rosebud', 'pearl', 'bracelet']",Jewellery,Luxury
90164B,WHITE  ROSEBUD PEARL BRACELET,1.95,"['white', 'rosebud', 'pearl', 'bracelet']",Jewellery,Premium
90165B,WHITE ROSEBUD  PEARL EARRINGS,2.55,"['white', 'rosebud', 'pearl', 'earring']",Jewellery,Premium
90166,PINK & WHITE ROSEBUD RING,4.15,"['pink', 'white', 'rosebud', 'ring']",Jewellery,Luxury
90167,BEADED LOVE HEART JEWELLERY SET,0.85,"['beaded', 'love', 'heart', 'jewellery', 'set']",Home Decor,Standard
90168,2 DAISIES HAIR COMB,2.95,"['daisies', 'hair', 'comb']",Other,Premium
90169,DAISY HAIR COMB,2.55,"['daisy', 'hair', 'comb']",Other,Premium
90170,DAISY HAIR BAND,1.65,"['daisy', 'hair', 'band']",Other,Standard
90173,PAIR BUTTERFLY HAIR CLIPS,3.75,"['pair', 'butterfly', 'hair', 'clips']",Stationery,Luxury
90174,BUTTERFLY HAIR BAND,2.55,"['butterfly', 'hair', 'band']",Other,Premium
90175A,WHITE GLASS CHUNKY CHARM BRACELET,8.95,"['glass', 'charm', 'bracelet']",Kitchen,Luxury
90175C,BLUE GLASS CHUNKY CHARM BRACELET,8.95,"['glass', 'chunky', 'charm', 'bracelet']",Kitchen,Luxury
90175D,TIGRIS EYE CHUNKY CHARM BRACELET,8.95,"['tigris', 'eye', 'chunky', 'charm', 'bracelet']",Jewellery,Luxury
90176A,CLASSIC DIAMANTE NECKLACE JET,7.5,"['classic', 'diamante', 'necklace', 'jet']",Jewellery,Luxury
90176B,DIAMANTE NECKLACE BLACK,7.5,"['diamante', 'necklace', 'black']",Jewellery,Luxury
90176C,DIAMANTE NECKLACE,7.5,"['diamante', 'necklace']",Jewellery,Luxury
90176D,DIAMANTE NECKLACE PURPLE,7.5,"['diamante', 'necklace', 'purple']",Jewellery,Luxury
90176E,DIAMANTE NECKLACE GREEN,7.5,"['diamante', 'necklace', 'green']",Jewellery,Luxury
90177A,CLASSIC DIAMANTE EARRINGS JET,2.95,"['classic', 'diamante', 'earrings', 'jet']",Jewellery,Premium
90177B,DROP DIAMANTE EARRINGS BLACK DIAMON,2.95,"['drop', 'diamante', 'earrings', 'black', 'diamon']",Jewellery,Premium
90177C,DROP DIAMANTE EARRINGS CRYSTAL,2.95,"['drop', 'diamante', 'earring']",Jewellery,Premium
90177D,DROP DIAMANTE EARRINGS PURPLE,2.95,"['drop', 'diamante', 'earring']",Jewellery,Premium
90177E,DROP DIAMANTE EARRINGS GREEN,2.95,"['drop', 'diamante', 'earrings']",Jewellery,Premium
90178A,AMBER CHUNKY GLASS+BEAD NECKLACE,11.95,"['amber', 'chunky', 'necklace']",Kitchen,Luxury
90178B,PURPLE CHUNKY GLASS+BEAD NECKLACE,11.95,"['chunky', 'necklace']",Kitchen,Luxury
90179A,AMBER FINE BEAD NECKLACE W TASSEL,5.95,"['amber', 'bead', 'necklace', 'w', 'tassel']",Jewellery,Luxury
90179C,BLACK FINE BEAD NECKLACE W TASSEL,5.95,"['black', 'fine', 'bead', 'necklace', 'w', 'tassel']",Jewellery,Luxury
90180A,BLACK+WHITE NECKLACE W TASSEL,9.95,"['necklace', 'w', 'tassel']",Jewellery,Luxury
90180B,PURPLE AMETHYST NECKLACE W TASSEL,9.95,"['purple', 'amethyst', 'necklace', 'w', 'tassel']",Jewellery,Luxury
90181A,AMBER GLASS/SHELL/PEARL NECKLACE,8.95,"['amber', 'glass', 'shell', 'pearl', 'necklace']",Kitchen,Luxury
90182C,BLACK 3 BEAD DROP EARRINGS,2.95,"['black', 'bead', 'drop', 'earring']",Jewellery,Premium
90183A,AMBER DROP EARRINGS W LONG BEADS,2.95,"['amber', 'drop', 'earrings', 'w', 'bead']",Jewellery,Premium
90183C,BLACK DROP EARRINGS W LONG BEADS,2.95,"['drop', 'earrings', 'w', 'bead']",Jewellery,Premium
90184A,AMBER CHUNKY BEAD BRACELET W STRAP,8.95,"['amber', 'chunky', 'bead', 'bracelet', 'w', 'strap']",Jewellery,Luxury
90184B,AMETHYST CHUNKY BEAD BRACELET W STR,8.95,"['amethyst', 'chunky', 'bead', 'bracelet', 'w', 'str']",Jewellery,Luxury
90184C,BLACK CHUNKY BEAD BRACELET W STRAP,8.95,"['chunky', 'bead', 'bracelet', 'w', 'strap']",Jewellery,Luxury
90185A,AMBER DIAMANTE EXPANDABLE RING,4.25,"['amber', 'diamante', 'expandable', 'ring']",Jewellery,Luxury
90185B,AMETHYST DIAMANTE EXPANDABLE RING,4.25,"['amethyst', 'diamante', 'expandable', 'ring']",Jewellery,Luxury
90185C,BLACK DIAMANTE EXPANDABLE RING,4.25,"['black', 'diamante', 'expandable', 'ring']",Jewellery,Luxury
90185D,CRYSTAL DIAMANTE EXPANDABLE RING,4.25,"['crystal', 'diamante', 'expandable', 'ring']",Jewellery,Luxury
90186A,AMETHYST HOOP EARRING FLORAL LEAF,2.95,"['amethyst', 'hoop', 'earring', 'floral', 'leaf']",Jewellery,Premium
90186B,CRYSTAL HOOP EARRING FLORAL LEAF,2.95,"['crystal', 'hoop', 'earring', 'floral', 'leaf']",Jewellery,Premium
90187B,GREEN DROP EARRINGS W BEAD CLUSTER,3.35,"['drop', 'earring', 'w', 'bead', 'cluster']",Jewellery,Premium
90188,DROP EARRINGS W FLOWER & LEAF,2.55,"['drop', 'earrings', 'w', 'flower', 'leaf']",Garden,Premium
90189A,SILVER 2 STRAND NECKLACE-LEAF CHARM,7.5,"['silver', 'strand', 'necklace', 'leaf', 'charm']",Jewellery,Luxury
90190A,SILVER/CRYSTAL DROP EARRINGS W LEAF,2.95,"['silver', 'crystal', 'drop', 'earrings', 'w']",Jewellery,Premium
90190B,GOLD/AMBER DROP EARRINGS W LEAF,2.95,"['gold', 'amber', 'drop', 'earrings', 'w']",Jewellery,Premium
90190C,SILVER/AMETHYST DROP EARRINGS LEAF,2.95,"['silver', 'drop', 'earring']",Jewellery,Premium
90191,SILVER LARIAT 40CM,12.75,"['silver', 'lariat']",Other,Luxury
90192,JADE DROP EARRINGS W FILIGREE,4.95,"['drop', 'earring', 'w', 'filigree']",Jewellery,Luxury
90194,SILVER LARIAT BLACK STONE EARRINGS,4.25,"['silver', 'lariat', 'black', 'stone', 'earring']",Jewellery,Luxury
90195A,PURPLE GEMSTONE BRACELET,8.95,"['gemstone', 'bracelet']",Jewellery,Luxury
90195B,BLACK GEMSTONE BRACELET,8.95,"['gemstone', 'bracelet']",Jewellery,Luxury
90196A,PURPLE GEMSTONE NECKLACE 45CM,12.75,"['gemstone', 'necklace']",Jewellery,Luxury
90196B,BLACK GEMSTONE NECKLACE 45CM,12.75,"['black', 'gemstone', 'necklace']",Jewellery,Luxury
90197B,BLACK GLASS BRACELET W HEART CHARMS,4.95,"['glass', 'bracelet', 'w', 'heart', 'charms']",Home Decor,Luxury
90198A,VINTAGE ROSE BEAD BRACELET RASPBERR,4.25,"['vintage', 'rose', 'bead', 'bracelet', 'raspberr']",Jewellery,Luxury
90198B,VINTAGE ROSE BEAD BRACELET BLACK,4.25,"['vintage', 'rose', 'bead', 'bracelet', 'black']",Jewellery,Luxury
90199A,5 STRAND GLASS NECKLACE BLACK,6.35,"['strand', 'glass', 'necklace', 'black']",Kitchen,Luxury
90199B,5 STRAND GLASS NECKLACE AMETHYST,6.35,"['strand', 'glass', 'necklace', 'amethyst']",Kitchen,Luxury
90199C,5 STRAND GLASS NECKLACE CRYSTAL,6.35,"['strand', 'glass', 'necklace', 'crystal']",Kitchen,Luxury
90199D,5 STRAND GLASS NECKLACE AMBER,6.35,"['strand', 'glass', 'necklace', 'amber']",Kitchen,Luxury
90200A,PURPLE SWEETHEART BRACELET,4.25,"['sweetheart', 'bracelet']",Home Decor,Luxury
90200B,BLACK SWEETHEART BRACELET,4.25,"['sweetheart', 'bracelet']",Home Decor,Luxury
90200C,BLUE SWEETHEART BRACELET,4.25,"['blue', 'sweetheart', 'bracelet']",Home Decor,Luxury
90200D,PINK SWEETHEART BRACELET,4.25,"['pink', 'sweetheart', 'bracelet']",Home Decor,Luxury
90200E,GREEN SWEETHEART BRACELET,4.25,"['sweetheart', 'bracelet']",Home Decor,Luxury
90201A,PURPLE ENAMEL FLOWER RING,2.95,"['enamel', 'flower', 'ring']",Garden,Premium
90201B,BLACK ENAMEL FLOWER RING,2.95,"['enamel', 'flower', 'ring']",Garden,Premium
90201C,RED ENAMEL FLOWER RING,2.95,"['enamel', 'flower', 'ring']",Garden,Premium
90201D,GREEN ENAMEL FLOWER RING,2.95,"['enamel', 'flower', 'ring']",Garden,Premium
90202A,PURPLE ENAMEL FLOWER HAIR TIE,2.95,"['enamel', 'flower', 'hair', 'tie']",Garden,Premium
90202B,WHITE ENAMEL FLOWER HAIR TIE,2.95,"['white', 'enamel', 'flower', 'hair', 'tie']",Garden,Premium
90202C,GREEN ENAMEL FLOWER HAIR TIE,2.95,"['enamel', 'flower', 'hair', 'tie']",Garden,Premium
90202D,PINK ENAMEL FLOWER HAIR TIE,2.95,"['pink', 'enamel', 'flower', 'hair', 'tie']",Garden,Premium
90204,PAIR OF ENAMEL BUTTERFLY HAIRCLIP,3.35,"['pair', 'enamel', 'butterfly', 'hairclip']",Stationery,Premium
90205A,LARGE MINT DIAMANTE HAIRSLIDE,1.65,"['mint', 'diamante', 'hairslide']",Other,Standard
90205C,LARGE CRYSTAL DIAMANTE HAIRSLIDE,1.65,"['crystal', 'diamante', 'hairslide']",Other,Standard
90206A,GOLD DIAMANTE STAR BROOCH,4.95,"['gold', 'diamante', 'star', 'brooch']",Other,Luxury
90206C,CRYSTAL DIAMANTE STAR BROOCH,4.95,"['crystal', 'diamante', 'star', 'brooch']",Other,Luxury
90208,PAIR OF PINK FLOWER CLUSTER SLIDE,2.55,"['pair', 'pink', 'flower', 'cluster', 'slide']",Garden,Premium
90209A,PURPLE ENAMEL+GLASS HAIR COMB,2.1,"['hair', 'comb']",Kitchen,Premium
90209B,GREEN ENAMEL+GLASS HAIR COMB,2.1,"['hair', 'comb']",Kitchen,Premium
90209C,PINK ENAMEL+GLASS HAIR COMB,2.1,"['pink', 'hair', 'comb']",Kitchen,Premium
90210A,GREY ACRYLIC FACETED BANGLE,1.25,"['grey', 'acrylic', 'faceted', 'bangle']",Other,Standard
90210B,CLEAR ACRYLIC FACETED BANGLE,2.1,"['clear', 'acrylic', 'faceted', 'bangle']",Other,Premium
90210C,RED   ACRYLIC FACETED BANGLE,1.25,"['red', 'acrylic', 'faceted', 'bangle']",Other,Standard
90210D,PURPLE ACRYLIC FACETED BANGLE,1.25,"['purple', 'acrylic', 'faceted', 'bangle']",Other,Standard
90211A,DIAMOND LAS VEGAS NECKLACE 45CM,5.95,"['diamond', 'las', 'vegas', 'necklace']",Jewellery,Luxury
90211B,JET BLACK LAS VEGAS NECKLACE 45CM,5.95,"['jet', 'black', 'las', 'vegas', 'necklace']",Jewellery,Luxury
90212B,JET BLACK LAS VEGAS BRACELET ROUND,3.75,"['jet', 'black', 'las', 'vegas', 'bracelet', 'round']",Jewellery,Luxury
90212C,PURPLE LAS VEGAS BRACELET ROUND,3.75,"['las', 'vegas', 'bracelet', 'round']",Jewellery,Luxury
90214A,"LETTER ""A"" BLING KEY RING",1.25,"['bling', 'key', 'ring']",Jewellery,Standard
90214B,"LETTER ""B"" BLING KEY RING",0.77,"['b', 'bling', 'key', 'ring']",Jewellery,Budget
90214C,"LETTER ""C"" BLING KEY RING",1.25,"['c', 'bling', 'key', 'ring']",Jewellery,Standard
90214D,"LETTER ""D"" BLING KEY RING",1.25,"['d', 'bling', 'key', 'ring']",Jewellery,Standard
90214E,"LETTER ""E"" BLING KEY RING",1.25,"['e', 'bling', 'key', 'ring']",Jewellery,Standard
90214F,"LETTER ""F"" BLING KEY RING",0.29,"['f', 'bling', 'key', 'ring']",Jewellery,Budget
90214G,"LETTER ""G"" BLING KEY RING",1.25,"['g', 'bling', 'key', 'ring']",Jewellery,Standard
90214H,"LETTER ""H"" BLING KEY RING",1.25,"['h', 'bling', 'key', 'ring']",Jewellery,Standard
90214I,"LETTER ""I"" BLING KEY RING",0.29,"['bling', 'key', 'ring']",Jewellery,Budget
90214J,"LETTER ""J"" BLING KEY RING",1.25,"['letter', 'j', 'bling', 'key', 'ring']",Jewellery,Standard
90214K,"LETTER ""K"" BLING KEY RING",1.25,"['k', 'bling', 'key', 'ring']",Jewellery,Standard
90214L,"LETTER ""L"" BLING KEY RING",1.25,"['l', 'bling', 'key', 'ring']",Jewellery,Standard
90214M,"LETTER ""M"" BLING KEY RING",1.25,"['letter', 'm', 'bling', 'key', 'ring']",Jewellery,Standard
90214N,"LETTER ""N"" BLING KEY RING",1.25,"['n', 'bling', 'key', 'ring']",Jewellery,Standard
90214O,"LETTER ""O"" BLING KEY RING",0.29,"['bling', 'key', 'ring']",Jewellery,Budget
90214P,"LETTER ""P"" BLING KEY RING",0.77,"['p', 'bling', 'key', 'ring']",Jewellery,Budget
90214R,"LETTER ""R"" BLING KEY RING",0.77,"['r', 'bling', 'key', 'ring']",Jewellery,Budget
90214S,"LETTER ""S"" BLING KEY RING",0.77,"['letter', 's', 'bling', 'key', 'ring']",Jewellery,Budget
90214T,"LETTER ""T"" BLING KEY RING",0.29,"['letter', 't', 'bling', 'key', 'ring']",Jewellery,Budget
90214U,"LETTER ""U"" BLING KEY RING",0.29,"['u', 'bling', 'key', 'ring']",Jewellery,Budget
90214V,"LETTER ""V"" BLING KEY RING",1.25,"['v', 'bling', 'key', 'ring']",Jewellery,Standard
90214W,"LETTER ""W"" BLING KEY RING",0.29,"['w', 'bling', 'key', 'ring']",Jewellery,Budget
90214Y,"LETTER ""Y"" BLING KEY RING",0.29,"['letter', 'y', 'bling', 'key', 'ring']",Jewellery,Budget
90214Z,"LETTER ""Z"" BLING KEY RING",0.29,"['z', 'bling', 'key', 'ring']",Jewellery,Budget
BANK CHARGES,Bank Charges,15.0,"['bank', 'charge']",Other,Luxury
C2,CARRIAGE,50.0,['carriage'],Toys,Luxury
DOT,DOTCOM POSTAGE,715.85,"['dotcom', 'postage']",Other,Luxury
M,Manual,1.5,['manual'],Other,Standard
PADS,PADS TO MATCH ALL CUSHIONS,0.001,"['match', 'cushion']",Other,Budget
POST,POSTAGE,18.0,['postage'],Other,Luxury
